Job_Number,Job_Type,Job_Status,BIN,BBL,Boro,AddressNum,AddressSt,CompltYear,PermitYear,ClassAInit,ClassAProp,ClassANet,Units_CO,DateFiled,DatePermit,DateComplt,Bldg_Class,Job_Desc,hdb_completed,hdb_address,hdb_match_via,hdb_bbl_used,our_bbl,hdb_bbl_is_historic,matched_bin,bin_attach
B00489656,New Building,3. Permitted for Construction,3428980,3039500007,3,221,BARBEY STREET,,2022.0,0.0,2,2.0,,2021-03-30,2022-03-10,,2 Family,PROPOSED NEW THREE STORIES TWO FAMILY DWELLINGS WITH CELLAR,False,221 BARBEY STREET,bbl,3039500007,3039500007,False,,no_footprint
B00490609,Alteration,5. Completed Construction,3089143,3040130009,3,2300,PITKIN AVENUE,2023.0,2022.0,2.0,3,1.0,3.0,2021-05-12,2022-06-13,2023-10-24,3 Family,PROPOSE CHANGE FROM 2 DU TO 3DU. AND REPAIR 3RD FLOOR FIRE DAMAGE APARTMENT.,True,2300 PITKIN AVENUE,bin,3040130009,3040130009,False,3089143,hdb_bin
B00497330,New Building,5. Completed Construction,3428982,3041530027,3,25,MILFORD STREET,2024.0,2023.0,0.0,2,2.0,2.0,2021-04-28,2023-04-04,2024-04-09,2 Family,NEW 3-STORY 2-FAMILY HOUSE,True,25 MILFORD STREET,bbl,3041530027,3041530027,False,,no_footprint
B00512095,New Building,2. Approved Application,3328367,3039600065,3,3141,ATLANTIC AVENUE,,,0.0,8,8.0,,2021-05-16,,,Other,PROPOSED NEW FIVE (5) STORY WITH CELLAR.  MIXED-USE BUILDING. MECHANICAL (MH) STRUCTURAL (ST) PLUMBING/SPRINKLER/STANDPIPE (PL/SP/SD) FIRE ALARM(FA) & BPP FILED SEPERATELY. 8 CLASS A DWELLING,False,3141 ATLANTIC AVENUE,bin,3039600065,3039600065,False,3328367,hdb_bin
B00546778,Alteration,1. Filed Application,3083269,3036690010,3,43,SHEFFIELD AVENUE,,,0.0,8,8.0,,2021-08-25,,,Other,HEREWITH FILING AN ALT-1 TO SUPERSEDE EXPIRED ALT 1 APP #321144392 IN ORDER TO CONVERT EXISTING THREE STORY & CELLAR 12 (TWELVE) UNIT TRANSIENT HOTEL TO A 8 (EIGHT) DWELLING UNIT APARTMENT BUILDING. PER ATTACHED AI1. OBTAIN NEW CERTIFICATE OF OCCUPANCY,False,43 SHEFFIELD AVENUE,bin,3036690010,3036690010,False,3083269,hdb_bin
B00569207,Alteration,5. Completed Construction,3328465,3039930001,3,2219,PITKIN AVENUE,2025.0,2023.0,16.0,16,0.0,16.0,2021-09-29,2023-08-18,2025-08-26,Other,FILING TO AMEND CURRENT C of O TO CORRECT NUMBER OF PROPOSED PARKING SPACES TO EXSITING INDOOR PARKING GARAGE AS INDICATED. THERE WILL BE NO CHANGE IN USE EGRESS OR OCCUPANCY TO EXISTING RESIDENTIAL BUILDING.,True,2219 PITKIN AVENUE,bin,3039930001,3039930001,False,3328465,hdb_bin
B00583382,Alteration,5. Completed Construction,3083924,3037380005,3,271,PENNSYLVANIA AVENUE,2025.0,,0.0,8,8.0,8.0,2021-08-30,,2025-10-16,Other,TWO STORY AND PENTHOUSE VERTICAL ENLARGEMENT TO AN EXISTING TWO STORY BUILDING,True,271 PENNSYLVANIA AVENUE,bin,3037380005,3037380005,False,3083924,hdb_bin
B00584279,New Building,5. Completed Construction,3430036,3039710050,3,731,LIBERTY AVENUE,2023.0,2022.0,0.0,10,10.0,10.0,2021-11-10,2022-05-24,2023-05-25,Other,PROPOSED FOUR (4) STORY WITH PENTHOUSE MIXED-USE BUILDING.,True,731 LIBERTY AVENUE,bin,3039710050,3039710050,False,3430036,hdb_bin
B00594970,New Building,5. Completed Construction,3429466,3039890001,3,365,SHEPHERD AVENUE,2025.0,2022.0,0.0,123,123.0,123.0,2021-11-15,2022-12-21,2025-04-24,Other,An affordable housing project. A (7) story new building with (123) dwelling units in total. A mixed use of (105) UG2 + (10) UG3 + (8) AIRS units,True,365 SHEPHERD AVENUE,bin,3039890001,3039890001,False,3429466,hdb_bin
B00564023,Alteration,3. Permitted for Construction,3336981,3037240029,3,2165,PITKIN AVENUE,,2024.0,16.0,16,0.0,,2021-09-30,2024-06-11,,Other,FILING TO AMEND CURRENT C of O TO CORRECT NUMBER OF PROPOSED PARKING SPACES TO EXSITING PARKING LOT AND TO CREATE A WASTE MANAGEMENT AREA AND FENCING AS INDICATED. THERE WILL BE NO CHANGE IN USE EGRESS OR OCCUPANCY TO EXISTING RESIDENTIAL BUILDING.,False,2165 PITKIN AVENUE,bin,3037240029,3037240029,False,3336981,hdb_bin
B00610324,New Building,5. Completed Construction,3088713,3039880028,3,360,SHEPHERD AVENUE,2025.0,2022.0,0.0,64,64.0,64.0,2021-10-28,2022-06-08,2025-02-13,Other,PROPOSED NEW EIGHT STORY & CELLAR MIXED USE BUILDING.,True,360 SHEPHERD AVENUE,bbl,3039880028,3039880028,False,,no_footprint
B00623780,Alteration,5. Completed Construction,3083864,3037240001,3,255,WYONA STREET,2025.0,,1.0,2,1.0,2.0,2021-11-24,,2025-09-29,2 Family,PARTIAL DEMOLITION HORIZONTAL EXTENSION AND CONVERSION INTO TWO FAMILY. INTERIOR AND EXTERIOR RENOVATION.,True,255 WYONA STREET,bin,3037240001,3037240001,False,3083864,hdb_bin
B00622896,New Building,5. Completed Construction,3427363,3039460045,3,2767,ATLANTIC AVENUE,2024.0,2022.0,0.0,41,41.0,41.0,2021-11-04,2022-03-04,2024-02-22,Other,PROPOSING 8 STORY MIXED USE BUILDING,True,2767 ATLANTIC AVENUE,bin,3039460045,3039460045,False,3427363,hdb_bin
B00601830,New Building,3. Permitted for Construction,3421671,3040150015,3,431,WARWICK STREET,,2022.0,0.0,9,9.0,,2021-10-07,2022-06-09,,Other,PROPOSED (3) THREE STORY & PENTHOUSE MULTIPLE FAMILY DWELLING,False,431 WARWICK STREET,bbl,3040150015,3040150015,False,,no_footprint
B00640786,New Building,5. Completed Construction,3428952,3041437502,3,254,EUCLID AVENUE,2025.0,2022.0,0.0,436,436.0,436.0,2021-12-27,2022-12-29,2025-04-16,Other,CONSTRUCT NEW FOURTEEN (14) STORY MIXED USE BUILDING AS PER PLANS FILED.,True,254 EUCLID AVENUE,bbl,3041437502,3041437502,False,,no_footprint
B00644465,New Building,3. Permitted for Construction,3822638,3036880004,3,197,NEW JERSEY AVENUE,,2022.0,0.0,9,9.0,,2021-12-17,2022-10-26,,Other,HEREWITH FILE A NEW BUILDING FOR 4 STORY WITH PENTHOUSE 9 FAMILY DWELLING. OBTAIN A CERTIFICATE OF OCCUPANCY.,False,197 NEW JERSEY AVENUE,bbl,3036880004,3036880004,False,,no_footprint
B00624645,New Building,5. Completed Construction,3427362,3039460042,3,2777,ATLANTIC AVENUE,2024.0,2022.0,0.0,63,63.0,63.0,2021-11-04,2022-03-24,2024-02-14,Other,PROPOSING 8 STORY MIXED USE BUILDING,True,2777 ATLANTIC AVENUE,bin,3039460042,3039460042,False,3427362,hdb_bin
B00652243,New Building,5. Completed Construction,3395220,3036620048,3,2715,FULTON STREET,2023.0,2022.0,0.0,60,60.0,60.0,2021-12-22,2022-06-01,2023-10-03,Other,Proposed 8 story mixed use building. Total of 60 residential units.,True,2715 FULTON STREET,bin,3036620048,3036620048,False,3395220,hdb_bin
B00660471,New Building,1. Filed Application,3401138,3036630048,3,2719,FULTON STREET,,,0.0,10,10.0,,2022-02-16,,,Other,NEW 6 STORY MIXED-USE BUILDING  COMMERCIAL AT 1ST FLOOR AND RESIDENTIAL 2-6 FLOORS,False,2719 FULTON STREET,bin,3036630048,3036630048,False,3401138,hdb_bin
B00673635,New Building,5. Completed Construction,3427416,3039650011,3,2886,ATLANTIC AVENUE,2024.0,2022.0,0.0,183,183.0,183.0,2022-02-18,2022-08-11,2024-05-02,Other,Proposed ten (10) story + cellar mixed-use building.,True,2886 ATLANTIC AVENUE,bin,3039650011,3039650011,False,3427416,hdb_bin
B00699404,New Building,5. Completed Construction,3427033,3036610001,3,2667,FULTON STREET,2024.0,2022.0,0.0,110,110.0,110.0,2022-03-16,2022-06-02,2024-09-05,Other,PROPOSING NEW 9 STORY MIXED USE BUILDING,True,2667 FULTON STREET,bin,3036610001,3036610001,False,3427033,hdb_bin
B00670629,New Building,5. Completed Construction,3430123,3039890016,3,786,LIBERTY AVENUE,2025.0,2022.0,0.0,54,54.0,54.0,2022-01-31,2022-06-09,2025-05-06,Other,Proposing new 8 story & cellar residential building,True,786 LIBERTY AVENUE,bbl,3039890016,3039890016,False,,no_footprint
B00683623,New Building,3. Permitted for Construction,3339353,3036710038,3,2683,ATLANTIC AVENUE,,2022.0,0.0,229,229.0,,2022-02-27,2022-05-27,,Other,PROPOSING NEW 13 STORY BUILDING,False,2683 ATLANTIC AVENUE,bin,3036710038,3036710038,False,3339353,hdb_bin
B00709512,New Building,3. Permitted for Construction,3430199,3036740042,3,2745,ATLANTIC AVENUE,,2022.0,0.0,150,150.0,,2022-04-27,2022-06-10,,Other,PROPOSED 14 STORY MIXED USE BUILDING,False,2745 ATLANTIC AVENUE,bin,3036740042,3036740042,False,3430199,hdb_bin
B00733362,New Building,2. Approved Application,3848366,3040030001,3,455,LINWOOD STREET,,,0.0,3,3.0,,2022-05-20,,,3 Family,PROPOSED NEW THREE (3) STORY THREE (3) FAMILY RESIDENTIAL BUILDING.,False,455 LINWOOD STREET,bbl,3040030001,3040030001,False,,no_footprint
B00734382,New Building,5. Completed Construction,3429826,3037030035,3,180,PENNSYLVANIA AVENUE,2025.0,2024.0,0.0,50,50.0,50.0,2022-06-13,2024-01-25,2025-04-01,Other,PROPOSED 8 STORY RESIDENTIAL NEW BUILDING WITH 50 DWELLING UNITS,True,180 PENNSYLVANIA AVENUE,bin,3037030035,3037030035,False,3429826,hdb_bin
B00735349,New Building,1. Filed Application,3429379,3037080035,3,489,GLENMORE AVENUE,,,0.0,3,3.0,,2022-05-31,,,3 Family,HEREWITH TO PROPOSE A 3 STORY 3 FAMILY NEW BUILDING (2 TAX LOTS 1 ZONING LOT),False,489 GLENMORE AVENUE,bbl,3037080035,3037080035,False,,no_footprint
B00735907,New Building,3. Permitted for Construction,3336148,3039570053,3,3051,ATLANTIC AVENUE,,2024.0,0.0,49,49.0,,2022-05-13,2024-08-06,,Other,Proposed a new 12 story residential building.,False,3051 ATLANTIC AVENUE,bin,3039570053,3039570053,False,3336148,hdb_bin
B00739051,New Building,5. Completed Construction,3430356,3036900015,3,2738,ATLANTIC AVENUE,2025.0,2024.0,0.0,10,10.0,10.0,2022-05-17,2024-08-12,2025-11-20,Other,PROPOSED 4 STORY & CELLAR MIXED USE BUILDING.,True,2738 ATLANTIC AVENUE,bin,3036900015,3036900015,False,3430356,hdb_bin
B00797125,Alteration,3. Permitted for Construction,3089159,3040140011,3,2322,PITKIN AVENUE,,,0.0,2,2.0,,2022-11-14,,,Other,VERTICAL ENLARGEMENT OF EXISTING ONE STORY COMMERCIAL BUILDING TO ACCOMODATE TWO NEW APARTMENTS.,False,2322 PITKIN AVENUE,bin,3040140011,3040140011,False,3089159,hdb_bin
B00825941,New Building,1. Filed Application,3815673,3039440005,3,3069,FULTON STREET,,,0.0,4,4.0,,2023-07-14,,,Other,PROPOSED 3 STORY MIXED USE BUILDING PER PLANS.,False,3069 FULTON STREET,bbl,3039440005,3039440005,False,,no_footprint
B00844107,Alteration,5. Completed Construction,3336161,3040020028,3,470,LINWOOD STREET,2024.0,2023.0,2.0,3,1.0,3.0,2023-03-31,2023-08-18,2024-11-06,2 Family,Conversion of 2-family house to 3-family house and associated interior work per plans herewith.,True,470 LINWOOD STREET,bin,3040020028,3040020028,False,3336161,hdb_bin
B00803674,New Building,5. Completed Construction,3429533,3037230024,3,240,WYONA STREET,2025.0,2024.0,0.0,2,2.0,2.0,2023-04-01,2024-02-12,2025-04-10,2 Family,PROPOSED NEW THREE-STORY TWO-FAMILY BUILDING.,True,240 WYONA STREET,bbl,3037230024,3037230024,False,,no_footprint
B00803713,New Building,5. Completed Construction,3429876,3037230023,3,238,WYONA STREET,2025.0,2024.0,0.0,2,2.0,2.0,2023-04-01,2024-02-12,2025-08-28,2 Family,PROPOSED NEW THREE-STORY TWO-FAMILY BUILDING.  238 WYONA STREET = LOT 23,True,238 WYONA STREET,bbl,3037230023,3037230023,False,,no_footprint
B00854563,New Building,5. Completed Construction,3425861,3041530028,3,23,MILFORD STREET,2024.0,2023.0,0.0,2,2.0,2.0,2023-05-17,2023-10-17,2024-11-06,2 Family,NEW 3-STORY 2-FAMILY HOUSE,True,23 MILFORD STREET,bbl,3041530028,3041530028,False,,no_footprint
B00839230,Demolition,5. Completed Construction,3094594,3042090039,3,2611,PITKIN AVENUE,2024.0,2024.0,2.0,0,-2.0,,2023-04-03,2024-06-04,2024-06-04,3 Family,Full Demolition of building 2 floors plus cellar,True,2611 PITKIN AVENUE,bbl,3042090039,3042090039,False,,no_footprint
B00839331,Demolition,5. Completed Construction,3094595,3042090040,3,2609,PITKIN AVENUE,2024.0,2024.0,1.0,0,-1.0,,2023-04-03,2024-06-04,2024-06-04,Other,Full Demolition of building 2 floors plus cellar,True,2609 PITKIN AVENUE,bbl,3042090040,3042090040,False,,no_footprint
B00839367,Demolition,5. Completed Construction,3094596,3042090041,3,2605,PITKIN AVENUE,2024.0,2024.0,1.0,0,-1.0,,2023-03-30,2024-06-04,2024-06-04,Other,Full Demolition of building 2 floors plus cellar,True,2605 PITKIN AVENUE,bbl,3042090041,3042090041,False,,no_footprint
B00840229,Alteration,5. Completed Construction,3336137,3039460037,3,2789,ATLANTIC AVENUE,2024.0,2023.0,2.0,0,-2.0,0.0,2023-03-28,2023-07-26,2024-04-22,Other,Conversion of an existing 3-sty and cellar mixed use building into a daycare facility. Obtain a new certificate of occupancy.,True,2789 ATLANTIC AVENUE,bin,3039460037,3039460037,False,3336137,hdb_bin
B00867121,Alteration,2. Approved Application,3093161,3041540019,3,303,LOGAN STREET,,,1.0,2,1.0,,2023-05-16,,,2 Family,Propose to convert from 1 to 2 family house propose vertical extension propose new entrance from rear to cellar  propose new front entrance to cellar  propose new driveway,False,303 LOGAN STREET,bin,3041540019,3041540019,False,3093161,hdb_bin
B00891256,New Building,1. Filed Application,3421672,3040150015,3,433,WARWICK STREET,,,0.0,3,3.0,,2023-06-28,,,3 Family,PROPOSED (3) THREE STORY & CELLAR (3) FAMILY DWELLING AS PER PLANS FILED HEREWITH.,False,433 WARWICK STREET,bbl,3040150015,3040150015,False,,no_footprint
B00899061,New Building,3. Permitted for Construction,3429638,3041900012,3,391,LOGAN STREET,,2024.0,0.0,2,2.0,,2023-07-13,2024-03-14,,3 Family,Application to file new two family house as per drawings.,False,391 LOGAN STREET,bbl,3041900012,3041900012,False,,no_footprint
B00909222,New Building,3. Permitted for Construction,3843137,3036640047,3,2757,FULTON STREET,,2025.0,0.0,8,8.0,,2023-08-01,2025-04-22,,Other,8 DU 4-STY NB. NO CHANGE TO USE EGRESS OR OCCUPANCY.,False,2757 FULTON STREET,bbl,3036640047,3036640047,False,3430480,lot_single_bin
B00910817,New Building,3. Permitted for Construction,3083216,3036640046,3,2759,FULTON STREET,,2025.0,0.0,8,8.0,,2023-08-01,2025-04-22,,Other,PROPOSE 8 DU 4-STY MIXED USE NB.,False,2759 FULTON STREET,bin,3036640046,3036640046,False,3083216,hdb_bin
B00924193,Alteration,1. Filed Application,3087909,3039520004,3,245,WARWICK STREET,,,2.0,2,0.0,,2023-10-03,,,2 Family,,False,245 WARWICK STREET,bin,3039520004,3039520004,False,3087909,hdb_bin
B00936591,Demolition,5. Completed Construction,3380644,3041930129,3,30,DOSCHER STREET,2025.0,2025.0,2.0,0,-2.0,,2024-11-07,2025-11-07,2025-11-07,1 Family,,True,30 DOSCHER STREET,bbl,3041930129,3041930129,False,,no_footprint
B00938073,Demolition,5. Completed Construction,3088579,3039810035,3,605,GLENMORE AVENUE,2024.0,2024.0,1.0,0,-1.0,,2023-11-01,2024-10-15,2024-10-15,2 Family,full demolition of 3 1/2 story structure,True,605 GLENMORE AVENUE,bbl,3039810035,3039810035,False,3380485,lot_single_bin
B00931958,New Building,2. Approved Application,3429729,3040130016,3,352,JEROME STREET,,,0.0,19,19.0,,2023-09-20,,,Other,PROPOSED 7-MIXED USE NEW BUILDING WITH CELLAR.,False,352 JEROME STREET,bbl,3040130016,3040130016,False,,no_footprint
B00935073,Alteration,3. Permitted for Construction,3042079,3015440048,3,111,TRUXTON STREET,,,3.0,3,0.0,,2023-10-06,,,3 Family,Rear horizontal enlargement. Interior demolition work as per plan. General construction work as per plan. New Certificate of Occupancy.,False,111 TRUXTON STREET,bin,3015440048,3015440048,False,3042079,hdb_bin
B00942812,New Building,3. Permitted for Construction,3094594,3042090039,3,2611,PITKIN AVENUE,,2024.0,0.0,39,39.0,,2024-01-11,2024-12-05,,Other,New 8 story building,False,2611 PITKIN AVENUE,bbl,3042090039,3042090039,False,,no_footprint
B00972461,New Building,3. Permitted for Construction,3429718,3041430003,3,275,CHESTNUT STREET,,2025.0,0.0,327,327.0,,2024-01-29,2025-09-25,,Other,CONSTRUCT NEW FOURTEEN (14) STORY MIXED-USE BUILDING AS PER PLANS FILED.,False,275 CHESTNUT STREET,bbl,3041430003,3041430003,False,,no_footprint
B00961928,Alteration,1. Filed Application,3038828,3014440035,3,1709,EAST NEW YORK AVENUE,,,2.0,3,1.0,,2024-01-04,,,3 Family,Proposed conversion of existing two [2] family + commercial building to a three [3] family residential use building.,False,1709 EAST NEW YORK AVENUE,bin,3014440035,3014440035,False,3038828,hdb_bin
B00961930,New Building,1. Filed Application,3853557,3039570004,3,207,ESSEX STREET,,,0.0,4,4.0,,2023-11-16,,,Other,PROPOSED NEW FOUR (4) FAMILY RESIDENTIAL BUILDING,False,207 ESSEX STREET,bbl,3039570004,3039570004,False,,no_footprint
B00964643,Alteration,2. Approved Application,3088460,3039760053,3,50,MILFORD STREET,,,1.0,2,1.0,,2023-12-18,,,2 Family,INTERIOR RENOVATION WITH INSTALLTION OF NEW OPENING ON 1ST FLOOR TO OBTAIN CERTIFICATE OF OCCUPANCY FOR 2 FAMILY HOUSE,False,50 MILFORD STREET,bin,3039760053,3039760053,False,3088460,hdb_bin
B00990896,Alteration,5. Completed Construction,3327134,3039760027,3,19,MONTAUK AVENUE,2025.0,2024.0,0.0,59,59.0,59.0,2024-01-23,2024-05-15,2025-02-25,Other,INTERIOR RENOVATION CONVERTING EXISTING COMMERCIAL 3 STORY BUILDING INTO RESIDENTIAL BUILDING,True,19 MONTAUK AVENUE,bin,3039760027,3039760027,False,3327134,hdb_bin
B01009693,Alteration,5. Completed Construction,3389541,3040120014,3,396,BARBEY STREET,2025.0,2024.0,2.0,10,8.0,10.0,2024-02-26,2024-12-02,2025-03-04,Other,PROPOSING CONVERSION TO AN EXISTING 2 STORY AND BASEMENT RESIDENTIAL BUILDING. EXISTING 2 UNITS PROPOSING TOTAL OF 10 RESIDENTIAL UNITS. NO CHANGE IN BULK.,True,396 BARBEY STREET,bin,3040120014,3040120014,False,3389541,hdb_bin
B01017609,Alteration,3. Permitted for Construction,3094672,3042120028,3,58,DOSCHER STREET,,2024.0,1.0,2,1.0,,2024-03-15,2024-11-12,,1 Family,FILED FOR HORIZONTAL EXTENSION AND CONVERSION EXISTING (1) FAMILY DWELLING TO (2) FAMILY DWELLING AS PER PLAN. OBTAIN NEW C.OF O.,False,58 DOSCHER STREET,bin,3042120028,3042120028,False,3094672,hdb_bin
B01020374,Alteration,2. Approved Application,3094265,3041920036,3,418,CHESTNUT STREET,,,2.0,2,0.0,,2024-05-02,,,2 Family,Proposed alteration to two (2) family house to create lower-level accessory use cellar as per plans INCLUDING NEW VESTIBUL ENLARGEMENT AT REAR YARD (41 Sq. Ft.).,False,418 CHESTNUT STREET,bin,3041920036,3041920036,False,3094265,hdb_bin
B01031333,Alteration,1. Filed Application,3341486,3039870014,3,728,LIBERTY AVENUE,,,6.0,4,-2.0,,2025-03-07,,,Other,Interior work filed separately under separate application(s).  Acquisition of new Certificate of Occupancy.,False,728 LIBERTY AVENUE,bin,3039870014,3039870014,False,3341486,hdb_bin
B00993118,New Building,3. Permitted for Construction,3328369,3039630021,3,204,SCHENCK AVENUE,,2024.0,0.0,7,7.0,,2024-01-26,2024-04-18,,Other,NEW BUILDING APPLICATION - PROPOSING SEVEN (7)  FAMILY  FOUR (4) STORY WITH CELLAR RESIDENTIAL BUILDING,False,204 SCHENCK AVENUE,bbl,3039630021,3039630021,False,,no_footprint
B00994203,Alteration,5. Completed Construction,3088454,3039760043,3,22,MILFORD STREET,2024.0,2024.0,0.0,43,43.0,43.0,2024-01-23,2024-05-15,2024-12-26,Other,PROPOSED INTERIOR RENOVATION CONVERTING EXISTING COMMERCIAL BUILDING INTO A 3 STORY RESIDENTIAL BUILDING,True,22 MILFORD STREET,bin,3039760043,3039760043,False,3088454,hdb_bin
B01034786,Alteration,1. Filed Application,3088255,3039610009,3,2770,ATLANTIC AVENUE,,,2.0,2,0.0,,2024-05-31,,,Other,PROPOSE TO CONVERT EXISTING  EATING AND DRINKING ESTABLISHMENT  AT FIRST FLOOR TO TIRE REPAIR SHOP.,False,2770 ATLANTIC AVENUE,bin,3039610009,3039610009,False,3088255,hdb_bin
B01044650,New Building,1. Filed Application,3088440,3039760009,3,65,MONTAUK AVENUE,,,0.0,1,1.0,,2024-11-27,,,2 Family,PROPOSED NEW 3 STORY RESIDENTIAL BUILDING,False,65 MONTAUK AVENUE,bin,3039760009,3039760009,False,3088440,hdb_bin
B01076614,Alteration,1. Filed Application,3391080,3039940116,3,332,HENDRIX STREET,,,2.0,3,1.0,,2024-08-13,,,3 Family,FILING FOR CONVERTING MEZZANINE INTO 3RD FLOOR AND CONVERT FROM 2 TO 3 CLASS 'A' APARTMENTS,False,332 HENDRIX STREET,bin,3039940116,3039940116,False,3391080,hdb_bin
B01088015,Demolition,5. Completed Construction,3093133,3041530044,3,278,LOGAN STREET,2024.0,2024.0,1.0,0,-1.0,,2024-07-30,2024-11-21,2024-11-21,1 Family,hand demolition of FULLY DETACHED RESIDENTIAL 1 FAMILY HOUSE,True,278 LOGAN STREET,bbl,3041530044,3041530044,False,,no_footprint
B01091813,New Building,1. Filed Application,3824242,3042100034,3,2647,PITKIN AVENUE,,,0.0,7,7.0,,2024-09-26,,,Other,Proposed four storey residential and commercial building.,False,2647 PITKIN AVENUE,bbl,3042100034,3042100034,False,,no_footprint
B01098077,Alteration,3. Permitted for Construction,3088474,3039760081,3,87,MONTAUK AVENUE,,2025.0,2.0,1,-1.0,,2024-09-11,2025-08-14,,Other,PROPOSED ENLARGEMENT AND CONVERSION OF A THREE STORY AND ATTIC TWO FAMILY BUILDING TO A ONE FAMILY AND HOUSE OF WORSHIP.,False,87 MONTAUK AVENUE,bin,3039760081,3039760081,False,3088474,hdb_bin
B01099325,Alteration,2. Approved Application,3094701,3042150007,3,395,PINE STREET,,,1.0,2,1.0,,2024-11-19,,,2 Family,Propose to convert from one family house to two family dwelling propose vertical and horizontal extension new entrance to cellar from rear.,False,395 PINE STREET,bin,3042150007,3042150007,False,3094701,hdb_bin
B01111427,New Building,3. Permitted for Construction,3816616,3041920040,3,977,GLENMORE AVENUE,,2025.0,0.0,2,2.0,,2024-11-05,2025-09-23,,2 Family,NEW BUILDING - 2 FAMILIES,False,977 GLENMORE AVENUE,bbl,3041920040,3041920040,False,,no_footprint
B01112739,New Building,3. Permitted for Construction,3430014,3039730050,3,60,BERRIMAN STREET,,2025.0,0.0,8,8.0,,2024-10-02,2025-05-23,,Other,NEW BUILDING - EIGHT FAMILY FOUR STORY WITH CELLAR- RESIDENTIAL BUILDING,False,60 BERRIMAN STREET,bbl,3039730050,3039730050,False,,no_footprint
B01113240,Demolition,5. Completed Construction,3087784,3039480011,3,187,HENDRIX STREET,2024.0,2024.0,3.0,0,-3.0,,2024-10-17,2024-10-22,2024-10-22,3 Family,full demolition under HPD & DOB IED OMO# DP00094 File # E-6964,True,187 HENDRIX STREET,bbl,3039480011,3039480011,False,,no_footprint
B01124307,Alteration,3. Permitted for Construction,3088782,3039940004,3,271,VAN SICLEN AVENUE,,2025.0,2.0,2,0.0,,2024-10-23,2025-10-17,,2 Family,FILING TO OBTAIN A NEW CERTIFICATE OF OCCUPANCY FOR TWO FAMILY. REMOVED REAR EXTENSION & RESOLVED ECB # 39111352Z & 39111351R. PROPOSED WORK CELLAR 1st & 2nd FLOORS TO COMPLY WITH 1968 CODE. ST/GC DEMO ALT #B01060605-I1.,False,271 VAN SICLEN AVENUE,bin,3039940004,3039940004,False,3088782,hdb_bin
B01126206,Alteration,3. Permitted for Construction,3094246,3041920008,3,83,CRYSTAL STREET,,2025.0,0.0,2,2.0,,2024-10-28,2025-05-16,,2 Family,PROPOSED INTERIOR ALTERATION AND HORIZONTAL ENLARGEMENT,False,83 CRYSTAL STREET,bin,3041920008,3041920008,False,3094246,hdb_bin
B01146826,Alteration,1. Filed Application,3088851,3039980015,3,642,GLENMORE AVENUE,,,1.0,2,1.0,,2024-12-04,,,2 Family,Extension and conversion to 2-family dwelling as per submitted drawing. Filing to obtain a new certificate of occupancy. There is no change in use egress and occupancy.,False,642 GLENMORE AVENUE,bin,3039980015,3039980015,False,3088851,hdb_bin
B01147007,New Building,3. Permitted for Construction,3430012,3039990004,3,395,WARWICK STREET,,2025.0,0.0,3,3.0,,2025-01-09,2025-11-10,,3 Family,NEW THREE STORY THREE FAMILY DWELLING.,False,395 WARWICK STREET,bbl,3039990004,3039990004,False,,no_footprint
B01095008,Alteration,1. Filed Application,3083942,3037410015,3,281,WYONA STREET,,,3.0,4,1.0,,2024-08-28,,,Other,Convert existing 3 family building to 4 family work area at 3rd floor only. obtain new C/O.,False,281 WYONA STREET,bin,3037410015,3037410015,False,3083942,hdb_bin
B01139174,New Building,2. Approved Application,3429988,3039730050,3,62,BERRIMAN STREET,,,0.0,17,17.0,,2024-11-07,,,Other,17 FAMILY 5 STORY WITH CELLAR - RESIDENTIAL BUILDING,False,62 BERRIMAN STREET,bbl,3039730050,3039730050,False,,no_footprint
B01149720,New Building,1. Filed Application,3093263,3041620002,3,3320,ATLANTIC AVENUE,,,0.0,33,33.0,,2024-12-05,,,Other,Construct new eight (8) story mixed use building with residential and retail use as per plans filed herewith.,False,3320 ATLANTIC AVENUE,bin,3041620002,3041620002,False,3093263,hdb_bin
B01151079,Alteration,5. Completed Construction,3088877,3039990035,3,2349,PITKIN AVENUE,2025.0,2025.0,3.0,9,6.0,9.0,2024-12-06,2025-03-26,2025-08-29,Other,Interior renovation to increase number of dwelling  units from 3 to 9 units to an existing 3 story building.,True,2349 PITKIN AVENUE,bin,3039990035,3039990035,False,3088877,hdb_bin
B01158510,Demolition,2. Approved Application,3093263,3041620002,3,3320,ATLANTIC AVENUE,,,1.0,0,-1.0,,2025-02-10,,,Other,This job is filed for full demolition work at 3320 Atlantic Avenue BK 11208,False,3320 ATLANTIC AVENUE,bin,3041620002,3041620002,False,3093263,hdb_bin
B01163470,New Building,2. Approved Application,3083849,3037230011,3,265,VERMONT STREET,,,0.0,2,2.0,,2025-02-02,,,2 Family,New 2 family residence,False,265 VERMONT STREET,bbl,3037230011,3037230011,False,,no_footprint
B01165247,Demolition,5. Completed Construction,3087737,3039460002,3,183,MILLER AVENUE,2025.0,2025.0,2.0,0,-2.0,,2025-01-31,2025-03-21,2025-03-21,2 Family,Full demolition of 2 story residential building to comply with NYC HPD Immediate Emergency Declaration for Demolition IED# 18924,True,183 MILLER AVENUE,bin,3039460002,3039460002,False,3087737,hdb_bin
B01143390,Alteration,1. Filed Application,3041976,3015400033,3,236,HULL STREET,,,3.0,0,-3.0,,2025-04-16,,,Other,FILING FOR THE CONVERSION FROM 3 FAMILY DWELLING UNIT TO ROOMING UNIT. NEW C/O IS REQUIRED. WORK WAS DONE UNDER PREVIOUS APPLICATION# B00639112-I1,False,236 HULL STREET,bin,3015400033,3015400033,False,3041976,hdb_bin
B01169553,Alteration,1. Filed Application,3088851,3039980015,3,642,GLENMORE AVENUE,,,0.0,5,5.0,,2025-02-14,,,3 Family,Enlargement and conversion to 5-family dwelling as per submitted drawing. Filing to obtain a new certificate of occupancy.,False,642 GLENMORE AVENUE,bin,3039980015,3039980015,False,3088851,hdb_bin
B01173500,Demolition,3. Permitted for Construction,3083319,3036710042,3,2673,ATLANTIC AVENUE,,2025.0,1.0,0,-1.0,,2025-05-05,2025-07-18,,1 Family,Full demolition to a two story building,False,2673 ATLANTIC AVENUE,bin,3036710042,3036710042,False,3083319,hdb_bin
B01173508,Demolition,3. Permitted for Construction,3083317,3036710040,3,2679,ATLANTIC AVENUE,,2025.0,2.0,0,-2.0,,2025-05-05,2025-07-18,,2 Family,Full demolition to a three story building,False,2679 ATLANTIC AVENUE,bin,3036710040,3036710040,False,3083317,hdb_bin
B01173509,Demolition,3. Permitted for Construction,3083318,3036710041,3,2675,ATLANTIC AVENUE,,2025.0,1.0,0,-1.0,,2025-05-05,2025-07-21,,1 Family,Full demolition to a two story building,False,2675 ATLANTIC AVENUE,bin,3036710041,3036710041,False,3083318,hdb_bin
B01173516,Demolition,3. Permitted for Construction,3339353,3036710038,3,2683,ATLANTIC AVENUE,,2025.0,2.0,0,-2.0,,2025-05-05,2025-07-17,,Other,Full demolition to a three story building,False,2683 ATLANTIC AVENUE,bin,3036710038,3036710038,False,3339353,hdb_bin
B01173517,Demolition,3. Permitted for Construction,3083315,3036710037,3,2689,ATLANTIC AVENUE,,2025.0,1.0,0,-1.0,,2025-05-29,2025-07-18,,1 Family,Full demolition to a two story building,False,2689 ATLANTIC AVENUE,bin,3036710037,3036710037,False,3083315,hdb_bin
B01173531,Demolition,3. Permitted for Construction,3083316,3036710038,3,2681,ATLANTIC AVENUE,,2025.0,2.0,0,-2.0,,2025-05-05,2025-07-24,,Other,Full demolition to a three story building,False,2681 ATLANTIC AVENUE,bin,3036710038,3036710038,False,3083316,hdb_bin
B01161142,New Building,3. Permitted for Construction,3397139,3039600005,3,207,HALE AVENUE,,2025.0,0.0,3,3.0,,2025-01-20,2025-10-31,,3 Family,NEW THREE STORY THREE FAMILY DWELLING.,False,207 HALE AVENUE,bbl,3039600005,3039600005,False,,no_footprint
B01161567,Alteration,2. Approved Application,3088292,3039630026,3,555,LIBERTY AVENUE,,,0.0,39,39.0,,2025-01-02,,,Other,ALTERATION FOR CONVERSION OF EXISTING 2 STORY COMMERCIAL BUILDING. PROPOSED 2 STORY + BAS RESIDENTIAL USE BUILDING.,False,555 LIBERTY AVENUE,bin,3039630026,3039630026,False,3088292,hdb_bin
B01185041,Alteration,3. Permitted for Construction,3336980,3037240029,3,2155,PITKIN AVENUE,,2025.0,16.0,16,0.0,,2025-03-07,2025-10-28,,Other,FILING TO AMEND CURRENT C of O TO CORRECT NUMBER OF PROPOSED PARKING SPACES TO EXSITING PARKING LOT  AS INDICATED. THERE WILL BE NO CHANGE IN USE EGRESS OR OCCUPANCY TO EXISTING RESIDENTIAL BUILDING.,False,2155 PITKIN AVENUE,bin,3037240029,3037240029,False,3336980,hdb_bin
B01203284,New Building,1. Filed Application,3087939,3039520042,3,200,ASHFORD STREET,,,0.0,79,79.0,,2025-06-25,,,Other,(PLEASE ASSIGN TO DEV HUB) PROPOSING NEW 9 STORY AND CELLAR MIXED-USE BUILDING.,False,200 ASHFORD STREET,bin,3039520042,3039520042,False,3087939,hdb_bin
B01200175,New Building,2. Approved Application,3430038,3036710022,3,124,VERMONT STREET,,,0.0,2,2.0,,2025-04-11,,,2 Family,NEW BUILDING - 2 FAMILIES,False,124 VERMONT STREET,bbl,3036710022,3036710022,False,,no_footprint
B01206984,Alteration,1. Filed Application,3336149,3039720020,3,3032,ATLANTIC AVENUE,,,2.0,2,0.0,,2025-07-01,,,2 Family,,False,3032 ATLANTIC AVENUE,bin,3039720020,3039720020,False,3336149,hdb_bin
B01201612,Alteration,1. Filed Application,3042765,3015730021,3,1444,HERKIMER STREET,,,3.0,5,2.0,,2025-07-29,,,Other,PROPOSE TO CONVERT THE EXISTING 3-FAMILY DWELLING UNIT TO A FIVE-FAMILY DWELLING UNIT. INSTALL NEW PARTITIONS FLOORING AND KITCHEN COUNTERS ASSOCIATED PLUMBING FIXTURES FOR ADDITIONAL KITCHENS AND BATHROOMS,False,1444 HERKIMER STREET,bin,3015730021,3015730021,False,3042765,hdb_bin
B01219618,Alteration,2. Approved Application,3088345,3039670033,3,244,ASHFORD STREET,,,0.0,16,16.0,,2025-05-07,,,Other,PROPOSED ALTERATION FROM A 2 STORY BUILDING TO A 4 STORY  RESIDENTIAL BUILDING TOTAL OF 16 DWELLING UNITS.,False,244 ASHFORD STREET,bin,3039670033,3039670033,False,3088345,hdb_bin
B01221545,Alteration,2. Approved Application,3093119,3041530021,3,41,MILFORD STREET,,,1.0,2,1.0,,2025-08-19,,,2 Family,Horizontal Enlargement at Rear with Interior Renovation as Required. Convert 1 DU to  2 DU and Apply for New C of O.,False,41 MILFORD STREET,bin,3041530021,3041530021,False,3093119,hdb_bin
B01225438,New Building,3. Permitted for Construction,3430268,3037080001,3,221,BRADFORD STREET,,2025.0,0.0,14,14.0,,2025-06-11,2025-12-02,,Other,PROPOSED NEW FOUR-STORY RESIDENTIAL BUILDING WITH 14-DWELLING UNITS.,False,221 BRADFORD STREET,bbl,3037080001,3037080001,False,,no_footprint
B01225983,New Building,1. Filed Application,3256546,3039580049,3,229,SHEPHERD AVENUE,,,0.0,99,99.0,,2025-05-23,,,Other,PROPOSED NEW EIGHT STORY MIXED USE BUILDING.,False,229 SHEPHERD AVENUE,bbl,3039580049,3039580049,False,,no_footprint
B01241582,New Building,1. Filed Application,3256546,3039580049,3,240,HIGHLAND PLACE,,,0.0,99,99.0,,2025-06-19,,,Other,PROPOSED NEW EIGHT STORY MIXED USE BUILDING.,False,240 HIGHLAND PLACE,bbl,3039580049,3039580049,False,,no_footprint
B01190040,Alteration,1. Filed Application,3414620,3039960030,3,2295,PITKIN AVENUE,,,2.0,2,0.0,,2025-05-01,,,Other,PROPOSED CONVERSION FROM STORES TO FUNERAL ESTABLISMENT AT 1ST FLOOR.  PROPOSED 2-STY EXTENSION AT REAR OF BUILDING AND INTERNAL RENOVATION THROUGHOUT.,False,2295 PITKIN AVENUE,bin,3039960030,3039960030,False,3414620,hdb_bin
B01232724,New Building,1. Filed Application,3088731,3039890032,3,803,GLENMORE AVENUE,,,0.0,10,10.0,,2025-06-16,,,Other,PROPOSED FOUR (4) STORY RESIDENTIAL BUILDING.,False,803 GLENMORE AVENUE,bbl,3039890032,3039890032,False,,no_footprint
B01247789,Alteration,3. Permitted for Construction,3428706,3036697501,3,62,PENNSYLVANIA AVENUE,,2025.0,218.0,218,0.0,,2025-08-01,2025-11-10,,Other,CHANGE IN USE AND OCCUPANCY AT 1ST FLOOR RETAIL #1 SPACE FROM UG 6C TO UG 7 AMBULATORY TREATMENT HEALTH CARE - PODIATRY OFFICES. NO CHANGE IN EGRESS. TENANT BUILD OUT IS INCLUDED IN THE SCOPE OF THE WORK.,False,62 PENNSYLVANIA AVENUE,bbl,3036697501,3036697501,False,,no_footprint
B01255657,New Building,1. Filed Application,3088379,3039710031,3,256,ESSEX STREET,,,0.0,18,18.0,,2025-08-27,,,Other,Proposed four (4) story + cellar and penthouse residential use building.,False,256 ESSEX STREET,bbl,3039710031,3039710031,False,,no_footprint
B01256572,New Building,1. Filed Application,3042802,3015740023,3,2433,ATLANTIC AVENUE,,,0.0,99,99.0,,2025-07-21,,,Other,Note: Hub Consultation meeting accepted on 06/11/2025. PROPOSED NEW THIRTEEN STORY RESIDENTIAL BUILDING.,False,2433 ATLANTIC AVENUE,bin,3015740023,3015740023,False,3042802,hdb_bin
B01239985,New Building,2. Approved Application,3430274,3040030001,3,455,LINWOOD STREET,,,0.0,11,11.0,,2025-06-25,,,Other,PROPOSED NEW THREE STORY 11 FAMILY RESIDENTIAL BUILDING.,False,455 LINWOOD STREET,bbl,3040030001,3040030001,False,,no_footprint
B01258188,Alteration,1. Filed Application,3327011,3037250001,3,340,MILLER AVENUE,,,16.0,16,0.0,,2025-07-21,,,Other,FILING TO AMEND EXPIRED TCO FOR WHICH THE FINAL C of O WAS NEVER OBTAINED.  ALL REHAB WORK WAS PERFORMED UNDER RELATED JOB #'s B00527268 & B00534838.  EXISTING USE EGRESS AND OCCUPANCY OF RESIDENTIAL BUILDING TO REMAIN.,False,340 MILLER AVENUE,bin,3037250001,3037250001,False,3327011,hdb_bin
B01261070,New Building,1. Filed Application,3042802,3015740023,3,28,HAVENS PLACE,,,0.0,99,99.0,,2025-07-24,,,Other,Note: Hub Consultation meeting accepted 06/11/2025. Note: Please assign subject 28 Havens Pl NB #B01261070 to the same examiner as 2433 Atlantic Ave NB #B01256572 since both NBs are under one zoning lot. PROPOSED NEW THIRTEEN STORY RESIDENTIAL BUILDING.,False,28 HAVENS PLACE,bin,3015740023,3015740023,False,3042802,hdb_bin
B01281297,Alteration,1. Filed Application,3087738,3039460003,3,181,MILLER AVENUE,,,1.0,2,1.0,,2025-10-01,,,2 Family,FILING FOR CHANGE OF USE AS PER PLANS,False,181 MILLER AVENUE,bin,3039460003,3039460003,False,3087738,hdb_bin
B01287171,New Building,1. Filed Application,3088270,3039610032,3,489,LIBERTY AVENUE,,,0.0,18,18.0,,2025-10-07,,,Other,PROPOSED NEW S-STORY (18) FAMILY RESIDENTIAL BUILDING WITH CELLAR,False,489 LIBERTY AVENUE,bin,3039610032,3039610032,False,3088270,hdb_bin
B01287593,Alteration,3. Permitted for Construction,3083400,3036750003,3,259,MOTHER GASTON BOULEVARD,,2025.0,3.0,10,7.0,,2025-09-16,2025-12-09,,Other,PROPOSED INTERIOR RENOVATION CONVERTING EXISTING 3 STORY AND CELLAR INTO A 10 UNIT RESIDENTIAL BUILDING.,False,259 MOTHER GASTON BOULEVARD,bin,3036750003,3036750003,False,3083400,hdb_bin
B01305637,New Building,1. Filed Application,3083561,3036900011,3,2730,ATLANTIC AVENUE,,,0.0,65,65.0,,2025-10-31,,,Other,(please assign to dev hub it should be assigned to same examiner as job B01305673-I1 as its same zoning lot with same scope of work applicant and owner) PROPOSED NEW 15 STORY AND CELLAR 65 UNIT MIX USE BUILDING,False,2730 ATLANTIC AVENUE,bin,3036900011,3036900011,False,3083561,hdb_bin
B01305673,New Building,1. Filed Application,3083563,3036900013,3,2734,ATLANTIC AVENUE,,,0.0,65,65.0,,2025-10-31,,,Other,(please assign to dev hub it should be assigned to same examiner as job B01305637-I1 as its same zoning lot with same scope of work applicant and owner) PROPOSED NEW 15 STORY AND CELLAR 65 UNIT MIX USE BUILDING,False,2734 ATLANTIC AVENUE,bin,3036900013,3036900013,False,3083563,hdb_bin
B01293200,Alteration,1. Filed Application,3327098,3039630033,3,535,LIBERTY AVENUE,,,0.0,3,3.0,,2025-10-15,,,Other,Propose to obtain Certificate of Occupancy for Existing Building.Convert Existing Manufacturing Use to Eating and Drinking Establishment and Residential 2 Family Dwelling unit.Install Ventilation system over Cooking EquipmentExhaust Duct in Bathrooms.,False,535 LIBERTY AVENUE,bin,3039630033,3039630033,False,3327098,hdb_bin
B01295339,New Building,3. Permitted for Construction,3429525,3037230015,3,452,GLENMORE AVENUE,,2025.0,0.0,2,2.0,,2025-10-03,2025-12-26,,2 Family,PROPOSED NEW THREE (3) STORY TWO (2) FAMILY BUILDING. OBTAIN A CERTIFICATE OF OCCUPANCY. ALL WORK AS PER PLANS.,False,452 GLENMORE AVENUE,bbl,3037230015,3037230015,False,,no_footprint
B01297629,New Building,1. Filed Application,3088336,3039670015,3,2916,ATLANTIC AVENUE,,,0.0,85,85.0,,2025-10-06,,,Other,Proposed eleven (11) story mixed-use building.,False,2916 ATLANTIC AVENUE,bin,3039670015,3039670015,False,3088336,hdb_bin
B01313756,New Building,1. Filed Application,3094616,3042100017,3,950,GLENMORE AVENUE,,,0.0,29,29.0,,2025-11-13,,,Other,New 5-story 29-family building,False,950 GLENMORE AVENUE,bin,3042100017,3042100017,False,3094616,hdb_bin
B01328793,Demolition,1. Filed Application,3083880,3037250010,3,486,GLENMORE AVENUE,,,6.0,0,-6.0,,2025-12-17,,,Other,Full demolition of 3 story multi-family dwelling to comply with NYC HPD Emergency Declaration DEC# 19775,False,486 GLENMORE AVENUE,bbl,3037250010,3037250010,False,,no_footprint
B01329748,Alteration,1. Filed Application,3428771,3041570032,3,975,LIBERTY AVENUE,,,41.0,41,0.0,,2025-12-14,,,Other,Convert existing parking area to offices at first floor.,False,975 LIBERTY AVENUE,bin,3041570032,3041570032,False,3428771,hdb_bin
B08042891,Alteration,5. Completed Construction,3087923,3039520023,3,2930,FULTON STREET,2024.0,2023.0,4.0,8,4.0,8.0,2022-11-19,2023-01-27,2024-08-13,Other,CONVERT 2ND FLOOR EXISTING COMMUNITY FACILITY (U.G.4) TO RESIDENTIAL (U.G.2) 1ST FLOOR EXISTING COMMERCIAL (U.G. 6) AND 3RD FLOOR RESIDENTIAL 2 APARTMENTS (U.G.3) CHANGE TO 5 APARTMENTS (U.G. 2) EXISTING MIXED USE BUILDING. OBTAIN NEW C OF O.,True,2930 FULTON STREET,bin,3039520023,3039520023,False,3087923,hdb_bin
301244794,Alteration,5. Completed Construction,3087785,3039480012,3,183,HENDRIX STREET,2014.0,2002.0,2.0,3,1.0,3.0,2001-11-02,2002-08-23,2014-07-03,C0,,True,183 HENDRIX STREET,bin,3039480012,3039480012,False,3087785,hdb_bin
301414280,New Building,5. Completed Construction,3390509,3040020111,3,339,ELTON STREET,2016.0,2003.0,0.0,3,3.0,3.0,2002-09-23,2003-07-02,2016-06-09,B1,SUPERSEDE THE JOB WITH NEW APPLICANT AND WITH EXISTING PLAN FOR SIGN OFF THE J OB.,True,339 ELTON STREET,bin,3040020111,3040020111,False,3390509,hdb_bin
301773668,Alteration,5. Completed Construction,3038667,3014370015,3,2416,ATLANTIC AVENUE,2011.0,2005.0,0.0,119,119.0,119.0,2004-03-19,2005-03-04,2011-07-21,H3,ERECTION OF INTERIOR PARTITION &amp; CONVERSION OF EXISTING FACTORY B UILDING OLD CODE RESIDENTIAL OCCUPANCY,True,2416 ATLANTIC AVENUE,bin,3014370015,3014370015,False,3038667,hdb_bin
301917139,New Building,5. Completed Construction,3393451,3039760016,3,47,MONTAUK AVENUE,2020.0,2005.0,0.0,2,2.0,2.0,2005-03-31,2005-05-05,2020-10-20,B2,,True,47 MONTAUK AVENUE,bin,3039760016,3039760016,False,3393451,hdb_bin
301929723,Alteration,5. Completed Construction,3038981,3014500047,3,1643,EAST NEW YORK AVENUE,2011.0,2005.0,3.0,3,0.0,3.0,2005-05-16,2005-11-15,2011-09-15,C0,HEREBY FILING FOR COMPLETE GUT REHAB AS INDICTED ON PLANS FILED HEREWITH,True,1643 EAST NEW YORK AVENUE,bin,3014500047,3014500047,False,3038981,hdb_bin
301930864,Alteration,5. Completed Construction,3087982,3039530059,3,2946,FULTON STREET,2012.0,2005.0,3.0,3,0.0,3.0,2005-04-15,2005-05-04,2012-04-05,S3,THIS APPLICATION IS FILED TO PROPOSE CONVERSION OF EXISTING THREE STORY THREE DWELLING UNITS INTO ONE COMMERCIAL ON FIRST FLOOR AND THREE DWELLINGS AND TO OBTAIN A NEW CERTIFICATE OF OCCUPANCY.,True,2946 FULTON STREET,bin,3039530059,3039530059,False,3087982,hdb_bin
301826246,Alteration,5. Completed Construction,3083314,3036710036,3,2691,ATLANTIC AVENUE,2017.0,2004.0,0.0,2,2.0,2.0,2004-08-19,2004-09-02,2017-08-22,S1,INTERIOR ALTERATION OF EXISTING BUILDING.  CHANGE USE FROM STORE &amp; ONE DWELLING UNIT TO STORE  &amp; TWO DWELLING UNITS.,True,2691 ATLANTIC AVENUE,bin,3036710036,3036710036,False,3083314,hdb_bin
301834264,Alteration,5. Completed Construction,3038982,3014500048,3,2195,BERGEN STREET,2012.0,2007.0,2.0,1,-1.0,1.0,2004-10-04,2007-05-24,2012-01-27,S1,"MAJOR REHAB, NEW C OF O REQUIRED. REMOVE EXISTING PARTITIONS, INSTALL NEW PARTITIONS, NEW PLUMBING AND HEATING SYSTEM, NEW KITCHENS AND NEW BATHROOMS.",True,2195 BERGEN STREET,bin,3014500048,3014500048,False,3038982,hdb_bin
301997329,Alteration,5. Completed Construction,3087996,3039540018,3,2964,FULTON STREET,2011.0,2005.0,1.0,2,1.0,2.0,2005-08-22,2005-10-27,2011-04-29,B1,To convert existing doctor's office to one family dewlling unit at first floor. Horizontal extension on first floor. Obtain new c of o.,True,2964 FULTON STREET,bin,3039540018,3039540018,False,3087996,hdb_bin
302003187,New Building,5. Completed Construction,3854482,3042120035,3,70,DOSCHER STREET,2017.0,2007.0,0.0,2,2.0,2.0,2005-09-07,2007-10-12,2017-07-11,B1,,True,70 DOSCHER STREET,bbl,3042120035,3042120035,False,,no_footprint
302068438,Alteration,3. Permitted for Construction,3093168,3041540027,3,285,LOGAN STREET,,2006.0,2.0,2,0.0,,2006-01-31,2006-02-02,,S2,Proposed to convert existing Basement floor to Professional Office with garage. Obtain New C of O,False,285 LOGAN STREET,bin,3041540027,3041540027,False,3093168,hdb_bin
302070274,Alteration,5. Completed Construction,3088443,3039760015,3,49,MONTAUK AVENUE,2010.0,2006.0,2.0,2,0.0,2.0,2006-02-03,2006-09-05,2010-01-07,B2,"CONVERT BASEMENT FLOOR TO HOOUSE OF WORSHIP, USE GROUP 4 - LESS THANT 75 PERSONS DEMOLISH PARTITIONS AND INSTALL GIRDER AND POST SUPPORT.  NEW HANDICAP TOILET ROOM AND STANDARD TOILET ROOM.  REMOVE STAIR TO 1ST FLOOR AND FRAME OPENING.  NEW 2HR FIRE RATED SEPARATION BETWEEN BASEMENT AND 1ST FLOOR.",True,49 MONTAUK AVENUE,bin,3039760015,3039760015,False,3088443,hdb_bin
302076090,New Building,5. Completed Construction,3388207,3037230017,3,456,GLENMORE AVENUE,2010.0,2006.0,0.0,2,2.0,2.0,2006-01-25,2006-06-23,2010-09-27,B1,,True,456 GLENMORE AVENUE,bin,3037230017,3037230017,False,3388207,hdb_bin
302060677,Alteration,5. Completed Construction,3094677,3042120034,3,68,DOSCHER STREET,2017.0,2007.0,1.0,2,1.0,2.0,2006-01-11,2007-02-02,2017-07-07,B3,PROPOSED CONVERSION OF EXISTING 2-STY 1-FAM DWELLING TO A 2-STY 2-FAM DWELLING. NEW INSTALLATION OF PLUMBING FIXTURES AS INDICATED AS PLANS.,True,68 DOSCHER STREET,bin,3042120034,3042120034,False,3094677,hdb_bin
302147068,Alteration,5. Completed Construction,3083705,3037060033,3,206,WYONA STREET,2010.0,2008.0,2.0,2,0.0,2.0,2006-04-12,2008-10-10,2010-06-30,C0,"GUT REHABILITAION OF EXISTING RESIDENTIAL BUILDING. WORK INCLUDES NEW STAIRS, NEW LAYOUT AND WOOD JOIST REPLACEMENT. NEW PLUMBING AND HEATING. INCLUDE NEW BOILER INSTALLATION.",True,206 WYONA STREET,bin,3037060033,3037060033,False,3083705,hdb_bin
302162022,New Building,5. Completed Construction,3088808,3039950032,3,2263,PITKIN AVENUE,2022.0,2006.0,0.0,3,3.0,3.0,2006-05-24,2006-06-06,2022-09-15,C0,,True,2263 PITKIN AVENUE,bin,3039950032,3039950032,False,3088808,hdb_bin
302140662,New Building,5. Completed Construction,3402310,3041900040,3,148,FOUNTAIN AVENUE,2011.0,2009.0,0.0,2,2.0,2.0,2006-04-05,2009-12-22,2011-05-04,B1,,True,148 FOUNTAIN AVENUE,bin,3041900040,3041900040,False,3402310,hdb_bin
302141634,Alteration,5. Completed Construction,3088636,3039840028,3,691,GLENMORE AVENUE,2010.0,2008.0,2.0,2,0.0,2.0,2006-04-12,2008-10-08,2010-06-04,B2,"GUT REHABILITATION OF EXISTING RESIDENTIAL BUILDING. WORK INCLUDES NEW STAIRS, NEW LAYOUT AND WOOD JOIST REPLACEMENT. NEW PLUMBING AND HEATING. INCLUDE NEW BOILER INSTALLATION.",True,691 GLENMORE AVENUE,bin,3039840028,3039840028,False,3088636,hdb_bin
302183759,Alteration,5. Completed Construction,3093196,3041540087,3,88,FOUNTAIN AVENUE,2010.0,2007.0,3.0,3,0.0,3.0,2006-06-14,2007-05-01,2010-02-24,C0,"FILING FOR COMPLETE INTERIOR RENOVATIONOF EXISTING BUILDING.  NO CHANGE  IN EGRESS, USE AND/OR OCCUPANCY.",True,88 FOUNTAIN AVENUE,bin,3041540087,3041540087,False,3093196,hdb_bin
302183786,Alteration,5. Completed Construction,3088980,3040040021,3,394,SHEPHERD AVENUE,2010.0,2007.0,2.0,2,0.0,2.0,2006-06-14,2007-05-01,2010-04-15,B2,FILING FOR COMPLETE INTEROR REOVATION AND MAJOR IMPROVEMENTS OF EXISTING BULDING.,True,394 SHEPHERD AVENUE,bin,3040040021,3040040021,False,3088980,hdb_bin
302183795,Alteration,5. Completed Construction,3089282,3040200016,3,428,SHEPHERD AVENUE,2010.0,2007.0,2.0,2,0.0,2.0,2006-06-14,2007-05-01,2010-04-29,B2,FILING FOR COMPLETE INTERIOR RENOVATIONAND IMPROVEMENTS OF EXISTING BUI LDING.,True,428 SHEPHERD AVENUE,bin,3040200016,3040200016,False,3089282,hdb_bin
302189502,New Building,5. Completed Construction,3394600,3039990032,3,2359,PITKIN AVENUE,2019.0,2006.0,0.0,3,3.0,3.0,2006-07-07,2006-07-11,2019-02-15,C0,,True,2359 PITKIN AVENUE,bin,3039990032,3039990032,False,3394600,hdb_bin
302233189,New Building,5. Completed Construction,3094551,3042080017,3,886,GLENMORE AVENUE,2021.0,2016.0,0.0,3,3.0,3.0,2006-09-21,2016-10-18,2021-01-14,C0,,True,886 GLENMORE AVENUE,bin,3042080017,3042080017,False,3094551,hdb_bin
302239487,Alteration,5. Completed Construction,3087997,3039540019,3,2966,FULTON STREET,2011.0,2007.0,2.0,2,0.0,2.0,2006-11-01,2007-11-28,2011-01-13,K4,"GUT REHABILITAION OF EXISTING RESIDENTIAL/ COMMERCIAL BUILDING. WORK INCLUDES NEW STAIRS, NEW LAYOUT AND WOOD JOIST REPLACEMENT. NEW PLUMBING &amp; HEATING. INCLUDE NEW BOILER INSTALLATION.",True,2966 FULTON STREET,bin,3039540019,3039540019,False,3087997,hdb_bin
302253718,New Building,5. Completed Construction,3414920,3042090030,3,194,FOUNTAIN AVENUE,2015.0,2007.0,0.0,3,3.0,3.0,2006-11-08,2007-03-14,2015-08-25,C0,,True,194 FOUNTAIN AVENUE,bin,3042090030,3042090030,False,3414920,hdb_bin
302261031,New Building,5. Completed Construction,3088390,3039710047,3,737,LIBERTY AVENUE,2015.0,2007.0,0.0,3,3.0,3.0,2006-11-21,2007-03-21,2015-05-08,C1,,True,737 LIBERTY AVENUE,bin,3039710047,3039710047,False,3088390,hdb_bin
302296646,New Building,5. Completed Construction,3089034,3040070013,3,840,GLENMORE AVENUE,2010.0,2007.0,0.0,2,2.0,2.0,2007-01-16,2007-07-13,2010-01-12,B9,,True,840 GLENMORE AVENUE,bin,3040070013,3040070013,False,3089034,hdb_bin
302297967,New Building,5. Completed Construction,3088940,3040020029,3,472,LINWOOD STREET,2013.0,2007.0,0.0,2,2.0,2.0,2007-02-13,2007-03-19,2013-03-22,B1,,True,472 LINWOOD STREET,bin,3040020029,3040020029,False,3088940,hdb_bin
302223528,New Building,5. Completed Construction,3401620,3039340041,3,110,SCHENCK AVENUE,2014.0,2006.0,0.0,2,2.0,2.0,2006-09-08,2006-09-27,2014-07-14,B1,,True,110 SCHENCK AVENUE,bin,3039340041,3039340041,False,3401620,hdb_bin
302339583,New Building,5. Completed Construction,3414624,3040070033,3,180,MONTAUK AVENUE,2017.0,2007.0,0.0,2,2.0,2.0,2007-05-10,2007-08-08,2017-12-21,B1,,True,180 MONTAUK AVENUE,bin,3040070033,3040070033,False,3414624,hdb_bin
302346030,New Building,5. Completed Construction,3414620,3039960030,3,2295,PITKINS AVENUE,2014.0,2009.0,0.0,2,2.0,2.0,2007-05-18,2009-09-17,2014-03-18,B1,,True,2295 PITKINS AVENUE,bin,3039960030,3039960030,False,3414620,hdb_bin
302346502,New Building,5. Completed Construction,3094636,3042110019,3,970,GLENMORE AVENUE,2011.0,2009.0,0.0,7,7.0,7.0,2007-05-22,2009-03-25,2011-02-22,C1,,True,970 GLENMORE AVENUE,bin,3042110019,3042110019,False,3094636,hdb_bin
302361227,New Building,5. Completed Construction,3088986,3040050001,3,409,SHEPHERD AVENUE,2010.0,2008.0,0.0,3,3.0,3.0,2007-07-17,2008-04-18,2010-03-22,C0,,True,409 SHEPHERD AVENUE,bin,3040050001,3040050001,False,3088986,hdb_bin
302366570,New Building,5. Completed Construction,3397036,3039777501,3,509,GLENMORE AVENUE,2010.0,2008.0,0.0,12,12.0,12.0,2007-07-11,2008-08-01,2010-12-14,R0,PAA,True,509 GLENMORE AVENUE,bbl,3039777501,3039777501,False,,no_footprint
302322083,New Building,5. Completed Construction,3396239,3039720105,3,283,ESSEX STREET,2010.0,2008.0,0.0,2,2.0,2.0,2007-03-28,2008-01-16,2010-06-24,B2,,True,283 ESSEX STREET,bin,3039720105,3039720105,False,3396239,hdb_bin
302322092,New Building,5. Completed Construction,3088395,3039720005,3,281,ESSEX STREET,2010.0,2008.0,0.0,2,2.0,2.0,2007-03-28,2008-01-16,2010-04-22,B2,,True,281 ESSEX STREET,bin,3039720005,3039720005,False,3088395,hdb_bin
302328522,New Building,5. Completed Construction,3396924,3039830125,3,296,ASHFORD STREET,2011.0,2007.0,0.0,2,2.0,2.0,2007-04-17,2007-11-27,2011-01-28,B2,,True,296 ASHFORD STREET,bin,3039830125,3039830125,False,3396924,hdb_bin
302329629,Alteration,5. Completed Construction,3087700,3039420005,3,298,ARLINGTON AVENUE,2010.0,2007.0,2.0,2,0.0,2.0,2007-04-25,2007-06-14,2010-02-11,B2,,True,298 ARLINGTON AVENUE,bin,3039420005,3039420005,False,3087700,hdb_bin
302338726,New Building,5. Completed Construction,3395364,3040160025,3,2384,PITKIN AVENUE,2010.0,2007.0,0.0,2,2.0,2.0,2007-05-14,2007-12-28,2010-08-17,B2,,True,2384 PITKIN AVENUE,bin,3040160025,3040160025,False,3395364,hdb_bin
302338735,New Building,5. Completed Construction,3252812,3040160024,3,2382,PITKIN AVENUE,2010.0,2008.0,0.0,2,2.0,2.0,2007-05-14,2008-01-03,2010-07-27,B2,,True,2382 PITKIN AVENUE,bin,3040160024,3040160024,False,3252812,hdb_bin
302338744,New Building,5. Completed Construction,3252811,3040160023,3,2380,PITKIN AVENUE,2010.0,2007.0,0.0,2,2.0,2.0,2007-05-14,2007-12-28,2010-07-27,B2,,True,2380 PITKIN AVENUE,bin,3040160023,3040160023,False,3252811,hdb_bin
310055702,New Building,5. Completed Construction,3397490,3041900025,3,902,LIBERTY AVENUE,2010.0,2008.0,0.0,47,47.0,47.0,2007-11-27,2008-11-20,2010-10-25,D9,,True,902 LIBERTY AVENUE,bin,3041900025,3041900025,False,3397490,hdb_bin
310089178,Alteration,3. Permitted for Construction,3094726,3042150034,3,488,CRESCENT STREET,,2008.0,1.0,2,1.0,,2008-02-06,2008-08-13,,B3,,False,488 CRESCENT STREET,bin,3042150034,3042150034,False,3094726,hdb_bin
310093190,New Building,5. Completed Construction,3401695,3039760067,3,90,MILFORD STREET,2022.0,2009.0,0.0,2,2.0,2.0,2008-02-05,2009-09-17,2022-01-10,B1,,True,90 MILFORD STREET,bin,3039760067,3039760067,False,3401695,hdb_bin
310106186,New Building,5. Completed Construction,3422276,3040080021,3,878,GLENMORE AVENUE,2015.0,2012.0,0.0,3,3.0,3.0,2008-03-14,2012-06-22,2015-05-18,C0,,True,878 GLENMORE AVENUE,bin,3040080021,3040080021,False,3422276,hdb_bin
310186946,Alteration,5. Completed Construction,3094633,3042110009,3,119,CRYSTAL STREET,2010.0,2008.0,1.0,2,1.0,2.0,2008-08-21,2008-11-25,2010-03-26,B2,CONSTRUCT NEW ADDITIONS TO EXISTING FIRST AND SECOND FLOORS.  INSTALL INTERIOR PARTITIONS AND PLUMBING.  CHANGE ONE FAMILY USE TO A TWO FAMILY USE.  OBTAIN A NEW CERTIFICATE OF OCCUPANCY.,True,119 CRYSTAL STREET,bin,3042110009,3042110009,False,3094633,hdb_bin
310136616,New Building,5. Completed Construction,3420453,3015430007,3,73,MOTHER GASTON BOULEVARD,2015.0,2011.0,0.0,0,0.0,45.0,2008-05-07,2011-03-07,2015-06-29,H3,POST APPROVAL AMENDMENT FILED  HEREWITH TO AMEND SCHEDULE B,True,73 MOTHER GASTON BOULEVARD,bin,3015430007,3015430007,False,3420453,hdb_bin
310141888,New Building,5. Completed Construction,3397993,3039800004,3,255,SCHENCK AVENUE,2012.0,2009.0,0.0,3,3.0,3.0,2008-05-20,2009-06-03,2012-04-09,C0,,True,255 SCHENCK AVENUE,bin,3039800004,3039800004,False,3397993,hdb_bin
310141897,New Building,5. Completed Construction,3401720,3039800105,3,251,SCHENCK AVENUE,2012.0,2009.0,0.0,2,2.0,2.0,2008-05-20,2009-06-02,2012-04-09,C0,,True,251 SCHENCK AVENUE,bin,3039800105,3039800105,False,3401720,hdb_bin
310141904,New Building,5. Completed Construction,3397992,3039800003,3,257,SCHENCK AVENUE,2012.0,2009.0,0.0,3,3.0,3.0,2008-05-20,2009-06-03,2012-04-09,C0,,True,257 SCHENCK AVENUE,bin,3039800003,3039800003,False,3397992,hdb_bin
310141913,New Building,5. Completed Construction,3397994,3039800005,3,253,SCHENCK AVENUE,2012.0,2009.0,0.0,3,3.0,3.0,2008-05-20,2009-06-03,2012-04-09,C0,,True,253 SCHENCK AVENUE,bin,3039800005,3039800005,False,3397994,hdb_bin
320069153,New Building,5. Completed Construction,3422218,3039980006,3,315,JEROME STREET,2014.0,2012.0,0.0,3,3.0,3.0,2009-09-11,2012-02-13,2014-08-28,C0,,True,315 JEROME STREET,bin,3039980006,3039980006,False,3422218,hdb_bin
320103605,Alteration,5. Completed Construction,3089196,3040160022,3,2378,PITKIN AVENUE,2012.0,2011.0,2.0,2,0.0,3.0,2009-12-24,2011-10-13,2012-06-27,C0,LEGALIZING THE CONVERSION OF A STORE TO AN APARTMENT IN THE FIRST FLOOR. TOTAL OCCUPANCY 3 CLASS A APARTMENTS.,True,2378 PITKIN AVENUE,bin,3040160022,3040160022,False,3089196,hdb_bin
320196676,New Building,5. Completed Construction,3398481,3041540008,3,341,LOGAN STREET,2013.0,2011.0,0.0,3,3.0,3.0,2010-07-30,2011-08-04,2013-02-19,B2,,True,341 LOGAN STREET,bin,3041540008,3041540008,False,3398481,hdb_bin
320224743,Demolition,5. Completed Construction,3087766,3039470009,3,129,VAN SICLEN AVENUE,2010.0,2010.0,1.0,0,-1.0,,2010-10-12,2010-12-01,2010-12-01,V0,FULL DEMOLITION OF TWO STORY STRUCTURE USING MECHANICAL MEANS,True,129 VAN SICLEN AVENUE,bbl,3039470009,3039470009,False,,no_footprint
320246523,Alteration,5. Completed Construction,3327118,3039720001,3,297 REAR,ESSEX STREET,2018.0,2015.0,0.0,10,10.0,10.0,2010-12-03,2015-05-26,2018-05-25,D1,FILING TO RENOVATE AND CONVERT FROM EXISTING NON-CONFORMING USE (MANUFACTURING USE) TO A CONFORMING USE (RESIDENTIAL USE),True,297 REAR ESSEX STREET,bin,3039720001,3039720001,False,3327118,hdb_bin
320247782,Alteration,5. Completed Construction,3083398,3036740042,3,2745,ATLANTIC AVENUE,2011.0,2011.0,1.0,1,0.0,1.0,2010-11-24,2011-03-14,2011-07-07,K4,PROPOSED CONVERSION OF EXISTING (2) TWO RETAIL STORES INTO ONE (1) DAYCARE FACULTY AND (1) RETAIL STORE.  ALL AS PER PLANS FILED HEREWITH.,True,2745 ATLANTIC AVENUE,bbl,3036740042,3036740042,False,3430199,lot_single_bin
320249717,Alteration,5. Completed Construction,3397941,3039470022,3,182,HENDRIX STREET,2011.0,2011.0,9.0,9,0.0,9.0,2010-12-10,2011-04-11,2011-08-26,C7,CONVERT EXISTING CERTIFICATE OF OCCUPANCY FOR  DAY CARE CENTER INTO A  DAY CARE AND NURSERY FACILITY.,True,182 HENDRIX STREET,bin,3039470022,3039470022,False,3397941,hdb_bin
320267466,Alteration,5. Completed Construction,3326835,3037200026,3,206,PENNSYLVANIA AVENUE,2013.0,2011.0,0.0,2,2.0,2.0,2011-02-01,2011-05-12,2013-06-25,B1,,True,206 PENNSYLVANIA AVENUE,bin,3037200026,3037200026,False,3326835,hdb_bin
320270274,Alteration,5. Completed Construction,3088794,3039940035,3,2225,PITKIN AVENUE,2016.0,2012.0,2.0,2,0.0,2.0,2011-02-14,2012-09-26,2016-12-23,S9,OBTAIN NEW CERTIFICATE OF OCCUPANCY AND LEGALIZATION OF PL WORK (2 FIXTURES -TOILET) ON 1ST FLOOR,True,2225 PITKIN AVENUE,bin,3039940035,3039940035,False,3088794,hdb_bin
320161043,Alteration,5. Completed Construction,3088506,3039780033,3,310,HENDRIX STREET,2011.0,2010.0,2.0,2,0.0,2.0,2010-05-21,2010-08-10,2011-10-21,A1,LEGALIZATION OF EXISTING TWO FAMILY DWELLING.,True,310 HENDRIX STREET,bin,3039780033,3039780033,False,3088506,hdb_bin
320176171,Alteration,5. Completed Construction,3093157,3041540007,3,339,LOGAN STREET,2012.0,2011.0,2.0,2,0.0,2.0,2010-06-17,2011-02-17,2012-12-12,B2,,True,339 LOGAN STREET,bin,3041540007,3041540007,False,3093157,hdb_bin
320180594,Alteration,5. Completed Construction,3038812,3014440015,3,2406,PACIFIC STREET,2013.0,2011.0,2.0,1,-1.0,1.0,2010-06-28,2011-10-04,2013-01-30,A5,,True,2406 PACIFIC STREET,bin,3014440015,3014440015,False,3038812,hdb_bin
320181815,Alteration,5. Completed Construction,3083393,3036740038,3,2765,ATLANTIC AVENUE,2016.0,2011.0,2.0,4,2.0,4.0,2010-07-02,2011-11-30,2016-10-18,K4,,True,2765 ATLANTIC AVENUE,bin,3036740038,3036740038,False,3083393,hdb_bin
320284606,Alteration,5. Completed Construction,3042730,3015720018,3,1424,HERKIMER STREET,2011.0,2011.0,0.0,0,0.0,20.0,2011-03-15,2011-05-06,2011-12-01,N2,,True,1424 HERKIMER STREET,bin,3015720018,3015720018,False,3042730,hdb_bin
320395942,Demolition,5. Completed Construction,3083849,3037230011,3,265,VERMONT STREET,2012.0,2012.0,2.0,0,-2.0,,2011-11-28,2012-01-31,2012-01-31,V0,NYC HPD - DEMOLITION OF (1) 2 STORY FRAME BUILDING,True,265 VERMONT STREET,bbl,3037230011,3037230011,False,,no_footprint
320410444,Alteration,3. Permitted for Construction,3094667,3042120015,3,982,GLENMORE AVENUE,,2012.0,1.0,2,1.0,,2011-12-09,2012-02-06,,B3,"CONVERSION FROM SINGLE TO A TWO FAMILY DWELLING. FIRES RESTORATION. INTERIOR RENOVATION WITH EXTERIOR RESTORATION. CAP AND REMOVE PLUMBING FIXTURES AT ATTIC LEVEL, REMOVE PARTITION WALLS AT CELLAR LEVEL TO RESOLVE ECB VIOLATION #34854409X. NO CHANGE IN BULK OR EGRESS.",False,982 GLENMORE AVENUE,bin,3042120015,3042120015,False,3094667,hdb_bin
320422048,New Building,5. Completed Construction,3087925,3039520027,3,156,ASHFORD STREET,2013.0,2012.0,0.0,4,4.0,4.0,2012-02-06,2012-09-25,2013-11-19,S4,,True,156 ASHFORD STREET,bin,3039520027,3039520027,False,3087925,hdb_bin
320356654,Alteration,5. Completed Construction,3087789,3039480017,3,2824,FULTON STREET,2012.0,2011.0,3.0,2,-1.0,2.0,2011-08-31,2011-11-29,2012-09-19,S2,CONVERT EXISTING ONE STORE AND 3 FAMILY HOUSE INTO A U.G.6 EATING &amp; DRINKING ESTABLISHMENT AND 2-FAMILY HOUSE. OBTAIN NEW C.OF O.,True,2824 FULTON STREET,bin,3039480017,3039480017,False,3087789,hdb_bin
320373528,New Building,5. Completed Construction,3422260,3040060031,3,176,ATKINS AVENUE,2013.0,2012.0,0.0,2,2.0,2.0,2012-02-10,2012-06-27,2013-11-21,B1,,True,176 ATKINS AVENUE,bin,3040060031,3040060031,False,3422260,hdb_bin
320447833,New Building,5. Completed Construction,3424186,3039980006,3,319,JEROME STREET,2014.0,2012.0,0.0,3,3.0,3.0,2012-03-14,2012-05-22,2014-10-15,C0,,True,319 JEROME STREET,bbl,3039980006,3039980006,False,3422218,lot_single_bin
320448431,New Building,5. Completed Construction,3398085,3039980006,3,317,JEROME STREET,2014.0,2012.0,0.0,3,3.0,3.0,2012-03-19,2012-05-22,2014-10-15,C0,,True,317 JEROME STREET,bbl,3039980006,3039980006,False,3422218,lot_single_bin
320461308,Alteration,5. Completed Construction,3088142,3039580011,3,193,SHEPHERD AVENUE,2016.0,2015.0,2.0,2,0.0,2.0,2012-04-11,2015-04-23,2016-08-30,B1,TO OBTAIN CERTIFIED OF OCCUPANCY FOR AN EXISTING 2 FAMILY DWELLING.  INSTALL NEW PLUMBING FIXTURES IN CELLAR.,True,193 SHEPHERD AVENUE,bin,3039580011,3039580011,False,3088142,hdb_bin
320537371,New Building,5. Completed Construction,3398337,3037250017,3,508,GLENMORE AVENUE,2015.0,2012.0,0.0,3,3.0,3.0,2012-08-14,2012-11-19,2015-05-22,C0,,True,508 GLENMORE AVENUE,bin,3037250017,3037250017,False,3398337,hdb_bin
320537380,New Building,5. Completed Construction,3399061,3037250014,3,502,GLENMORE AVENUE,2015.0,2013.0,0.0,3,3.0,3.0,2012-08-14,2013-03-20,2015-05-22,C0,PROPOSED THREE FAMILY DWELLING  THE FILED APPLICATION IS COMPLETE AS REQUIRED IN ITEM 1 ABOVE. I WILL SELF-CERTIFY THE REMOVAL OF ALL OBJECTIONS TO BE ISSUED ON THIS APPLICATION,True,502 GLENMORE AVENUE,bin,3037250014,3037250014,False,3399061,hdb_bin
320537399,New Building,5. Completed Construction,3398336,3037250016,3,506,GLENMORE AVENUE,2015.0,2012.0,0.0,3,3.0,3.0,2012-08-14,2012-12-13,2015-05-22,C0,PROPOSED THREE FAMILY DWELLING  THE FILED APPLICATION IS COMPLETE AS REQUIRED IN ITEM 1 ABOVE. I WILL SELF-CERTIFY THE REMOVAL OF ALL OBJECTIONS TO BE ISSUED ON THIS APPLICATION,True,506 GLENMORE AVENUE,bin,3037250016,3037250016,False,3398336,hdb_bin
320537406,New Building,5. Completed Construction,3398335,3037250015,3,504,GLENMORE AVENUE,2015.0,2013.0,0.0,3,3.0,3.0,2012-08-14,2013-01-11,2015-05-15,C0,PROPOSED THREE FAMILY DWELLING  THE FILED APPLICATION IS COMPLETE AS REQUIRED IN ITEM 1 ABOVE. I WILL SELF-CERTIFY THE REMOVAL OF ALL OBJECTIONS TO BE ISSUED ON THIS APPLICATION,True,504 GLENMORE AVENUE,bin,3037250015,3037250015,False,3398335,hdb_bin
320548252,Alteration,5. Completed Construction,3087923,3039520023,3,2930,FULTON STREET,2013.0,2012.0,2.0,4,2.0,4.0,2012-08-24,2012-12-03,2013-12-23,K4,"CHANGE USE FROM MANUFACTURING TO COMMERCIAL ON FIRST FLOOR, COMMUNITY FACILITY ON SECOND FLOOR AND TWO FAMILY DWELLING ON THIRD FLOOR. OBTAIN NEW C OF O",True,2930 FULTON STREET,bin,3039520023,3039520023,False,3087923,hdb_bin
320550186,New Building,5. Completed Construction,3397849,3039830010,3,327,WARWICK STREET,2019.0,2014.0,0.0,2,2.0,2.0,2012-08-29,2014-07-24,2019-12-10,B1,,True,327 WARWICK STREET,bin,3039830010,3039830010,False,3397849,hdb_bin
320550195,New Building,5. Completed Construction,3397850,3039830011,3,329,WARWICK STREET,2019.0,2014.0,0.0,2,2.0,2.0,2012-08-29,2014-11-18,2019-12-10,B1,,True,329 WARWICK STREET,bin,3039830011,3039830011,False,3397850,hdb_bin
320550202,New Building,5. Completed Construction,3397851,3039830012,3,331,WARWICK STREET,2019.0,2014.0,0.0,2,2.0,2.0,2012-08-29,2014-11-18,2019-12-10,B1,,True,331 WARWICK STREET,bin,3039830012,3039830012,False,3397851,hdb_bin
320550211,New Building,5. Completed Construction,3397852,3039830013,3,333,WARWICK STREET,2019.0,2014.0,0.0,2,2.0,2.0,2012-08-29,2014-07-24,2019-12-10,B1,,True,333 WARWICK STREET,bin,3039830013,3039830013,False,3397852,hdb_bin
320550220,New Building,5. Completed Construction,3397853,3039830014,3,335,WARWICK STREET,2019.0,2014.0,0.0,2,2.0,2.0,2012-08-29,2014-07-24,2019-12-10,B1,,True,335 WARWICK STREET,bin,3039830014,3039830014,False,3397853,hdb_bin
320625310,New Building,5. Completed Construction,3425462,3036600029,3,100,NEW JERSEY AVENUE,2018.0,2016.0,0.0,0,0.0,39.0,2015-05-29,2016-01-14,2018-05-23,H3,PROPOSED 5-STORY NEW HOTEL,True,100 NEW JERSEY AVENUE,bin,3036600029,3036600029,False,3425462,hdb_bin
320596663,New Building,5. Completed Construction,3426301,3015400026,3,220,HULL STREET,2021.0,2017.0,0.0,28,28.0,28.0,2014-11-19,2017-03-03,2021-02-18,N2,,True,220 HULL STREET,bin,3015400026,3015400026,False,3426301,hdb_bin
320746993,Alteration,5. Completed Construction,3083559,3036900009,3,2724,ATLANTIC AVENUE,2015.0,2014.0,4.0,4,0.0,4.0,2013-05-10,2014-09-23,2015-06-24,S4,"AMEND C/O, REMOVE FIRST FLOOR BAKE SHOP USE, STORE USE TO REMAIN, SECOND AND THIRD FLOOR 2 FAMILIES EACH TO REMAIN, NO CHANGE TO OCCUPANCIS AND EGRESS, NO WORK TO BE DONE",True,2724 ATLANTIC AVENUE,bin,3036900009,3036900009,False,3083559,hdb_bin
320772507,Alteration,5. Completed Construction,3083804,3037200029,3,212,PENNSYLVANIA AVENUE,2015.0,2013.0,2.0,2,0.0,2.0,2013-07-30,2013-11-08,2015-02-26,C0,"INTERIOR &amp; EXTERIOR RENOVATION, RESTORE PREMISES TO LEGAL OCCUPANCY REMOVED DOB AND ECB VIOLATION 34562437Z, 3486148R,34864854N, 34884136R ADD NEW STAIRS TO ACCESS 1ST FLOOR,AND SOME MINOR PARTITIONS",True,212 PENNSYLVANIA AVENUE,bin,3037200029,3037200029,False,3083804,hdb_bin
320845635,New Building,5. Completed Construction,3083106,3036600002,3,27,PENNSYLVANIA AVENUE,2017.0,2014.0,0.0,0,0.0,61.0,2013-08-13,2014-10-30,2017-05-10,H3,PROPOSED 7-STORY NEW HOTEL.,True,27 PENNSYLVANIA AVENUE,bin,3036600002,3036600002,False,3083106,hdb_bin
320860975,New Building,5. Completed Construction,3413909,3015407503,3,151,SOMERS STREET,2018.0,2015.0,0.0,8,8.0,8.0,2014-01-21,2015-06-05,2018-12-04,R0,,True,151 SOMERS STREET,bbl,3015407503,3015407503,False,,no_footprint
320819708,Alteration,5. Completed Construction,3426956,3039770032,3,531,GLENMORE AVENUE,2023.0,2015.0,0.0,3,3.0,3.0,2014-06-03,2015-05-19,2023-07-17,C0,,True,531 GLENMORE AVENUE,bbl,3039770032,3039770032,False,3327140,lot_single_bin
320819717,Alteration,5. Completed Construction,3327140,3039770033,3,527,GLENMORE AVENUE,2023.0,2015.0,0.0,2,2.0,2.0,2014-06-03,2015-06-02,2023-08-14,B9,OBTAIN NEW CO AS 2-FAMILY DWELLING AS A RESULT OF LOT SUBDIVISION. PROPOSE 2 STORY HORIZONTAL ENLARGEMENT.,True,527 GLENMORE AVENUE,bin,3039770033,3039770033,False,3327140,hdb_bin
320912134,New Building,5. Completed Construction,3083402,3036750005,3,253,MOTHER GASTON BOULEVARD,2023.0,2019.0,0.0,19,19.0,19.0,2018-04-16,2019-11-13,2023-06-06,D1,,True,253 MOTHER GASTON BOULEVARD,bin,3036750005,3036750005,False,3083402,hdb_bin
320912321,New Building,5. Completed Construction,3427344,3039320001,3,2769,FULTON STREET,2025.0,2019.0,0.0,6,6.0,6.0,2018-04-28,2019-08-01,2025-08-29,S9,PROP. 6 FAMILY 4 STORY RESIDENTIAL AND COMMERCIAL MIX USE BUILDING. OBTAIN NEW CERTIFICATE OF OCCUPANCY,True,2769 FULTON STREET,bin,3039320001,3039320001,False,3427344,hdb_bin
320915006,New Building,5. Completed Construction,3427051,3040100014,3,309,VAN SICLEN AVENUE,2017.0,2015.0,0.0,8,8.0,8.0,2014-03-31,2015-05-13,2017-03-31,C1,"ERECT NEW 4 STORY, 8 FAMILY MULTIPLE DWELLING. CONSTRUCTION SQUARE FOOTAGE: 6828 SF.",True,309 VAN SICLEN AVENUE,bin,3040100014,3040100014,False,3427051,hdb_bin
320915630,New Building,5. Completed Construction,3426517,3039520022,3,2926,FULTON STREET,2019.0,2017.0,0.0,3,3.0,3.0,2014-04-25,2017-04-10,2019-05-14,S3,,True,2926 FULTON STREET,bin,3039520022,3039520022,False,3426517,hdb_bin
320873907,Demolition,5. Completed Construction,3083220,3036640052,3,2741,FULTON STREET,2013.0,2013.0,1.0,0,-1.0,,2013-09-12,2013-11-21,2013-11-21,C7,DEMOLITION OF STRUCTURE,True,2741 FULTON STREET,bin,3036640052,3036640052,False,3083220,hdb_bin
320921874,New Building,5. Completed Construction,3252792,3040040006,3,377,ESSEX STREET,2017.0,2015.0,0.0,2,2.0,2.0,2014-03-05,2015-08-03,2017-03-20,B1,"ERECT A 3-STORY , 2-FAMILY NEW BUILDING.",True,377 ESSEX STREET,bin,3040040006,3040040006,False,3252792,hdb_bin
320942922,Demolition,5. Completed Construction,3088440,3039760009,3,65,MONTAUK AVENUE,2014.0,2014.0,6.0,0,-6.0,,2014-04-02,2014-06-25,2014-06-25,V0,DEMOLITION OF 2 STY STRUCTURE HPD EMERGENCY PROJECT,True,65 MONTAUK AVENUE,bin,3039760009,3039760009,False,3088440,hdb_bin
320948551,Alteration,5. Completed Construction,3083980,3037420016,3,2178,PITKIN AVENUE,2023.0,2016.0,4.0,4,0.0,4.0,2014-02-14,2016-10-26,2023-06-08,S2,,True,2178 PITKIN AVENUE,bin,3037420016,3037420016,False,3083980,hdb_bin
320948560,Alteration,5. Completed Construction,3083981,3037420018,3,2182,PITKIN AVENUE,2022.0,2016.0,4.0,2,-2.0,2.0,2014-02-14,2016-09-27,2022-02-28,K4,,True,2182 PITKIN AVENUE,bin,3037420018,3037420018,False,3083981,hdb_bin
320959165,Demolition,5. Completed Construction,3088662,3039860022,3,400,LINWOOD STREET,2014.0,2014.0,2.0,0,-2.0,,2014-04-09,2014-09-16,2014-09-16,G0,DEMOLITION OF STRUCTURE,True,400 LINWOOD STREET,bin,3039860022,3039860022,False,3088662,hdb_bin
320963132,New Building,5. Completed Construction,3426099,3014440042,3,2457,DEAN STREET,2017.0,2014.0,0.0,0,0.0,62.0,2014-05-08,2014-12-03,2017-07-07,H3,,True,2457 DEAN STREET,bin,3014440042,3014440042,False,3426099,hdb_bin
320972471,Demolition,5. Completed Construction,3326728,3036870012,3,117,PENNSYLVANIA AVENUE,2015.0,2015.0,2.0,0,-2.0,,2014-09-09,2015-08-14,2015-08-14,O7,FULL DEMOLITION OF 2 STORY AND CELLAR BRICK BUILDING.,True,117 PENNSYLVANIA AVENUE,bin,3036870012,3036870012,False,3326728,hdb_bin
321050214,Demolition,5. Completed Construction,3087520,3039340050,3,169,HENDRIX STREET,2015.0,2015.0,4.0,0,-4.0,,2015-01-23,2015-02-05,2015-02-05,G0,DEMOLITION OF 1-3 STY STRUCTURE HPD EMERGENCY PROJECT,True,169 HENDRIX STREET,bin,3039340050,3039340050,False,3087520,hdb_bin
321066573,New Building,3. Permitted for Construction,3426612,3036710143,3,149,NEW JERSEY AVENUE,,2019.0,0.0,0,0.0,,2014-12-26,2019-08-02,,H3,,False,149 NEW JERSEY AVENUE,bbl,3036710143,3036710143,False,,no_footprint
321074145,New Building,5. Completed Construction,3426598,3036690007,3,51,SHEFFIELD AVENUE,2023.0,2020.0,0.0,0,0.0,69.0,2018-11-09,2020-01-21,2023-11-16,H3,,True,51 SHEFFIELD AVENUE,bin,3036690007,3036690007,False,3426598,hdb_bin
321074190,New Building,5. Completed Construction,3425972,3036690005,3,55,SHEFFIELD AVENUE,2023.0,2020.0,0.0,0,0.0,69.0,2018-11-09,2020-02-03,2023-12-28,H3,PROPOSED 9-STORY HOTEL,True,55 SHEFFIELD AVENUE,bin,3036690005,3036690005,False,3425972,hdb_bin
320880971,Demolition,5. Completed Construction,3328369,3039630021,3,204,SCHENCK AVENUE,2013.0,2013.0,1.0,0,-1.0,,2013-10-15,2013-11-21,2013-11-21,C1,DEMOLITION OF STRUCTURE,True,204 SCHENCK AVENUE,bbl,3039630021,3039630021,False,,no_footprint
320896349,New Building,5. Completed Construction,3427077,3040057501,3,2501,PITKIN AVENUE,2018.0,2015.0,0.0,60,60.0,60.0,2013-11-08,2015-10-29,2018-04-27,R0,,True,2501 PITKIN AVENUE,bin,3040057501,3040050028,True,3427077,hdb_bin
320899998,Alteration,5. Completed Construction,3088128,3039570037,3,194,SHEPHERD AVENUE,2022.0,2014.0,1.0,2,1.0,2.0,2013-09-16,2014-08-21,2022-03-02,B3,,True,194 SHEPHERD AVENUE,bin,3039570037,3039570037,False,3088128,hdb_bin
321154273,Demolition,5. Completed Construction,3094648,3042110034,3,468,CHESTNUT STREET,2016.0,2016.0,5.0,0,-5.0,,2015-11-13,2016-09-21,2016-09-21,Z0,"HPD EMERGENCY DECLARATION FULL DEMOLITION OF 3 STORY WOOD-FRAME BUILDING, APPROX 20' FEET WIDE BY 30' FEET DEEP.",True,468 CHESTNUT STREET,bbl,3042110034,3042110034,False,,no_footprint
321130192,Demolition,5. Completed Construction,3089107,3040100025,3,382,HENDRIX STREET,2015.0,2015.0,3.0,0,-3.0,,2015-06-23,2015-08-12,2015-08-12,V1,HPD EMERGENCY DELCARARTION FOR FULL DEMOLITION OF 2 STORY WOOD FRAME HOUSE,True,382 HENDRIX STREET,bin,3040100025,3040100025,False,3089107,hdb_bin
321184446,New Building,5. Completed Construction,3428606,3041437501,3,250,EUCLID AVENUE,2024.0,2021.0,0.0,403,403.0,403.0,2017-01-27,2021-07-01,2024-02-01,R0,,True,250 EUCLID AVENUE,bbl,3041437501,3041437501,False,,no_footprint
321184491,New Building,5. Completed Construction,3328398,3039710049,3,735,LIBERTY AVENUE,2021.0,2019.0,0.0,10,10.0,10.0,2017-02-02,2019-01-17,2021-12-07,C7,"PROPOSED NEW 4 STORY AND CELLAR BUILDING, 10 RESIDENTIAL UNITS, 1 STORE ON FIRST FLOOR",True,735 LIBERTY AVENUE,bin,3039710049,3039710049,False,3328398,hdb_bin
321184507,Alteration,5. Completed Construction,3088390,3039710047,3,737,LIBERTY AVENUE,2020.0,2018.0,3.0,10,7.0,10.0,2017-02-02,2018-09-18,2020-04-16,C1,"PROPOSED HORIZONTAL AND VERTICAL ENLARGEMENT OF EXISTING 3 STORY, 3 UNITS AND 1 STORE BUILDING; NEW 4TH FLOOR AND REAR EXTENSION TO CREATE 10 CLASS A APARTMENTS.",True,737 LIBERTY AVENUE,bin,3039710047,3039710047,False,3088390,hdb_bin
321193944,New Building,5. Completed Construction,3425163,3039710019,3,315,LINWOOD STREET,2020.0,2018.0,0.0,100,100.0,100.0,2017-06-29,2018-06-28,2020-05-27,D6,A 10 STORY NEW BUILDING,True,315 LINWOOD STREET,bin,3039710019,3039710019,False,3425163,hdb_bin
321194676,New Building,5. Completed Construction,3426341,3040020014,3,734,GLENMORE AVENUE,2022.0,2019.0,0.0,3,3.0,3.0,2017-07-27,2019-08-05,2022-06-29,C0,,True,734 GLENMORE AVENUE,bin,3040020014,3040020014,False,3426341,hdb_bin
321194685,New Building,5. Completed Construction,3424440,3040020013,3,730,GLENMORE AVENUE,2022.0,2019.0,0.0,3,3.0,3.0,2017-07-27,2019-08-05,2022-08-01,C0,HEREWITH TO PROPOSE 3 STORY BUILDING WITH 3 FAMILY DWELLING,True,730 GLENMORE AVENUE,bin,3040020013,3040020013,False,3424440,hdb_bin
321327863,New Building,3. Permitted for Construction,3256553,3039920014,3,842,LIBERTY AVENUE,,2022.0,0.0,8,8.0,,2016-03-16,2022-04-28,,C1,,False,842 LIBERTY AVENUE,bin,3039920014,3039920014,False,3256553,hdb_bin
321327934,Alteration,5. Completed Construction,3088127,3039570035,3,190,SHEPHERD AVENUE,2018.0,2017.0,1.0,2,1.0,2.0,2016-05-20,2017-07-13,2018-10-03,B2,"INTERIOR RENOVATION, REAR HORIZONTAL AND VERTICAL ENLARGEMENT, CONVERSION FROM ONE TO TWO FAMILY DWELLING, + PARTIAL INTERIOR DEMO + AS PER PLAN",True,190 SHEPHERD AVENUE,bin,3039570035,3039570035,False,3088127,hdb_bin
321383702,New Building,5. Completed Construction,3428706,3036697501,3,62,PENNSYLVANIA AVENUE,2021.0,2019.0,0.0,218,218.0,218.0,2018-07-30,2019-07-26,2021-12-14,D7,,True,62 PENNSYLVANIA AVENUE,bbl,3036697501,3036697501,False,,no_footprint
321384177,New Building,5. Completed Construction,3426244,3041427501,3,110,DINSMORE PLACE,2022.0,2020.0,0.0,275,275.0,275.0,2018-08-08,2020-01-23,2022-07-15,D6,,True,110 DINSMORE PLACE,bbl,3041427501,3041427501,False,,no_footprint
321384266,New Building,5. Completed Construction,3423889,3015430060,3,79,TRUXTON STREET,2020.0,2019.0,0.0,8,8.0,8.0,2018-09-06,2019-02-20,2020-12-04,C1,,True,79 TRUXTON STREET,bin,3015430060,3015430060,False,3423889,hdb_bin
321384337,New Building,5. Completed Construction,3426287,3041547501,3,265,LOGAN STREET,2025.0,2022.0,0.0,343,343.0,343.0,2018-09-17,2022-09-29,2025-03-20,R0,,True,265 LOGAN STREET,bbl,3041547501,3041547501,False,,no_footprint
321386184,New Building,5. Completed Construction,3426630,3041920001,3,961,GLENMORE AVENUE,2024.0,2020.0,0.0,2,2.0,2.0,2019-02-07,2020-08-31,2024-06-07,B1,,True,961 GLENMORE AVENUE,bin,3041920001,3041920001,False,3426630,hdb_bin
321386193,New Building,5. Completed Construction,3426631,3041920047,3,963,GLENMORE AVENUE,2024.0,2020.0,0.0,2,2.0,2.0,2019-02-07,2020-08-31,2024-07-26,B1,,True,963 GLENMORE AVENUE,bin,3041920047,3041920047,False,3426631,hdb_bin
321436326,Demolition,5. Completed Construction,3083290,3036700025,3,118,NEW JERSEY AVENUE,2020.0,2020.0,2.0,0,-2.0,,2019-09-04,2020-07-17,2020-07-17,V1,THIS APPLICATION IS FILED FOR EXISTING HOUSE FULL DEMOLITION. THIS PROPOSED DEMOLITION   WILL BE DONE BY HANDHELD DEVICE.,True,118 NEW JERSEY AVENUE,bbl,3036700025,3036700025,False,,no_footprint
321400462,Alteration,5. Completed Construction,3088475,3039770001,3,275,MILLER AVENUE,2021.0,2017.0,0.0,7,7.0,7.0,2016-06-08,2017-04-26,2021-07-22,C1,CONVERSION TO 7-UNIT RESIDENCE,True,275 MILLER AVENUE,bin,3039770001,3039770001,False,3088475,hdb_bin
321484078,New Building,5. Completed Construction,3428703,3015430014,3,102,SOMERS STREET,2020.0,2017.0,0.0,8,8.0,8.0,2016-11-22,2017-09-27,2020-02-07,C1,,True,102 SOMERS STREET,bin,3015430014,3015430014,False,3428703,hdb_bin
321486771,Alteration,5. Completed Construction,3087714,3039430016,3,3043,FULTON STREET,2020.0,2019.0,0.0,2,2.0,2.0,2017-09-25,2019-04-03,2020-12-17,S2,,True,3043 FULTON STREET,bin,3039430016,3039430016,False,3087714,hdb_bin
321469718,Alteration,5. Completed Construction,3094702,3042150008,3,393,PINE STREET,2019.0,2017.0,1.0,2,1.0,2.0,2016-10-24,2017-05-16,2019-07-17,B3,"APPLICATION FILE TO CONVERT FROM ONE TO TWO FAMILY DWELLING, INTERIOR RENOVATION.",True,393 PINE STREET,bin,3042150008,3042150008,False,3094702,hdb_bin
321497457,Alteration,5. Completed Construction,3089337,3040230012,3,199,ATKINS AVENUE,2019.0,2017.0,0.0,2,2.0,2.0,2017-02-07,2017-06-22,2019-04-10,S1,"CONVERT EXISTING MEDICAL OFFICE BACK TO 2 FAMILIES HOUSE, OBTAIN NEW C/O",True,199 ATKINS AVENUE,bin,3040230012,3040230012,False,3089337,hdb_bin
321511271,Demolition,5. Completed Construction,3426341,3040020014,3,734,GLENMORE AVENUE,2017.0,2017.0,1.0,0,-1.0,,2017-01-18,2017-05-10,2017-05-10,C0,ONE FAMILY HOUSE DEMEO,True,734 GLENMORE AVENUE,bin,3040020014,3040020014,False,3426341,hdb_bin
321517827,New Building,5. Completed Construction,3424409,3039980025,3,396,WARWICK STREET,2025.0,2020.0,0.0,2,2.0,2.0,2017-02-21,2020-03-13,2025-07-30,B2,,True,396 WARWICK STREET,bin,3039980025,3039980025,False,3424409,hdb_bin
321562000,New Building,5. Completed Construction,3426962,3040000027,3,438,CLEVELAND STREET,2019.0,2018.0,0.0,2,2.0,2.0,2017-04-24,2018-03-12,2019-08-22,B1,,True,438 CLEVELAND STREET,bin,3040000027,3040000027,False,3426962,hdb_bin
321566934,New Building,5. Completed Construction,3430179,3039330055,3,2795,FULTON STREET,2025.0,2024.0,0.0,51,51.0,51.0,2017-08-02,2024-08-20,2025-05-28,D6,,True,2795 FULTON STREET,bin,3039330055,3039330055,False,3430179,hdb_bin
321584834,New Building,5. Completed Construction,3427274,3036730005,3,105,WYONA STREET,2022.0,2018.0,0.0,3,3.0,3.0,2017-05-26,2018-07-27,2022-07-12,C0,"PROPOSED NEW(3)STORY WITH CELLAR, (3) DWELLING UNIT RESIDENTIAL BUILDING",True,105 WYONA STREET,bin,3036730005,3036730005,False,3427274,hdb_bin
321584843,New Building,5. Completed Construction,3083350,3036730004,3,107,WYONA STREET,2022.0,2018.0,0.0,3,3.0,3.0,2017-05-26,2018-07-27,2022-05-03,C0,"PROPOSED NEW (3) STORY WITH CELLAR, (3) DWELLING UNIT RESIDENTIAL BUILDING.",True,107 WYONA STREET,bin,3036730004,3036730004,False,3083350,hdb_bin
321591782,New Building,2. Approved Application,3428665,3037250012,3,492,GLENMORE AVENUE,,,0.0,6,6.0,,2020-05-11,,,V0,,False,492 GLENMORE AVENUE,bbl,3037250012,3037250012,False,,no_footprint
321593584,New Building,5. Completed Construction,3428627,3041530040,3,3192,ATLANTIC AVENUE,2023.0,2020.0,0.0,0,0.0,61.0,2019-06-13,2020-06-08,2023-06-01,H3,,True,3192 ATLANTIC AVENUE,bin,3041530040,3041530040,False,3428627,hdb_bin
321594137,New Building,5. Completed Construction,3428817,3039647501,3,268,BARBEY STREET,2024.0,2021.0,0.0,320,320.0,320.0,2019-06-27,2021-12-23,2024-04-11,D6,,True,268 BARBEY STREET,bbl,3039647501,3039647501,False,,no_footprint
321594226,New Building,5. Completed Construction,3428526,3042147501,3,437,EUCLID AVENUE,2024.0,2022.0,0.0,135,135.0,135.0,2019-06-28,2022-07-07,2024-04-10,R0,,True,437 EUCLID AVENUE,bbl,3042147501,3042147501,False,,no_footprint
321595341,New Building,5. Completed Construction,3428580,3037060012,3,221,VERMONT STREET,2023.0,2020.0,0.0,11,11.0,11.0,2019-10-17,2020-09-22,2023-10-12,C1,,True,221 VERMONT STREET,bin,3037060012,3037060012,False,3428580,hdb_bin
321595350,New Building,5. Completed Construction,3428583,3039560059,3,190,ESSEX STREET,2023.0,2020.0,0.0,15,15.0,15.0,2019-10-17,2020-09-22,2023-09-21,C1,,True,190 ESSEX STREET,bin,3039560059,3039560059,False,3428583,hdb_bin
321595412,Alteration,3. Permitted for Construction,3087517,3039340047,3,2823,FULTON STREET,,2023.0,2.0,2,0.0,,2019-10-21,2023-04-21,,S2,"VERTICAL ENLARGEMENT FOR EXISTING 2 STORY BUILDING AND CONVERSION OF FIRST FLOOR TO COMMERCIAL SPACE, SECOND AND THIRD FLOORS RESIDENTIAL ONE DWELLING EACH.",False,2823 FULTON STREET,bin,3039340047,3039340047,False,3087517,hdb_bin
321595699,New Building,1. Filed Application,3252981,3042080010,3,175,MILFORD STREET,,,0.0,3,3.0,,2019-11-07,,,V0,,False,175 MILFORD STREET,bbl,3042080010,3042080010,False,,no_footprint
321595859,New Building,1. Filed Application,3252982,3042080035,3,446,LOGAN STREET,,,0.0,3,3.0,,2019-11-13,,,V0,,False,446 LOGAN STREET,bbl,3042080035,3042080035,False,,no_footprint
321595939,Alteration,5. Completed Construction,3083727,3037080015,3,486,LIBERTY AVENUE,2024.0,2021.0,0.0,0,0.0,11.0,2019-11-18,2021-05-19,2024-01-22,HH,,True,486 LIBERTY AVENUE,bin,3037080015,3037080015,False,3083727,hdb_bin
321596242,New Building,5. Completed Construction,3428642,3040040022,3,396,SHEPHERD AVENUE,2022.0,2021.0,0.0,7,7.0,7.0,2019-12-05,2021-01-07,2022-11-14,C1,,True,396 SHEPHERD AVENUE,bin,3040040022,3040040022,False,3428642,hdb_bin
321596821,New Building,5. Completed Construction,3424747,3041530025,3,29,MILFORD STREET,2022.0,2020.0,0.0,2,2.0,2.0,2020-01-09,2020-11-02,2022-03-08,B1,HEREWITH FILED ONE(1)NEW THREE(3)STORY TWO(2)FAMILY RESIDENTIAL BUILDING.,True,29 MILFORD STREET,bin,3041530025,3041530025,False,3424747,hdb_bin
321597009,New Building,5. Completed Construction,3392571,3039980030,3,410,WARWICK STREET,2023.0,2021.0,0.0,58,58.0,58.0,2019-08-22,2021-07-07,2023-08-17,D1,,True,410 WARWICK STREET,bin,3039980030,3039980030,False,3392571,hdb_bin
321597884,New Building,5. Completed Construction,3042292,3015530037,3,1405,HERKIMER STREET,2021.0,2020.0,0.0,9,9.0,9.0,2019-09-20,2020-06-29,2021-12-08,C1,,True,1405 HERKIMER STREET,bin,3015530037,3015530037,False,3042292,hdb_bin
321597955,New Building,2. Approved Application,3089182,3040150022,3,2358,PITKIN AVENUE,,,0.0,26,26.0,,2019-09-23,,,V1,,False,2358 PITKIN AVENUE,bbl,3040150022,3040150022,False,,no_footprint
321600139,New Building,5. Completed Construction,3414073,3036750025,3,103,LIBERTY AVENUE,2023.0,2022.0,0.0,58,58.0,58.0,2021-02-17,2022-02-11,2023-01-30,D6,,True,103 LIBERTY AVENUE,bin,3036750025,3036750025,False,3414073,hdb_bin
321601263,New Building,3. Permitted for Construction,3430200,3014370046,3,2425,PACIFIC STREET,,2023.0,0.0,236,236.0,,2022-08-24,2023-10-24,,D6,FILING HEREWITH TO ERECT A 10-STORY MIX USE BUILDING AS PER PLANS FILED HEREWITH.,False,2425 PACIFIC STREET,bbl,3014370046,3014370046,False,,no_footprint
321525257,Demolition,5. Completed Construction,3426598,3036690007,3,49,SHEFFIELD AVENUE,2018.0,2018.0,3.0,0,-3.0,,2017-12-22,2018-10-09,2018-10-09,H3,THIS JOB IS FILED FOR DEMOLITION OF A 3-STORY BUILDING AT 49 SHEFFIELD AVENUE,True,49 SHEFFIELD AVENUE,bin,3036690007,3036690007,False,3426598,hdb_bin
321525266,Demolition,5. Completed Construction,3426598,3036690007,3,51,SHEFFIELD AVENUE,2018.0,2018.0,3.0,0,-3.0,,2017-12-22,2018-10-15,2018-10-15,H3,THIS JOB IS FILED FOR DEMOLITION OF A 3-STORY BUILDING AT 51 SHEFFIELD AVENUE,True,51 SHEFFIELD AVENUE,bin,3036690007,3036690007,False,3426598,hdb_bin
321525275,Demolition,5. Completed Construction,3426598,3036690007,3,53,SHEFFIELD AVENUE,2018.0,2018.0,2.0,0,-2.0,,2017-12-22,2018-10-24,2018-10-24,H3,THIS JOB IS FILED FOR DEMOLITION OF A 2-STORY BUILDING AT 53 SHEFFIELD AVENUE,True,53 SHEFFIELD AVENUE,bin,3036690007,3036690007,False,3426598,hdb_bin
321538975,Demolition,5. Completed Construction,3083350,3036730004,3,107,WYONA STREET,2017.0,2017.0,1.0,0,-1.0,,2017-05-08,2017-08-16,2017-08-16,C0,,True,107 WYONA STREET,bin,3036730004,3036730004,False,3083350,hdb_bin
321618120,Alteration,5. Completed Construction,3087761,3039460039,3,2783,ATLANTIC AVENUE,2019.0,2017.0,2.0,2,0.0,2.0,2017-07-10,2017-12-13,2019-07-26,K4,MODIFY THE CERTIFICATE OF OCCUPANCY TO REFLECT THE EXISTING DRINKING AND EATING FACILITY IN THE CELLAR AND FIRST FLOOR.,True,2783 ATLANTIC AVENUE,bin,3039460039,3039460039,False,3087761,hdb_bin
321621937,New Building,3. Permitted for Construction,3424449,3039850001,3,395,CLEVELAND STREET,,2023.0,0.0,3,3.0,,2017-07-14,2023-05-08,,C0,,False,395 CLEVELAND STREET,bin,3039850001,3039850001,False,3424449,hdb_bin
321621946,New Building,3. Permitted for Construction,3429478,3039850003,3,389,CLEVELAND STREET,,2023.0,0.0,3,3.0,,2017-07-14,2023-04-28,,C0,,False,389 CLEVELAND STREET,bbl,3039850003,3039850003,False,,no_footprint
321623463,New Building,5. Completed Construction,3425600,3015740019,3,6,HAVENS PLACE,2019.0,2018.0,0.0,6,6.0,6.0,2017-08-03,2018-05-02,2019-11-01,C2,,True,6 HAVENS PLACE,bin,3015740019,3015740019,False,3425600,hdb_bin
321628253,Demolition,5. Completed Construction,3088177,3039590011,3,195,HIGHLAND PLACE,2021.0,2021.0,2.0,0,-2.0,,2019-11-01,2021-09-16,2021-09-16,M9,FULL DEMOLITION OF A TWO STORY RESIDENTIAL BUILDING.FENCE FILED UNDER SEPARATED APPLICATION.,True,195 HIGHLAND PLACE,bin,3039590011,3039590011,False,3088177,hdb_bin
321633103,New Building,5. Completed Construction,3427302,3015740021,3,14,HAVENS PLACE,2019.0,2018.0,0.0,7,7.0,7.0,2017-08-03,2018-04-26,2019-11-01,C1,,True,14 HAVENS PLACE,bin,3015740021,3015740021,False,3427302,hdb_bin
321635637,New Building,5. Completed Construction,3426568,3040060013,3,820,GLENMORE AVENUE,2020.0,2019.0,0.0,79,79.0,79.0,2017-08-09,2019-01-16,2020-09-09,D3,,True,820 GLENMORE AVENUE,bin,3040060013,3040060013,False,3426568,hdb_bin
321696928,New Building,5. Completed Construction,3083379,3036740016,3,2746,FULTON STREET,2020.0,2019.0,0.0,9,9.0,9.0,2017-12-22,2019-01-02,2020-01-24,C7,,True,2746 FULTON STREET,bin,3036740016,3036740016,False,3083379,hdb_bin
321642273,New Building,5. Completed Construction,3429915,3036730014,3,2718,FULTON STREET,2024.0,2020.0,0.0,0,0.0,102.0,2017-08-18,2020-06-29,2024-07-30,H3,,True,2718 FULTON STREET,bin,3036730014,3036730014,False,3429915,hdb_bin
321646215,New Building,5. Completed Construction,3428771,3041570032,3,975,LIBERTY AVENUE,2020.0,2018.0,0.0,41,41.0,41.0,2017-09-01,2018-08-01,2020-06-04,D7,,True,975 LIBERTY AVENUE,bin,3041570032,3041570032,False,3428771,hdb_bin
321658924,New Building,5. Completed Construction,3425590,3014560001,3,2178,BERGEN STREET,2020.0,2019.0,0.0,33,33.0,33.0,2017-10-19,2019-03-01,2020-02-13,C1,,True,2178 BERGEN STREET,bin,3014560001,3014560001,False,3425590,hdb_bin
321660332,New Building,5. Completed Construction,3319656,3040030035,3,2437,PITKIN AVENUE,2020.0,2019.0,0.0,32,32.0,32.0,2017-09-27,2019-01-04,2020-10-30,D6,,True,2437 PITKIN AVENUE,bin,3040030035,3040030035,False,3319656,hdb_bin
321662928,New Building,5. Completed Construction,3425973,3037030001,3,369,GLENMORE AVENUE,2021.0,2018.0,0.0,0,0.0,40.0,2017-10-03,2018-05-04,2021-12-06,H3,PROPOSED 3-STORY HOTEL,True,369 GLENMORE AVENUE,bin,3037030001,3037030001,False,3425973,hdb_bin
321672061,New Building,5. Completed Construction,3414602,3039680037,3,671,LIBERTY AVENUE,2019.0,2018.0,0.0,10,10.0,10.0,2017-12-28,2018-05-21,2019-07-17,C7,NEW 10 FAMILY DWELLING WITH SMALL COMMERCIAL SPACE.,True,671 LIBERTY AVENUE,bin,3039680037,3039680037,False,3414602,hdb_bin
321676986,Demolition,5. Completed Construction,3083824,3037220008,3,273,NEW JERSEY AVENUE,2018.0,2018.0,1.0,0,-1.0,,2017-10-30,2018-01-30,2018-01-30,V0,FULL DEMOLITION OF 2 STORY FULLY DETACHED RESIDENTIAL BUILDING TO COMPLY WITH HPD IMMEDIATE EMERGENCY DECLARATION DEMOLITION.,True,273 NEW JERSEY AVENUE,bin,3037220008,3037220008,False,3083824,hdb_bin
321681505,New Building,5. Completed Construction,3083220,3036640052,3,2741,FULTON STREET,2021.0,2019.0,0.0,10,10.0,10.0,2018-01-16,2019-11-15,2021-06-16,C7,,True,2741 FULTON STREET,bin,3036640052,3036640052,False,3083220,hdb_bin
321731453,Alteration,5. Completed Construction,3088748,3039910037,3,849,GLENMORE AVENUE,2021.0,2019.0,1.0,2,1.0,2.0,2018-08-24,2019-07-18,2021-02-18,B3,"CELLAR, 1ST FLOOR AND 2ND FLOOR + INTERIOR WORK + CONCERSION FROM ONE TO TWO FAMILY DWELLING.",True,849 GLENMORE AVENUE,bin,3039910037,3039910037,False,3088748,hdb_bin
321703705,Demolition,5. Completed Construction,3087869,3039500047,3,2863,ATLANTIC AVENUE,2018.0,2018.0,2.0,0,-2.0,,2018-01-11,2018-04-26,2018-04-26,V1,THIS IS A FULL DEMOLITION OF 2 STORY MIXED RESIDENTIAL AND COMMERCIAL BUILDING. PLANS SUBMITTED.   FENCE FILED UNDER SEPARATE APPLICATION.,True,2863 ATLANTIC AVENUE,bbl,3039500047,3039500047,False,,no_footprint
321718361,Demolition,5. Completed Construction,3328398,3039710049,3,735,LIBERTY AVENUE,2018.0,2018.0,1.0,0,-1.0,,2018-05-23,2018-07-25,2018-07-25,C7,FULL DEMOLITION OF EXISTING BUILDING,True,735 LIBERTY AVENUE,bin,3039710049,3039710049,False,3328398,hdb_bin
321718414,Demolition,5. Completed Construction,3328398,3039710049,3,735 REAR,LIBERTY AVENUE,2018.0,2018.0,1.0,0,-1.0,,2018-05-29,2018-07-25,2018-07-25,C7,FULL DEMOLITION OF EXISTING BUILDING,True,735 REAR LIBERTY AVENUE,bin,3039710049,3039710049,False,3328398,hdb_bin
321719100,New Building,3. Permitted for Construction,3428836,3039570001,3,213,ESSEX STREET,,2020.0,0.0,6,6.0,,2018-03-16,2020-08-27,,C2,,False,213 ESSEX STREET,bbl,3039570001,3039570001,False,,no_footprint
321719173,New Building,3. Permitted for Construction,3088346,3039670037,3,651,LIBERTY AVENUE,,2024.0,0.0,28,28.0,,2018-03-16,2024-08-30,,C1,,False,651 LIBERTY AVENUE,bbl,3039670037,3039670037,False,,no_footprint
321766282,New Building,3. Permitted for Construction,3429006,3039670010,3,283,WARWICK STREET,,2021.0,0.0,10,10.0,,2019-06-03,2021-06-22,,C1,"PROPOSE 4 STORY, 10-FAMILY DWELLING.",False,283 WARWICK STREET,bbl,3039670010,3039670010,False,3088334,lot_single_bin
321801225,Alteration,3. Permitted for Construction,3094586,3042090027,3,188,FOUNTAIN AVENUE,,2019.0,1.0,2,1.0,,2018-07-09,2019-08-16,,B1,,False,188 FOUNTAIN AVENUE,bin,3042090027,3042090027,False,3094586,hdb_bin
321813524,New Building,3. Permitted for Construction,3380644,3041930129,3,30,DOSCHER STREET,,2022.0,0.0,2,2.0,,2018-07-24,2022-06-21,,B2,,False,30 DOSCHER STREET,bbl,3041930129,3041930129,False,,no_footprint
321779517,Demolition,5. Completed Construction,3088108,3039570001,3,213,ESSEX STREET,2020.0,2020.0,1.0,0,-1.0,,2018-03-23,2020-02-10,2020-02-10,C2,DEMO OF ON FAMILY DWELLING,True,213 ESSEX STREET,bbl,3039570001,3039570001,False,,no_footprint
321785127,Alteration,5. Completed Construction,3088633,3039840019,3,376,CLEVELAND STREET,2025.0,2022.0,0.0,3,3.0,3.0,2019-06-25,2022-08-25,2025-09-19,C0,,True,376 CLEVELAND STREET,bin,3039840019,3039840019,False,3088633,hdb_bin
321794858,Demolition,5. Completed Construction,3083379,3036740016,3,2746,FULTON STREET,2018.0,2018.0,2.0,0,-2.0,,2018-04-13,2018-06-29,2018-06-29,C7,LEGALIZATION OF DEMOLITION,True,2746 FULTON STREET,bin,3036740016,3036740016,False,3083379,hdb_bin
321903188,Demolition,5. Completed Construction,3426643,3014500001,3,221,MOTHER GASTON BOULEVARD,2019.0,2019.0,2.0,0,-2.0,,2019-01-10,2019-05-06,2019-05-06,D6,DEMOLITION OF A TWO STORY HOUSE,True,221 MOTHER GASTON BOULEVARD,bin,3014500001,3014500001,False,3426643,hdb_bin
321904631,New Building,5. Completed Construction,3088392,3039710051,3,729,LIBERTY AVENUE,2021.0,2020.0,0.0,10,10.0,10.0,2019-01-10,2020-06-01,2021-12-22,C7,,True,729 LIBERTY AVENUE,bin,3039710051,3039710051,False,3088392,hdb_bin
321907825,Demolition,5. Completed Construction,3083538,3036880037,3,399,LIBERTY AVENUE,2019.0,2019.0,2.0,0,-2.0,,2019-01-07,2019-06-27,2019-06-27,V1,FILING FOR FULL DEMOLITION,True,399 LIBERTY AVENUE,bin,3036880037,3036880037,False,3083538,hdb_bin
321907834,Demolition,5. Completed Construction,3083539,3036880038,3,397,LIBERTY AVENUE,2019.0,2019.0,2.0,0,-2.0,,2019-01-07,2019-06-27,2019-06-27,V1,,True,397 LIBERTY AVENUE,bin,3036880038,3036880038,False,3083539,hdb_bin
321910777,Alteration,3. Permitted for Construction,3083106,3036600002,3,27,PENNSYLVANIA AVENUE,,2019.0,61.0,56,-5.0,,2019-03-05,2019-10-16,,H3,AMEND EXISTING C/O FROM 61 GUEST ROOM TO 56 GUEST ROOM AT 1ST AND 2ND LFOOR,False,27 PENNSYLVANIA AVENUE,bin,3036600002,3036600002,False,3083106,hdb_bin
321912748,Alteration,5. Completed Construction,3088322,3039650031,3,601,LIBERTY AVENUE,2020.0,2019.0,2.0,3,1.0,3.0,2019-03-01,2019-06-20,2020-02-10,C0,TO CONVERT THE FIRST FLOOR'S OCCUPANCY FROM STORE TO DWELLING.,True,601 LIBERTY AVENUE,bin,3039650031,3039650031,False,3088322,hdb_bin
321825959,New Building,5. Completed Construction,3088714,3039880035,3,777,GLENMORE AVENUE,2021.0,2020.0,0.0,32,32.0,32.0,2018-08-23,2020-06-16,2021-11-30,D3,,True,777 GLENMORE AVENUE,bin,3039880035,3039880035,False,3088714,hdb_bin
321835430,New Building,5. Completed Construction,3088675,3039870010,3,720,LIBERTY AVENUE,2023.0,2021.0,0.0,10,10.0,10.0,2018-09-21,2021-01-12,2023-01-20,C7,,True,720 LIBERTY AVENUE,bin,3039870010,3039870010,False,3088675,hdb_bin
321836509,Alteration,5. Completed Construction,3088443,3039760015,3,49,MONTAUK AVENUE,2020.0,2019.0,2.0,2,0.0,2.0,2018-09-14,2019-05-14,2020-04-29,B2,,True,49 MONTAUK AVENUE,bin,3039760015,3039760015,False,3088443,hdb_bin
321930531,Demolition,5. Completed Construction,3087692,3039410019,3,2999,FULTON STREET,2019.0,2019.0,4.0,0,-4.0,,2019-03-08,2019-06-14,2019-06-14,V1,FULL DEMOLITION OF 3 STORY SEMI-DETACHED WOOD FRAMED MIXED USE BUILDING TO COMPLY WITH NYC HPD IMMEDIATE EMERGENCY DECLARATION. BUILDING IS AT RISK OF COLLAPSE AND IS CONSIDERED TO BE A DANGER TO THE PUBLIC AND ADJACENT BUILDINGS.,True,2999 FULTON STREET,bin,3039410019,3039410019,False,3087692,hdb_bin
321931898,Demolition,5. Completed Construction,3088392,3039710051,3,729,LIBERTY AVENUE,2019.0,2019.0,2.0,0,-2.0,,2019-03-12,2019-12-05,2019-12-05,C7,PROPOSE FULL DEMOLITION OF EXISTING TWO STORY FRAMED BUILDING WITH BASEMENT.,True,729 LIBERTY AVENUE,bin,3039710051,3039710051,False,3088392,hdb_bin
321915718,New Building,5. Completed Construction,3426643,3014500001,3,2175,BERGEN STREET,2020.0,2019.0,0.0,41,41.0,41.0,2019-02-19,2019-11-07,2020-10-19,D6,,True,2175 BERGEN STREET,bin,3014500001,3014500001,False,3426643,hdb_bin
321922568,Alteration,5. Completed Construction,3094628,3042110003,3,133,CRYSTAL STREET,2025.0,2020.0,1.0,2,1.0,2.0,2019-06-04,2020-01-10,2025-03-14,B3,,True,133 CRYSTAL STREET,bin,3042110003,3042110003,False,3094628,hdb_bin
321939676,New Building,5. Completed Construction,3087808,3039480043,3,2817,ATLANTIC AVENUE,2022.0,2021.0,0.0,68,68.0,68.0,2019-04-02,2021-05-05,2022-11-21,D7,,True,2817 ATLANTIC AVENUE,bin,3039480043,3039480043,False,3087808,hdb_bin
321952017,Demolition,5. Completed Construction,3428627,3041530040,3,3294,ATLANTIC AVENUE,2019.0,2019.0,1.0,0,-1.0,,2019-07-25,2019-11-27,2019-11-27,H3,DEMO OF ONE STORY STRUCTURE,True,3294 ATLANTIC AVENUE,bin,3041530040,3041530040,False,3428627,hdb_bin
321974388,New Building,5. Completed Construction,3425604,3039600046,3,234,NORWOOD AVENUE,2024.0,2023.0,0.0,6,6.0,6.0,2019-06-28,2023-01-06,2024-09-05,C2,,True,234 NORWOOD AVENUE,bin,3039600046,3039600046,False,3425604,hdb_bin
321974752,Alteration,5. Completed Construction,3088594,3039820024,3,348,WARWICK STREET,2023.0,2021.0,1.0,2,1.0,2.0,2019-06-28,2021-07-09,2023-09-13,B2,,True,348 WARWICK STREET,bin,3039820024,3039820024,False,3088594,hdb_bin
321978865,New Building,5. Completed Construction,3429739,3037230026,3,250,WYONA STREET,2024.0,2022.0,0.0,2,2.0,2.0,2019-12-20,2022-07-15,2024-01-19,B2,"PROPOSED NEW TWO (2) STORY, TWO (2) FAMILY DWELLING WITH CELLAR.",True,250 WYONA STREET,bin,3037230026,3037230026,False,3429739,hdb_bin
321979702,Demolition,5. Completed Construction,3088722,3039890007,3,341,SHEPHERD AVENUE,2022.0,2022.0,2.0,0,-2.0,,2019-08-12,2022-01-10,2022-01-10,V0,DEMOLITION OF A TWO STORY HOUSE,True,341 SHEPHERD AVENUE,bbl,3039890007,3039890007,False,,no_footprint
321979748,Demolition,5. Completed Construction,3083572,3036900027,3,449,LIBERTY AVENUE,2019.0,2019.0,2.0,0,-2.0,,2019-08-01,2019-12-16,2019-12-16,C7,DEMOLITION OF A TWO STORY HOUSE,True,449 LIBERTY AVENUE,bin,3036900027,3036900027,False,3083572,hdb_bin
322028275,Alteration,5. Completed Construction,3083701,3037060026,3,188,WYONA STREET,2021.0,2020.0,1.0,2,1.0,2.0,2020-01-10,2020-08-06,2021-08-02,B3,,True,188 WYONA STREET,bin,3037060026,3037060026,False,3083701,hdb_bin
322030734,New Building,5. Completed Construction,3083572,3036900027,3,449,LIBERTY AVENUE,2023.0,2020.0,0.0,10,10.0,10.0,2020-01-21,2020-09-17,2023-04-18,C7,"RELATED JOBS: B00341839, B00341472, B00342371",True,449 LIBERTY AVENUE,bin,3036900027,3036900027,False,3083572,hdb_bin
322038932,New Building,5. Completed Construction,3426407,3039760114,3,53,MONTAUK AVENUE,2024.0,2023.0,0.0,3,3.0,3.0,2020-02-03,2023-07-07,2024-09-09,V0,,True,53 MONTAUK AVENUE,bin,3039760114,3039760114,False,3426407,hdb_bin
322039888,New Building,5. Completed Construction,3430261,3039520020,3,2922,FULTON STREET,2025.0,2022.0,0.0,7,7.0,7.0,2020-02-25,2022-05-11,2025-09-09,D6,,True,2922 FULTON STREET,bin,3039520020,3039520020,False,3430261,hdb_bin
322012111,Demolition,5. Completed Construction,3083570,3036900025,3,453,LIBERTY AVENUE,2020.0,2020.0,2.0,0,-2.0,,2019-08-22,2020-07-17,2020-07-17,V1,FULL DEMOLITION OF 2 STORY RESIDENTIAL BUILDING,True,453 LIBERTY AVENUE,bbl,3036900025,3036900025,False,,no_footprint
322021307,Alteration,5. Completed Construction,3038816,3014440019,3,2414,PACIFIC STREET,2023.0,2021.0,2.0,2,0.0,2.0,2021-02-26,2021-09-16,2023-09-11,B2,APPLICATION FILED TO AMEND CERTIFICATE OF OCCUPANCY #218642 INDICATING REARRANGEMENT OF EXISTING TWO FAMILY DWELLING UNITS.,True,2414 PACIFIC STREET,bin,3014440019,3014440019,False,3038816,hdb_bin
322102176,Demolition,5. Completed Construction,3430036,3039710050,3,731,LIBERTY AVENUE,2022.0,2022.0,1.0,0,-1.0,,2021-11-22,2022-04-07,2022-04-07,C7,FULL DEMOLITION TO A TWO STORY BUILDING,True,731 LIBERTY AVENUE,bin,3039710050,3039710050,False,3430036,hdb_bin
322098207,Demolition,5. Completed Construction,3088947,3040030003,3,447,LINWOOD STREET,2022.0,2022.0,2.0,0,-2.0,,2021-07-19,2022-03-22,2022-03-22,V0,DEMOLITION OF STRUCTURE,True,447 LINWOOD STREET,bbl,3040030003,3040030003,False,,no_footprint
322106911,Demolition,5. Completed Construction,3429466,3039890001,3,353,SHEPHERD AVENUE,2022.0,2022.0,1.0,0,-1.0,,2022-07-14,2022-10-31,2022-10-31,V0,PROPOSE FULL DEMOLITION OF ONE-STORY DETACHED RESIDENTIAL BUILDING USING NON-MECHANICAL MEANS.,True,353 SHEPHERD AVENUE,bin,3039890001,3039890001,False,3429466,hdb_bin
322106957,Demolition,5. Completed Construction,3429466,3039890001,3,355,SHEPHERD AVENUE,2022.0,2022.0,1.0,0,-1.0,,2022-07-14,2022-10-31,2022-10-31,D1,PROPOSE FULL DEMOLITION OF ONE-STORY RESIDENTIAL BUILDING USING NON-MECHANICAL MEANS.,True,355 SHEPHERD AVENUE,bin,3039890001,3039890001,False,3429466,hdb_bin
322107153,Demolition,5. Completed Construction,3083396,3036740042,3,2753,ATLANTIC AVENUE,2024.0,2024.0,1.0,0,-1.0,,2022-05-05,2024-09-25,2024-09-25,D7,,True,2753 ATLANTIC AVENUE,bbl,3036740042,3036740042,False,3430199,lot_single_bin
322107162,Demolition,5. Completed Construction,3083395,3036740042,3,2755,ATLANTIC AVENUE,2024.0,2024.0,1.0,0,-1.0,,2022-05-05,2024-09-25,2024-09-25,K4,,True,2755 ATLANTIC AVENUE,bbl,3036740042,3036740042,False,3430199,lot_single_bin
322109589,Demolition,5. Completed Construction,3083349,3036720051,3,2693,ATLANTIC AVENUE,2024.0,2024.0,3.0,0,-3.0,,2022-08-05,2024-10-16,2024-10-16,V1,DEMO OF TWO STORY COMMERCIAL STRUCTURE,True,2693 ATLANTIC AVENUE,bin,3036720051,3036720051,False,3083349,hdb_bin
322099634,Demolition,5. Completed Construction,3427363,3039460045,3,189,MILLER AVENUE,2022.0,2022.0,3.0,0,-3.0,,2021-09-03,2022-03-14,2022-03-14,C0,,True,189 MILLER AVENUE,bin,3039460045,3039460045,False,3427363,hdb_bin
322099643,Demolition,5. Completed Construction,3427363,3039460045,3,2767,ATLANTIC AVENUE,2022.0,2022.0,3.0,0,-3.0,,2021-09-03,2022-03-14,2022-03-14,D7,,True,2767 ATLANTIC AVENUE,bin,3039460045,3039460045,False,3427363,hdb_bin
322100828,Demolition,5. Completed Construction,3083347,3036720049,3,2697,ATLANTIC AVENUE,2024.0,2024.0,2.0,0,-2.0,,2022-08-05,2024-10-16,2024-10-16,V1,DEMO OF TWO STORY COMMERCIAL STRUCTURE,True,2697 ATLANTIC AVENUE,bbl,3036720049,3036720049,False,,no_footprint
322100837,Demolition,5. Completed Construction,3083346,3036720048,3,2703,ATLANTIC AVENUE,2024.0,2024.0,2.0,0,-2.0,,2022-08-05,2024-10-16,2024-10-16,V1,DEMO OF TWO STORY COMMERCIAL STRUCTURE,True,2703 ATLANTIC AVENUE,bbl,3036720048,3036720048,False,,no_footprint
322100846,Demolition,5. Completed Construction,3083348,3036720050,3,2695,ATLANTIC AVENUE,2024.0,2024.0,2.0,0,-2.0,,2022-08-05,2024-10-29,2024-10-29,V1,DEMO OF TWO STORY COMMERCIAL STRUCTURE,True,2695 ATLANTIC AVENUE,bin,3036720050,3036720050,False,3083348,hdb_bin
322114555,Alteration,1. Filed Application,3088725,3039890018,3,94,BERRIMAN STREET,,,3.0,3,0.0,,2024-06-11,,,C3,FILING ALT 1 NO WORK APPLICATION IN CONJUNCTION WITH NB APPLICATION #B00670629-I1  TO UPDATE PROPERTY MEETS AND BOUNDS,False,94 BERRIMAN STREET,bin,3039890018,3039890018,False,3088725,hdb_bin
322114564,Alteration,1. Filed Application,3088723,3039890009,3,339,SHEPHERD AVENUE,,,2.0,2,0.0,,2024-06-11,,,B2,FILING ALT 1 NO WORK APPLICATION IN CONJUNCTION WITH NB APPLICATION #B00670629-I1  TO UPDATE PROPERTY MEETS AND BOUNDS,False,339 SHEPHERD AVENUE,bin,3039890009,3039890009,False,3088723,hdb_bin
322158026,Demolition,5. Completed Construction,3395220,3036620048,3,2701,FULTON STREET,2022.0,2022.0,2.0,0,-2.0,,2022-02-28,2022-06-16,2022-06-16,V1,FULL DEMOLITION TO A TWO STORY HOUSE,True,2701 FULTON STREET,bin,3036620048,3036620048,False,3395220,hdb_bin
322160790,Alteration,1. Filed Application,3414620,3039960030,3,2295,PITKIN AVENUE,,,2.0,2,0.0,,2023-05-01,,,B1,FILING TO CORRECT BIN AND LOT NUMBER ON EXISTING CERTIFICATE OF OCCUPANCY # #302346030F. NO CHANGE TO OCCUPANCY AND USE.,False,2295 PITKIN AVENUE,bin,3039960030,3039960030,False,3414620,hdb_bin
340784501,Alteration,5. Completed Construction,3094250,3041920012,3,73,CRYSTAL STREET,2022.0,2021.0,2.0,2,0.0,2.0,2020-11-07,2021-06-24,2022-06-13,B3,"LEGALIZATION OF 1 STORY IN THE REAR PART OF 2 STORY BUILDING. ROMVE SOME VIOLATIONS# 35485117J, 390133422X, 34822203Y, 34299348L, 34299347J, 34822202M.",True,73 CRYSTAL STREET,bin,3041920012,3041920012,False,3094250,hdb_bin
322110309,Demolition,5. Completed Construction,3328394,3039670038,3,647,LIBERTY AVENUE,2023.0,2023.0,1.0,0,-1.0,,2022-10-25,2023-01-25,2023-01-25,V1,"FULL DEMOLITION OF TWO STORY HOUSE, USING HAND HELD EQUIPMENT TO DEMOLISH AND MECHANICAL MEANS WILL LOAD OUT DEBRIS AND BACK-FILL SITE. PROPERTY HAS BEEN DECLARED AND ED BY DOB VIOLATION #17055",True,647 LIBERTY AVENUE,bbl,3039670038,3039670038,False,,no_footprint
322110327,Demolition,5. Completed Construction,3088346,3039670037,3,651,LIBERTY AVENUE,2023.0,2023.0,1.0,0,-1.0,,2022-10-25,2023-01-25,2023-01-25,C1,"FULL DEMOLITION OF TWO STORY HOUSE, USING HAND HELD EQUIPMENT, MECHANICAL MEANS WILL BE USED TO LOAD OUT DEBRIS AND BACK-FILL SITE.  DOB ISSUED AN EMERGENCY DEC FOR THIS PROPERTY.",True,651 LIBERTY AVENUE,bbl,3039670037,3039670037,False,,no_footprint
322111674,Demolition,5. Completed Construction,3429826,3037030035,3,180,PENNSYLVANIA AVENUE,2023.0,2023.0,2.0,0,-2.0,,2022-10-24,2023-02-21,2023-02-21,V1,FULL DEMOLITION TO A TWO STORY HOUSE,True,180 PENNSYLVANIA AVENUE,bin,3037030035,3037030035,False,3429826,hdb_bin
340764104,New Building,5. Completed Construction,3088470,3039760065,3,82,MILFORD STREET,2022.0,2021.0,0.0,7,7.0,7.0,2020-09-09,2021-04-21,2022-08-16,C1,,True,82 MILFORD STREET,bin,3039760065,3039760065,False,3088470,hdb_bin
340765602,New Building,5. Completed Construction,3326746,3036890012,3,2700,ATLANTIC AVENUE,2024.0,2023.0,0.0,231,231.0,231.0,2020-09-14,2023-05-08,2024-12-02,D6,,True,2700 ATLANTIC AVENUE,bbl,3036890012,3036890012,False,3430474,lot_single_bin
340770473,New Building,3. Permitted for Construction,3428778,3015440015,3,156,SOMERS STREET,,2022.0,0.0,10,10.0,,2020-09-29,2022-04-13,,D3,"NEW 6 STORY RESIDENTIAL BUILDING. PL/SP B00536264, MH B00536740, FN B00545298, ST B00562566.",False,156 SOMERS STREET,bbl,3015440015,3015440015,False,,no_footprint
340771720,New Building,3. Permitted for Construction,3428779,3015440016,3,158,SOMERS STREET,,2022.0,0.0,10,10.0,,2020-10-01,2022-04-08,,D3,,False,158 SOMERS STREET,bbl,3015440016,3015440016,False,,no_footprint
340801500,New Building,3. Permitted for Construction,3038665,3014370001,3,2384,ATLANTIC AVENUE,,2023.0,0.0,0,0.0,,2021-01-06,2023-04-13,,H9,,False,2384 ATLANTIC AVENUE,bbl,3014370001,3014370001,False,,no_footprint
321187069,New Building,5. Completed Construction,3319652,3040010001,3,437,CLEVELAND STREET,2019.0,2017.0,0.0,2,2.0,2.0,2016-04-27,2017-09-28,2019-08-28,B1,PROPOSED NEW TWO (2)- STORY RESIDENTIAL BUILDING WITH CELLAR. TWO (2)DWELLING UNITS. UNDERPINNING &amp; SHORING IS REQUIRED FOR 441 CLEVELAND S BUILDING. OBTAIN NEW CERTIFICATE OF OCCUPANCY,True,437 CLEVELAND STREET,bin,3040010001,3040010001,False,3319652,hdb_bin
321189138,New Building,5. Completed Construction,3428798,3041540061,3,32,FOUNTAIN AVENUE,2020.0,2018.0,0.0,7,7.0,7.0,2016-11-01,2018-02-28,2020-08-13,C1,,True,32 FOUNTAIN AVENUE,bin,3041540061,3041540061,False,3428798,hdb_bin
