bbl,address,bldgclass,landuse,yearbuilt,unitsres,unitstotal,numbldgs,assesstot,latitude,longitude,source
3040200010,2458 PITKIN AVENUE,S4,4,1925,4,5,1,323550.0,40.6737694,-73.8815205,listed lot
3040200012,2466 PITKIN AVENUE,B2,1,2001,2,2,1,57060.0,40.6737994,-73.8813258,listed lot
3040200016,428 SHEPHERD AVENUE,B2,1,1901,2,2,1,54660.0,40.6738842,-73.8810373,listed lot
3040200018,432 SHEPHERD AVENUE,B2,1,1930,2,2,1,53820.0,40.6737799,-73.8810122,listed lot
3040200020,438 SHEPHERD AVENUE,A9,1,1920,1,1,1,60660.0,40.6736701,-73.8809836,listed lot
3040210015,437 SHEPHERD AVENUE,B1,1,2005,2,2,1,56460.0,40.6738122,-73.8804353,listed lot
3040210017,2484 PITKIN AVENUE,S2,4,1925,2,3,1,49560.0,40.6739386,-73.8805361,listed lot
3040230015,2534 PITKIN AVENUE,S2,4,1925,2,3,1,44820.0,40.6742056,-73.8786213,listed lot
3040230017,2540 PITKIN AVENUE,M9,8,2005,2,4,1,231300.0,40.6742246,-73.8784807,listed lot
3040230019,2544 PITKIN AVENUE,G7,10,0,0,0,1,83700.0,40.6742437,-73.87834,listed lot
3040230021,2550 PITKIN AVENUE,S2,4,1925,2,3,1,49320.0,40.6742627,-73.8781922,listed lot
3040230024,204 MONTAUK AVENUE,B2,1,1901,2,2,1,74940.0,40.6741008,-73.8782213,listed lot
3040240015,2558 PITKIN AVENUE,C0,2,1899,3,3,1,64380.0,40.6743336,-73.8777018,listed lot
3040240017,2562 PITKIN AVENUE,S2,4,1925,2,3,1,39960.0,40.6743527,-73.8775575,listed lot
3039500047,2863 ATLANTIC AVENUE,V1,11,0,0,0,1,396900.0,40.6772924,-73.8884868,on a listed block
3039500044,2873 ATLANTIC AVENUE,C7,4,1920,12,13,1,328500.0,40.6773307,-73.888274,on a listed block
3039500001,231 BARBEY STREET,A1,1,1901,1,1,1,56460.0,40.677479,-73.8884468,on a listed block
3039500041,2883 ATLANTIC AVENUE,C7,4,1921,13,15,1,591300.0,40.677388,-73.8879711,on a listed block
3039500043,2875 ATLANTIC AVENUE,K2,5,1920,0,1,1,361800.0,40.6773552,-73.8881406,on a listed block
3039500046,2869 ATLANTIC AVENUE,S5,4,1920,6,7,1,322200.0,40.6773143,-73.8883606,on a listed block
3039500038,186 JEROME STREET,B1,1,2007,2,2,1,55740.0,40.677594,-73.8881185,on a listed block
3039500005,223 BARBEY STREET,A1,1,1901,1,1,1,52980.0,40.6777536,-73.8885185,on a listed block
3039500022,2878 FULTON STREET,S1,4,1920,1,2,1,41640.0,40.678533,-73.8884414,on a listed block
3039500015,199 BARBEY STREET,B1,1,1901,2,2,1,49440.0,40.6782176,-73.8886367,on a listed block
3039500037,184 JEROME STREET,B2,1,1901,2,2,1,67440.0,40.6776599,-73.8881329,on a listed block
3039500024,2884 FULTON STREET,S1,4,1920,1,2,1,38220.0,40.6785631,-73.8883044,on a listed block
3039500004,225 BARBEY STREET,A1,1,1901,1,1,2,50280.0,40.6776795,-73.888497,on a listed block
3039500002,227 BARBEY STREET,B2,1,1901,2,2,1,54000.0,40.6775779,-73.8884719,on a listed block
3039500007,221 BARBEY STREET,B1,1,2023,2,2,1,49080.0,40.677825,-73.8885364,on a listed block
3039500008,209 BARBEY STREET,C0,2,1901,3,3,1,137700.0,40.6779568,-73.8885686,on a listed block
3039500011,205 BARBEY STREET,B2,1,1901,2,2,1,58800.0,40.6780913,-73.8886044,on a listed block
3039500013,201 BARBEY STREET,B1,1,1901,2,2,1,44100.0,40.6781627,-73.8886223,on a listed block
3039500016,197 BARBEY STREET,B1,1,1901,2,2,1,45480.0,40.6782752,-73.8886582,on a listed block
3039500017,2864 FULTON STREET,O5,5,1920,0,3,1,1210050.0,40.6784345,-73.888694,on a listed block
3039500023,2880 FULTON STREET,S1,4,1920,1,2,1,42660.0,40.6785467,-73.8883729,on a listed block
3039500026,152 JEROME STREET,A9,1,1901,1,1,1,42660.0,40.6783463,-73.8883192,on a listed block
3039500027,154 JEROME STREET,A9,1,1901,1,1,1,42780.0,40.6783023,-73.8883012,on a listed block
3039500028,156 JEROME STREET,B3,1,1901,2,2,1,39780.0,40.6782584,-73.8882869,on a listed block
3039500029,158 JEROME STREET,B2,1,1901,2,2,1,73200.0,40.6782035,-73.8882726,on a listed block
3039500031,166 JEROME STREET,B1,1,1901,2,2,1,52260.0,40.6780745,-73.8882403,on a listed block
3039500032,168 JEROME STREET,B1,1,1901,2,2,1,56700.0,40.6780196,-73.888226,on a listed block
3039500033,170 JEROME STREET,B1,1,1901,2,2,1,56700.0,40.6779674,-73.8882117,on a listed block
3039500034,172 JEROME STREET,B1,1,1901,2,2,1,56700.0,40.6779125,-73.8882009,on a listed block
3039500035,178 JEROME STREET,B2,1,1901,2,2,2,47940.0,40.6777972,-73.8881687,on a listed block
3039500039,188 JEROME STREET,C2,2,1921,5,5,1,337950.0,40.6775281,-73.8881006,on a listed block
3039500050,174 JEROME STREET,B1,1,1901,2,2,2,57180.0,40.6778576,-73.8881866,on a listed block
3039500125,150 JEROME STREET,B1,1,1901,2,2,2,66060.0,40.6784012,-73.8883299,on a listed block
3039500030,162 JEROME STREET,B3,1,1901,2,2,1,73140.0,40.6781376,-73.8882582,on a listed block
3039500021,2876 FULTON STREET,C0,2,1910,3,3,1,58740.0,40.6785166,-73.88851,on a listed block
3039500025,2886 FULTON STREET,K4,4,1920,1,2,2,154350.0,40.6785795,-73.8882287,on a listed block
3039500036,180 JEROME STREET,B2,1,1901,2,2,1,47940.0,40.6777285,-73.8881508,on a listed block
3039520015,213 WARWICK STREET,B2,1,1901,2,2,1,50760.0,40.6788198,-73.886952,on a listed block
3039520012,221 WARWICK STREET,B2,1,1901,2,2,1,64980.0,40.6786221,-73.8869018,on a listed block
3039520031,168 ASHFORD STREET,C0,2,1901,3,3,1,50220.0,40.6786053,-73.8865341,on a listed block
3039520013,219 WARWICK STREET,B2,1,1901,2,2,1,76680.0,40.678688,-73.8869198,on a listed block
3039520014,215 WARWICK STREET,B2,1,1901,2,2,1,50760.0,40.6787566,-73.8869377,on a listed block
3039520016,211 WARWICK STREET,B2,1,2006,2,2,1,62940.0,40.6788775,-73.8870492,on a listed block
3039520017,207 WARWICK STREET,B2,1,2006,2,2,1,53880.0,40.6789462,-73.8870671,on a listed block
3039520018,203 WARWICK STREET,B2,1,2006,2,2,1,47040.0,40.6790313,-73.887085,on a listed block
3039520019,2920 FULTON STREET,C0,2,1920,3,3,2,45960.0,40.67899,-73.8869481,on a listed block
3039520020,2922 FULTON STREET,D6,4,2024,7,8,0,676800.0,40.6790063,-73.8868687,on a listed block
3039520021,2924 FULTON STREET,S9,4,1920,2,4,1,261450.0,40.6790255,-73.8867822,on a listed block
3039520023,2928 FULTON STREET,K4,4,1930,2,4,1,378900.0,40.6791104,-73.8865693,on a listed block
3039520026,154 ASHFORD STREET,C0,2,1901,3,3,1,67260.0,40.6789457,-73.8865732,on a listed block
3039520027,156 ASHFORD STREET,S4,4,2013,4,5,1,313650.0,40.6788716,-73.8866022,on a listed block
3039520028,158 ASHFORD STREET,B2,1,1901,2,2,1,51180.0,40.6788057,-73.8865843,on a listed block
3039520030,164 ASHFORD STREET,B2,1,1901,2,2,1,53700.0,40.6786712,-73.886552,on a listed block
3039520034,176 ASHFORD STREET,B2,1,1901,2,2,2,51180.0,40.6784021,-73.886484,on a listed block
3039520036,182 ASHFORD STREET,B2,1,1901,2,2,1,51180.0,40.6782676,-73.8864482,on a listed block
3039520009,231 WARWICK STREET,C0,2,1901,3,3,1,49800.0,40.6784189,-73.8868517,on a listed block
3039520011,225 WARWICK STREET,B2,1,1901,2,2,1,76800.0,40.6785535,-73.8868839,on a listed block
3039520032,170 ASHFORD STREET,B2,1,1901,2,2,1,70140.0,40.6785366,-73.8865162,on a listed block
3039520001,255 WARWICK STREET,W1,8,2009,0,1,1,2245500.0,40.6778808,-73.886712,on a listed block
3039520002,251 WARWICK STREET,W1,8,2009,0,1,1,2245500.0,40.6779495,-73.8867299,on a listed block
3039520003,249 WARWICK STREET,B2,1,1901,2,2,1,46500.0,40.6780154,-73.8867478,on a listed block
3039520004,245 WARWICK STREET,B2,1,1901,2,2,1,50700.0,40.6780813,-73.8867658,on a listed block
3039520005,243 WARWICK STREET,B2,1,1901,2,2,1,50700.0,40.6781499,-73.8867801,on a listed block
3039520006,239 WARWICK STREET,B2,1,1910,2,2,1,45660.0,40.6782158,-73.886798,on a listed block
3039520007,237 WARWICK STREET,B2,1,1901,2,2,1,50760.0,40.6782844,-73.8868159,on a listed block
3039520008,233 WARWICK STREET,B2,1,1901,2,2,1,50760.0,40.6783503,-73.8868338,on a listed block
3039520010,227 WARWICK STREET,B2,1,1901,2,2,1,50760.0,40.6784876,-73.8868696,on a listed block
3039520035,180 ASHFORD STREET,B2,1,1901,2,2,1,52140.0,40.6783335,-73.8864661,on a listed block
3039520037,186 ASHFORD STREET,B2,1,1901,2,2,1,51180.0,40.678199,-73.8864303,on a listed block
3039520038,188 ASHFORD STREET,B2,1,1901,2,2,1,51180.0,40.6781331,-73.8864123,on a listed block
3039520039,192 ASHFORD STREET,B2,1,1901,2,2,1,62100.0,40.6780644,-73.886398,on a listed block
3039520040,194 ASHFORD STREET,B2,1,1901,2,2,1,81120.0,40.6779985,-73.8863801,on a listed block
3039520042,2929 ATLANTIC AVENUE,K4,4,1930,0,3,1,1104300.0,40.6778338,-73.8862903,on a listed block
3039520045,2923 ATLANTIC AVENUE,W1,8,2009,0,1,1,2310300.0,40.6777736,-73.8864995,on a listed block
3039520047,2911 ATLANTIC AVENUE,W1,8,2009,0,1,1,2326500.0,40.6777079,-73.8867123,on a listed block
3039520033,174 ASHFORD STREET,B2,1,1901,2,2,2,53700.0,40.6784708,-73.8864983,on a listed block
3039520022,2926 FULTON STREET,S3,4,2017,3,4,1,261000.0,40.6790803,-73.8867028,on a listed block
3039520029,162 ASHFORD STREET,B2,1,1901,2,2,1,51180.0,40.6787398,-73.8865699,on a listed block
3039540025,2980 FULTON STREET,S3,4,1920,3,4,1,273150.0,40.6796822,-73.8847476,on a listed block
3039540022,2974 FULTON STREET,S2,4,1920,2,3,1,44640.0,40.679633,-73.8849604,on a listed block
3039540001,277 CLEVELAND STREET,B2,1,1905,2,2,1,49560.0,40.6784143,-73.8849409,on a listed block
3039540043,212 ELTON STREET,B2,1,1905,2,2,1,49320.0,40.6784661,-73.8845839,on a listed block
3039540041,208 ELTON STREET,B3,1,1905,2,2,1,39660.0,40.6785842,-73.8846125,on a listed block
3039540002,275 CLEVELAND STREET,B2,1,1905,2,2,1,49680.0,40.6784829,-73.8849624,on a listed block
3039540003,271 CLEVELAND STREET,B2,1,1905,2,2,1,49860.0,40.6785516,-73.8849767,on a listed block
3039540004,269 CLEVELAND STREET,B2,1,1905,2,2,1,49860.0,40.6786202,-73.8849946,on a listed block
3039540005,265 CLEVELAND STREET,A1,1,1905,1,1,1,54240.0,40.6786861,-73.8850125,on a listed block
3039540040,206 ELTON STREET,B2,1,1905,2,2,1,47940.0,40.6786336,-73.8846269,on a listed block
3039540042,210 ELTON STREET,A1,1,1905,1,1,1,53340.0,40.678532,-73.8845982,on a listed block
3039540045,2961 ATLANTIC AVENUE,H4,5,1993,0,1,1,1770750.0,40.6782494,-73.8847105,on a listed block
3039540055,281 CLEVELAND STREET,B3,1,1901,2,2,1,36420.0,40.6783484,-73.8849266,on a listed block
3039540014,239 CLEVELAND STREET,C2,2,1905,6,6,1,299250.0,40.6792929,-73.8851665,on a listed block
3039540008,251 CLEVELAND STREET,F9,6,1920,2,3,1,268200.0,40.6789222,-73.8850734,on a listed block
3039540033,184 ELTON STREET,B2,1,1905,2,2,1,51480.0,40.6790756,-73.8847379,on a listed block
3039540019,2966 FULTON STREET,K4,4,1920,2,3,1,141750.0,40.6795399,-73.8851841,on a listed block
3039540036,190 ELTON STREET,V0,11,0,0,0,1,15960.0,40.6788752,-73.8846877,on a listed block
3039540012,241 CLEVELAND STREET,B2,1,1905,2,2,1,50760.0,40.6791913,-73.8851415,on a listed block
3039540006,261 CLEVELAND STREET,B1,1,2007,2,2,1,52320.0,40.6787548,-73.8850305,on a listed block
3039540007,259 CLEVELAND STREET,A1,1,1901,1,1,1,48000.0,40.6788234,-73.8850484,on a listed block
3039540010,249 CLEVELAND STREET,C0,2,2007,3,3,1,92760.0,40.6790211,-73.8850985,on a listed block
3039540011,247 CLEVELAND STREET,A1,1,1905,1,1,2,57660.0,40.6790897,-73.8851164,on a listed block
3039540015,237 CLEVELAND STREET,C2,2,1905,6,6,1,299250.0,40.6793615,-73.8851844,on a listed block
3039540017,2962 FULTON STREET,S9,4,1920,2,4,1,232200.0,40.6794989,-73.8853573,on a listed block
3039540020,2970 FULTON STREET,E9,6,1930,0,1,1,133650.0,40.679559,-73.8850976,on a listed block
3039540021,2972 FULTON STREET,S2,4,1920,2,3,1,48300.0,40.6796166,-73.885029,on a listed block
3039540023,2976 FULTON STREET,S2,4,1920,2,3,1,36720.0,40.6796494,-73.8848919,on a listed block
3039540024,2978 FULTON STREET,S2,4,1920,2,3,1,47880.0,40.6796658,-73.8848198,on a listed block
3039540027,166 ELTON STREET,C0,2,1905,3,3,2,63360.0,40.6794874,-73.8848453,on a listed block
3039540028,170 ELTON STREET,A1,1,1905,1,1,1,47880.0,40.6794133,-73.8848274,on a listed block
3039540029,172 ELTON STREET,B2,1,1905,2,2,1,71220.0,40.6793474,-73.8848095,on a listed block
3039540031,180 ELTON STREET,B2,1,1905,2,2,2,70260.0,40.6792101,-73.8847737,on a listed block
3039540035,188 ELTON STREET,B2,1,1901,2,2,1,75060.0,40.6789411,-73.8847057,on a listed block
3039540037,192 ELTON STREET,B2,1,1901,2,2,1,69480.0,40.6788065,-73.8846698,on a listed block
3039540038,194 ELTON STREET,B1,1,1910,2,2,1,48660.0,40.6787379,-73.8846519,on a listed block
3039540034,186 ELTON STREET,B3,1,1905,2,2,1,44640.0,40.679007,-73.8847236,on a listed block
3039540032,182 ELTON STREET,V0,11,0,0,0,0,15960.0,40.6791442,-73.8847558,on a listed block
3039540039,204 ELTON STREET,A5,1,1905,1,1,1,42360.0,40.678683,-73.8846376,on a listed block
3039540030,174 ELTON STREET,B2,1,1905,2,2,2,63780.0,40.6792788,-73.8847916,on a listed block
3039540018,2964 FULTON STREET,B1,1,1905,2,2,1,73080.0,40.679518,-73.8852707,on a listed block
3039560006,4 FOLSOM PLACE,B2,1,1901,2,2,1,48420.0,40.6790961,-73.8832993,on a listed block
3039560021,3037 ATLANTIC AVENUE,K4,4,1920,2,5,3,333000.0,40.6788347,-73.8826652,on a listed block
3039560053,174 ESSEX STREET,B3,1,1901,2,2,1,54840.0,40.6800483,-73.8830813,on a listed block
3039560068,11 FOLSOM PLACE,B2,1,1901,2,2,1,56400.0,40.6795048,-73.8830318,on a listed block
3039560033,261 LINWOOD STREET,C0,2,1901,3,3,1,49620.0,40.6794915,-73.8833996,on a listed block
3039560007,6 FOLSOM PLACE,B2,1,1901,2,2,1,48060.0,40.6791043,-73.883238,on a listed block
3039560008,8 FOLSOM PLACE,A1,1,1901,1,1,2,48720.0,40.6790932,-73.8831551,on a listed block
3039560016,22 FOLSOM PLACE,B2,1,1901,2,2,1,62280.0,40.6791943,-73.882679,on a listed block
3039560063,196 ESSEX STREET,B2,1,1901,2,2,1,61500.0,40.6795733,-73.8828947,on a listed block
3039560018,220 ESSEX STREET,M9,8,1930,0,1,1,74700.0,40.6790407,-73.8827622,on a listed block
3039560019,222 ESSEX STREET,A2,1,1901,1,1,1,36300.0,40.6789912,-73.882701,on a listed block
3039560023,3033 ATLANTIC AVENUE,G2,7,1930,0,1,1,271350.0,40.6788294,-73.8828095,on a listed block
3039560025,3021 ATLANTIC AVENUE,I5,8,1930,0,1,1,349200.0,40.6787829,-73.8830331,on a listed block
3039560028,3015 ATLANTIC AVENUE,C7,4,1921,8,9,2,624150.0,40.6786623,-73.8831955,on a listed block
3039560031,265 LINWOOD STREET,B3,1,1901,2,2,1,64140.0,40.6793789,-73.8833709,on a listed block
3039560032,263 LINWOOD STREET,B2,1,1901,2,2,1,37800.0,40.6794393,-73.8833852,on a listed block
3039560037,251 LINWOOD STREET,B2,1,1901,2,2,1,33240.0,40.6797056,-73.8834533,on a listed block
3039560038,249 LINWOOD STREET,A1,1,1901,1,1,1,32400.0,40.679755,-73.883464,on a listed block
3039560048,3024 FULTON STREET,B2,1,1901,2,2,1,45120.0,40.6802048,-73.8831207,on a listed block
3039560061,192 ESSEX STREET,C0,2,1901,3,3,1,82380.0,40.679653,-73.8829703,on a listed block
3039560062,194 ESSEX STREET,A9,1,1899,1,1,1,63000.0,40.6796145,-73.8829054,on a listed block
3039560065,200 ESSEX STREET,B2,1,1901,2,2,1,34740.0,40.6794937,-73.8828732,on a listed block
3039560069,9 FOLSOM PLACE,A5,1,1901,1,1,1,72060.0,40.6794966,-73.8830859,on a listed block
3039560070,7 FOLSOM PLACE,B2,1,1901,2,2,1,45540.0,40.6795132,-73.8831652,on a listed block
3039560071,5 FOLSOM PLACE,A2,1,1901,1,1,1,43560.0,40.6794995,-73.8832553,on a listed block
3039560066,202 ESSEX STREET,C0,2,1901,3,3,2,73140.0,40.6794442,-73.8828625,on a listed block
3039560001,289 LINWOOD STREET,F5,6,1930,0,1,1,123300.0,40.6788792,-73.8832456,on a listed block
3039560056,182 ESSEX STREET,B2,1,1901,2,2,1,66660.0,40.6798945,-73.8829698,on a listed block
3039560043,3008 FULTON STREET,K1,5,1986,0,2,1,791550.0,40.6800541,-73.883377,on a listed block
3039560057,184 ESSEX STREET,B2,1,1901,2,2,1,72420.0,40.6798478,-73.8829555,on a listed block
3039560039,247 LINWOOD STREET,A1,1,1901,1,1,1,32520.0,40.6798017,-73.8834783,on a listed block
3039560034,259 LINWOOD STREET,A1,1,1901,1,1,1,34860.0,40.6795436,-73.8834103,on a listed block
3039560035,257 LINWOOD STREET,A1,1,1901,1,1,1,36240.0,40.6795985,-73.8834246,on a listed block
3039560036,255 LINWOOD STREET,A1,1,1901,1,1,1,41640.0,40.6796534,-73.8834389,on a listed block
3039560055,180 ESSEX STREET,B3,1,1901,2,2,1,67140.0,40.6799412,-73.8829806,on a listed block
3039560059,ESSEX STREET,C1,2,2021,15,15,1,604350.0,40.6797547,-73.8831143,on a listed block
3039560050,3028 FULTON STREET,S2,4,1901,2,3,1,83160.0,40.6802212,-73.8830414,on a listed block
3039560009,10 FOLSOM PLACE,B3,1,1901,2,2,2,48540.0,40.6791068,-73.8830613,on a listed block
3039560012,14 FOLSOM PLACE,B2,1,1901,2,2,1,62460.0,40.6791588,-73.8829098,on a listed block
3039560014,18 FOLSOM PLACE,B2,1,1901,2,2,1,61800.0,40.6791752,-73.882798,on a listed block
3039560024,3027 ATLANTIC AVENUE,G2,7,1930,0,1,1,153000.0,40.6788102,-73.8828996,on a listed block
3039560015,20 FOLSOM PLACE,B2,1,1901,2,2,1,55500.0,40.6791834,-73.8827403,on a listed block
3039560051,3030 FULTON STREET,QG,9,0,0,0,0,18600.0,40.6802623,-73.8829836,on a listed block
3039560040,245 LINWOOD STREET,G7,10,0,0,0,1,44550.0,40.6798511,-73.8834891,on a listed block
3039560013,16 FOLSOM PLACE,B2,1,1901,2,2,1,61800.0,40.679167,-73.8828521,on a listed block
3039560054,178 ESSEX STREET,B2,1,1901,2,2,1,74940.0,40.6799961,-73.8829949,on a listed block
3039560064,198 ESSEX STREET,B2,1,1901,2,2,1,61500.0,40.6795321,-73.8828839,on a listed block
3039560005,2 FOLSOM PLACE,G7,10,0,0,0,0,63900.0,40.6790852,-73.8833606,on a listed block
3039560010,12 FOLSOM PLACE,A2,1,1901,1,1,1,28980.0,40.6791205,-73.8829748,on a listed block
3039580003,213 SHEPHERD AVENUE,B1,1,1920,2,2,2,58440.0,40.6795525,-73.8814021,on a listed block
3039580046,230 HIGHLAND PLACE,C2,2,1905,6,6,1,315450.0,40.6795741,-73.8810235,on a listed block
3039580044,224 HIGHLAND PLACE,C0,2,1901,3,3,1,55440.0,40.6797059,-73.8810557,on a listed block
3039580009,199 SHEPHERD AVENUE,B1,1,1901,2,2,2,60900.0,40.6799259,-73.8814952,on a listed block
3039580027,3080 FULTON STREET,S2,4,1920,2,3,1,45420.0,40.6807876,-73.881335,on a listed block
3039580012,187 SHEPHERD AVENUE,A1,1,1901,1,1,2,44940.0,40.6801318,-73.8815453,on a listed block
3039580017,175 SHEPHERD AVENUE,M9,8,1930,0,1,1,92700.0,40.6804668,-73.8816276,on a listed block
3039580026,3076 FULTON STREET,S2,4,1901,2,3,1,90060.0,40.680774,-73.8814035,on a listed block
3039580028,3082 FULTON STREET,S2,4,1920,2,3,1,51060.0,40.680804,-73.8812629,on a listed block
3039580029,3084 FULTON STREET,C2,2,1927,6,6,1,282150.0,40.6808231,-73.8811835,on a listed block
3039580132,188 HIGHLAND PLACE,B9,1,2005,2,2,1,45240.0,40.6805433,-73.8812597,on a listed block
3039580137,198 HIGHLAND PLACE,B9,1,2005,2,2,1,45240.0,40.6802797,-73.8811953,on a listed block
3039580139,202 HIGHLAND PLACE,B9,1,2005,2,2,1,45240.0,40.6801781,-73.8811702,on a listed block
3039580020,3062 FULTON STREET,O5,5,2008,0,2,1,700200.0,40.6806617,-73.8816597,on a listed block
3039580039,210 HIGHLAND PLACE,C2,2,1905,5,5,1,275850.0,40.6800491,-73.881138,on a listed block
3039580131,186 HIGHLAND PLACE,B9,1,2005,2,2,1,45180.0,40.6805954,-73.8812741,on a listed block
3039580135,194 HIGHLAND PLACE,B9,1,2005,2,2,1,45240.0,40.6803868,-73.8812203,on a listed block
3039580008,201 SHEPHERD AVENUE,B1,1,1901,2,2,2,58980.0,40.67986,-73.8814773,on a listed block
3039580013,185 SHEPHERD AVENUE,C0,2,1901,3,3,1,51120.0,40.6802005,-73.8815596,on a listed block
3039580016,179 SHEPHERD AVENUE,A1,1,1910,1,1,1,34920.0,40.6803981,-73.8816097,on a listed block
3039580018,173 SHEPHERD AVENUE,B3,1,1901,2,2,1,48840.0,40.6805163,-73.8817465,on a listed block
3039580025,3074 FULTON STREET,S2,4,1920,2,3,1,49200.0,40.6807576,-73.8814721,on a listed block
3039580030,184 HIGHLAND PLACE,C0,2,1901,3,3,1,58980.0,40.6806531,-73.8812884,on a listed block
3039580040,212 HIGHLAND PLACE,C3,2,1905,4,4,1,304200.0,40.6799832,-73.8811237,on a listed block
3039580041,214 HIGHLAND PLACE,B1,1,1901,2,2,1,59340.0,40.67992,-73.8811058,on a listed block
3039580136,196 HIGHLAND PLACE,B9,1,2005,2,2,1,45240.0,40.6803319,-73.8812096,on a listed block
3039580133,190 HIGHLAND PLACE,B9,1,2005,2,2,1,45240.0,40.6804911,-73.881249,on a listed block
3039580143,222 HIGHLAND PLACE,B1,1,1901,2,2,1,55320.0,40.6797608,-73.8810664,on a listed block
3039580010,197 SHEPHERD AVENUE,B1,1,1910,2,2,2,54720.0,40.6800001,-73.8815131,on a listed block
3039580134,192 HIGHLAND PLACE,B9,1,2005,2,2,1,45240.0,40.6804389,-73.8812347,on a listed block
3039580002,219 SHEPHERD AVENUE,B1,1,1950,2,2,2,52860.0,40.6794564,-73.881377,on a listed block
3039580005,207 SHEPHERD AVENUE,B1,1,1920,2,2,2,45780.0,40.6796541,-73.8814272,on a listed block
3039580006,205 SHEPHERD AVENUE,B1,1,1901,2,2,2,58920.0,40.6797283,-73.8814451,on a listed block
3039580007,203 SHEPHERD AVENUE,B1,1,1901,2,2,2,58980.0,40.6797941,-73.881463,on a listed block
3039580011,193 SHEPHERD AVENUE,B1,1,1901,2,2,1,61920.0,40.6800659,-73.8815274,on a listed block
3039580014,183 SHEPHERD AVENUE,A2,1,1910,1,1,1,26880.0,40.6802664,-73.8815775,on a listed block
3039580015,181 SHEPHERD AVENUE,A1,1,1910,1,1,1,46920.0,40.6803323,-73.8815954,on a listed block
3039580038,206 HIGHLAND PLACE,C2,2,1905,5,5,1,275850.0,40.6801177,-73.8811559,on a listed block
3039580042,216 HIGHLAND PLACE,B1,1,1901,2,2,1,55320.0,40.6798651,-73.8810951,on a listed block
3039580043,218 HIGHLAND PLACE,B1,1,1901,2,2,1,55320.0,40.679813,-73.8810808,on a listed block
3039580045,228 HIGHLAND PLACE,B2,1,1901,2,2,1,49320.0,40.6796455,-73.8810378,on a listed block
3039580047,234 HIGHLAND PLACE,C0,2,1901,3,3,1,69660.0,40.6795055,-73.8810056,on a listed block
3039580049,3101 ATLANTIC AVENUE,K5,5,1957,0,1,1,480150.0,40.6792888,-73.881143,on a listed block
3039580138,200 HIGHLAND PLACE,B9,1,2005,2,2,1,45240.0,40.6802275,-73.8811846,on a listed block
3039580001,223 SHEPHERD AVENUE,A2,1,1910,1,1,1,26880.0,40.6793878,-73.8813627,on a listed block
3039600127,3126 FULTON STREET,C0,2,1900,3,3,2,55200.0,40.6813265,-73.8795277,on a listed block
3039600017,169 HALE AVENUE,B1,1,1901,2,2,1,59580.0,40.6809343,-73.8798169,on a listed block
3039600027,3124 FULTON STREET,C0,2,1900,3,3,2,70140.0,40.6813128,-73.8795999,on a listed block
3039600011,183 HALE AVENUE,B1,1,1901,2,2,1,59700.0,40.6806103,-73.8797345,on a listed block
3039600010,185 HALE AVENUE,B1,1,1901,2,2,1,61920.0,40.6805554,-73.8797202,on a listed block
3039600021,3118 FULTON STREET,K1,5,1930,0,1,1,837000.0,40.681217,-73.8798812,on a listed block
3039600036,210 NORWOOD AVENUE,B2,1,1910,2,2,1,52980.0,40.6809612,-73.8793481,on a listed block
3039600038,214 NORWOOD AVENUE,B2,1,1901,2,2,2,53220.0,40.6808267,-73.8793123,on a listed block
3039600039,216 NORWOOD AVENUE,B1,1,1901,2,2,1,42120.0,40.6807663,-73.879298,on a listed block
3039600040,218 NORWOOD AVENUE,C0,2,1901,3,3,1,43080.0,40.6807169,-73.8792873,on a listed block
3039600041,222 NORWOOD AVENUE,B2,1,1901,2,2,1,49620.0,40.6806675,-73.8792729,on a listed block
3039600050,242 NORWOOD AVENUE,B1,1,1975,2,2,2,68520.0,40.680187,-73.8791548,on a listed block
3039600058,3161 ATLANTIC AVENUE,K5,5,2014,0,1,1,650700.0,40.6799207,-73.8790976,on a listed block
3039600069,225 HALE AVENUE,B1,1,1901,2,2,1,60840.0,40.6796796,-73.8795523,on a listed block
3039600072,219 HALE AVENUE,B1,1,1901,2,2,1,56820.0,40.6798471,-73.8795917,on a listed block
3039600019,165 HALE AVENUE,B1,1,1901,2,2,1,58440.0,40.6810413,-73.8798419,on a listed block
3039600037,212 NORWOOD AVENUE,B3,1,1901,2,2,2,69960.0,40.6808926,-73.8793302,on a listed block
3039600034,206 NORWOOD AVENUE,B2,1,1901,2,2,1,54900.0,40.6811121,-73.8792974,on a listed block
3039600035,208 NORWOOD AVENUE,B2,1,1910,2,2,3,53040.0,40.6810409,-73.8794056,on a listed block
3039600018,167 HALE AVENUE,B1,1,1901,2,2,1,59580.0,40.6809864,-73.8798276,on a listed block
3039600003,209 HALE AVENUE,B1,1,1940,2,2,1,59040.0,40.6800887,-73.8796057,on a listed block
3039600008,201 HALE AVENUE,C3,2,1910,4,4,1,271800.0,40.680333,-73.8796665,on a listed block
3039600013,179 HALE AVENUE,B1,1,1901,2,2,1,59580.0,40.6807174,-73.8797632,on a listed block
3039600014,177 HALE AVENUE,B1,1,1901,2,2,1,59580.0,40.6807723,-73.8797739,on a listed block
3039600015,173 HALE AVENUE,B1,1,1901,2,2,1,59700.0,40.6808244,-73.8797882,on a listed block
3039600016,171 HALE AVENUE,C0,2,1901,3,3,1,58680.0,40.6808794,-73.8798025,on a listed block
3039600026,3122 FULTON STREET,S4,4,1900,4,5,1,221850.0,40.6812992,-73.8796684,on a listed block
3039600042,224 NORWOOD AVENUE,B2,1,1901,2,2,1,48240.0,40.6806153,-73.8792622,on a listed block
3039600046,243 NORWOOD AVENUE,C2,2,2023,6,6,1,543600.0,40.6803737,-73.8792482,on a listed block
3039600047,236 NORWOOD AVENUE,A1,1,1901,1,1,1,50640.0,40.6802886,-73.8791799,on a listed block
3039600068,227 HALE AVENUE,S2,4,1920,2,3,1,66420.0,40.6796137,-73.8795488,on a listed block
3039600108,193 HALE AVENUE,B1,1,1901,2,2,1,57960.0,40.6803934,-73.8796808,on a listed block
3039600109,189 HALE AVENUE,B1,1,1901,2,2,1,59580.0,40.6805005,-73.8797095,on a listed block
3039600033,204 NORWOOD AVENUE,B2,1,1901,2,2,2,63000.0,40.6811671,-73.8793982,on a listed block
3039600012,181 HALE AVENUE,C0,2,1901,3,3,1,59160.0,40.6806625,-73.8797488,on a listed block
3039600001,215 HALE AVENUE,B2,1,1901,2,2,2,76320.0,40.6799514,-73.8795735,on a listed block
3039600044,NORWOOD AVENUE,V0,11,0,0,0,0,30600.0,40.680489,-73.87923,on a listed block
3039600006,205 HALE AVENUE,B2,1,1920,2,2,1,38400.0,40.6802397,-73.8796451,on a listed block
3039600007,203 HALE AVENUE,B2,1,1901,2,2,1,46320.0,40.6802781,-73.8796522,on a listed block
3039600009,191 HALE AVENUE,C0,2,1901,3,3,1,60960.0,40.6804483,-73.8796952,on a listed block
3039600043,228 NORWOOD AVENUE,B2,1,1901,2,2,2,62580.0,40.6805549,-73.8792479,on a listed block
3039600065,3141 ATLANTIC AVENUE,G2,7,2010,0,1,1,168300.0,40.67977,-73.8793863,on a listed block
3039600070,223 HALE AVENUE,B1,1,1901,2,2,1,60840.0,40.6797345,-73.8795666,on a listed block
3039600071,221 HALE AVENUE,B1,1,1901,2,2,1,60840.0,40.6797894,-73.8795774,on a listed block
3039600031,3138 FULTON STREET,S4,4,1900,4,5,1,369000.0,40.681403,-73.8792211,on a listed block
3039600030,3134 FULTON STREET,S2,4,1900,2,3,2,85320.0,40.6813647,-73.8793005,on a listed block
3039600029,3132 FULTON STREET,S2,4,1900,2,3,2,88020.0,40.6813565,-73.8793907,on a listed block
3039600045,232 NORWOOD AVENUE,V0,11,0,0,0,1,10440.0,40.6804449,-73.879057,on a listed block
3039600025,FULTON STREET,V1,11,0,0,0,0,2565.0,40.681291,-73.8797081,on a listed block
3039600028,3130 FULTON STREET,S2,4,1900,2,3,2,53880.0,40.6813429,-73.8794592,on a listed block
3039600005,207 HALE AVENUE,G7,10,0,0,0,0,115650.0,40.6801902,-73.8796307,on a listed block
3039620034,511 LIBERTY AVENUE,V1,11,0,0,0,1,81450.0,40.6754585,-73.8908656,on a listed block
3039620008,2792 ATLANTIC AVENUE,G7,10,0,0,0,2,175950.0,40.6761503,-73.8910412,on a listed block
3039620031,LIBERTY AVENUE,V2,11,0,0,0,0,11940.0,40.6754994,-73.8905952,on a listed block
3039620004,175 VAN SICLEN AVENUE,B3,1,1901,2,2,1,51480.0,40.6758509,-73.8908253,on a listed block
3039620005,173 VAN SICLEN AVENUE,B3,1,1901,2,2,1,51480.0,40.6759168,-73.8908432,on a listed block
3039620006,169 VAN SICLEN AVENUE,A1,1,1901,1,1,1,47880.0,40.6759855,-73.8908612,on a listed block
3039620009,2800 ATLANTIC AVENUE,K5,5,2002,0,1,1,815400.0,40.6760675,-73.8905906,on a listed block
3039620030,523 LIBERTY AVENUE,P2,8,1930,0,1,1,382950.0,40.6755294,-73.8903788,on a listed block
3039620032,517 LIBERTY AVENUE,B2,1,1901,2,2,1,63540.0,40.6754857,-73.8906853,on a listed block
3039620033,515 LIBERTY AVENUE,B2,1,1901,2,2,1,45120.0,40.6754721,-73.8907791,on a listed block
3039620001,VAN SICLEN AVENUE,G7,10,0,0,0,0,59400.0,40.6756478,-73.8907752,on a listed block
3039620002,183 VAN SICLEN AVENUE,F5,6,1930,0,1,1,272250.0,40.6757494,-73.8908003,on a listed block
3039710013,327 LINWOOD STREET,B2,1,1901,2,2,2,42180.0,40.6776002,-73.8832731,on a listed block
3039710015,323 LINWOOD STREET,B2,1,1901,2,2,2,59340.0,40.6777347,-73.8833053,on a listed block
3039710019,3002 ATLANTIC AVENUE,D6,4,2018,100,101,1,4102650.0,40.6780119,-73.8833301,on a listed block
3039710025,3020 ATLANTIC AVENUE,K4,4,1901,1,2,1,164250.0,40.6781104,-73.8829838,on a listed block
3039710026,3024 ATLANTIC AVENUE,K4,4,1920,2,4,2,267750.0,40.6781323,-73.8828864,on a listed block
3039710029,252 ESSEX STREET,C3,2,1904,4,4,1,206100.0,40.6779265,-73.8829697,on a listed block
3039710030,254 ESSEX STREET,C3,2,1904,4,4,1,194400.0,40.6778579,-73.8829554,on a listed block
3039710033,260 ESSEX STREET,C0,2,2004,3,3,1,57480.0,40.6776547,-73.8829017,on a listed block
3039710034,264 ESSEX STREET,C0,2,2004,3,3,1,57480.0,40.6775888,-73.8828873,on a listed block
3039710002,359 LINWOOD STREET,B2,1,1901,2,2,1,57000.0,40.6768561,-73.8830833,on a listed block
3039710044,294 ESSEX STREET,B3,1,1901,2,2,1,51360.0,40.6769107,-73.8827155,on a listed block
3039710003,357 LINWOOD STREET,B2,1,1901,2,2,1,45180.0,40.6769248,-73.8831012,on a listed block
3039710006,351 LINWOOD STREET,C3,2,1905,4,4,1,187650.0,40.677128,-73.8831513,on a listed block
3039710053,725 LIBERTY AVENUE,A1,1,1950,1,1,1,40980.0,40.6766146,-73.8830585,on a listed block
3039710039,278 ESSEX STREET,B2,1,1901,2,2,2,13440.0,40.6772511,-73.8828014,on a listed block
3039710005,353 LINWOOD STREET,C5,2,1901,5,5,1,157500.0,40.6770566,-73.8831334,on a listed block
3039710007,345 LINWOOD STREET,A2,1,1950,1,1,2,37140.0,40.6771966,-73.8831692,on a listed block
3039710037,272 ESSEX STREET,A9,1,1910,1,1,2,33180.0,40.6773829,-73.8828336,on a listed block
3039710038,276 ESSEX STREET,C0,2,1925,3,3,1,55680.0,40.677317,-73.8828157,on a listed block
3039710042,288 ESSEX STREET,B2,1,1901,2,2,1,53280.0,40.6770452,-73.8827477,on a listed block
3039710043,292 ESSEX STREET,C2,2,1914,6,6,1,299700.0,40.6769793,-73.8827334,on a listed block
3039710045,298 ESSEX STREET,C0,2,1901,3,3,2,59160.0,40.6768448,-73.8826976,on a listed block
3039710046,739 LIBERTY AVENUE,S4,4,1920,4,5,2,287550.0,40.6766964,-73.8825104,on a listed block
3039710049,735 LIBERTY AVENUE,C7,4,2022,10,11,1,428400.0,40.6766691,-73.8827015,on a listed block
3039710050,731 LIBERTY AVENUE,C7,4,2022,10,11,1,570150.0,40.6766555,-73.8827953,on a listed block
3039710052,727 LIBERTY AVENUE,M1,8,1920,0,1,2,79650.0,40.6766282,-73.8829683,on a listed block
3039710054,LIBERTY AVENUE,G7,10,0,0,0,0,79650.0,40.676601,-73.8831559,on a listed block
3039710036,270 ESSEX STREET,B2,1,1901,2,2,1,58380.0,40.6774543,-73.8828515,on a listed block
3039710001,361 LINWOOD STREET,A1,1,1901,1,1,2,53820.0,40.6767903,-73.8830654,on a listed block
3039710004,355 LINWOOD STREET,B2,1,1931,2,2,1,65280.0,40.6769907,-73.8831155,on a listed block
3039710008,341 LINWOOD STREET,G1,10,1930,0,1,1,50400.0,40.6772597,-73.8831872,on a listed block
3039710009,339 LINWOOD STREET,P2,8,1930,0,1,1,51750.0,40.6773284,-73.8832015,on a listed block
3039710010,335 LINWOOD STREET,B2,1,1901,2,2,1,51540.0,40.677397,-73.8832194,on a listed block
3039710011,333 LINWOOD STREET,A1,1,1910,1,1,2,48720.0,40.6774986,-73.883248,on a listed block
3039710014,325 LINWOOD STREET,B2,1,1901,2,2,1,54000.0,40.6776661,-73.883291,on a listed block
3039710016,321 LINWOOD STREET,A5,1,2005,1,1,1,62580.0,40.6778088,-73.8833268,on a listed block
3039710024,3018 ATLANTIC AVENUE,GU,5,1999,0,1,1,140400.0,40.6780913,-73.8830667,on a listed block
3039710031,256 ESSEX STREET,B2,1,1901,2,2,1,66180.0,40.6777563,-73.8829267,on a listed block
3039710035,268 ESSEX STREET,C0,2,1925,3,3,1,55020.0,40.6775202,-73.8828694,on a listed block
3039710041,286 ESSEX STREET,G0,10,1931,1,1,1,16020.0,40.6771138,-73.8827656,on a listed block
3039710051,729 LIBERTY AVENUE,C7,4,2021,10,11,1,654750.0,40.6766419,-73.8828818,on a listed block
3039710047,737 LIBERTY AVENUE,C1,2,2007,10,10,1,524700.0,40.6766855,-73.8826077,on a listed block
3039710040,282 ESSEX STREET,Z9,,0,0,0,2,64350.0,40.6771825,-73.8827835,on a listed block
3039730161,775 LIBERTY AVENUE,B9,1,2006,2,2,1,77220.0,40.6768624,-73.8811221,on a listed block
3039730024,3064 ATLANTIC AVENUE,I5,8,1919,0,1,1,1550250.0,40.6784793,-73.881404,on a listed block
3039730050,BERRIMAN STREET,Z9,,0,0,0,0,102150.0,40.6774139,-73.8809589,on a listed block
3039730008,299 SHEPHERD AVENUE,C0,2,1930,3,3,1,57960.0,40.6772523,-73.8812908,on a listed block
3039730009,297 SHEPHERD AVENUE,C0,2,1930,3,3,1,57960.0,40.6773045,-73.8813052,on a listed block
3039730063,771 LIBERTY AVENUE,C0,2,1910,3,3,1,67920.0,40.6768406,-73.8812591,on a listed block
3039730011,289 SHEPHERD AVENUE,C0,2,1930,3,3,1,57960.0,40.677461,-73.8813445,on a listed block
3039730012,287 SHEPHERD AVENUE,C0,2,1930,3,3,1,57960.0,40.6775159,-73.8813552,on a listed block
3039730013,285 SHEPHERD AVENUE,C0,2,1930,3,3,1,57960.0,40.677568,-73.8813696,on a listed block
3039730038,22 BERRIMAN STREET,G2,7,1930,0,1,1,367650.0,40.6782403,-73.881134,on a listed block
3039730046,46 BERRIMAN STREET,E1,6,1930,0,6,1,393300.0,40.6776143,-73.881009,on a listed block
3039730052,66 BERRIMAN STREET,G1,10,1930,0,1,1,245700.0,40.6773123,-73.8809338,on a listed block
3039730060,779 LIBERTY AVENUE,C2,2,1910,6,6,1,250200.0,40.6769199,-73.8809742,on a listed block
3039730053,68 BERRIMAN STREET,B2,1,1910,2,2,2,68940.0,40.6772107,-73.8809087,on a listed block
3039730062,773 LIBERTY AVENUE,C0,2,1910,3,3,1,58620.0,40.6768515,-73.8811906,on a listed block
3039730005,329 SHEPHERD AVENUE,C0,2,1930,3,3,1,45240.0,40.6770354,-73.8812371,on a listed block
3039730007,325 SHEPHERD AVENUE,C0,2,1899,3,3,1,68940.0,40.6771452,-73.8812658,on a listed block
3039730001,333 SHEPHERD AVENUE,C2,2,1905,6,6,1,236700.0,40.6768297,-73.8813348,on a listed block
3039730004,331 SHEPHERD AVENUE,C0,2,1899,3,3,1,68880.0,40.6769805,-73.8812264,on a listed block
3039730006,327 SHEPHERD AVENUE,C0,2,1899,3,3,1,68940.0,40.6770903,-73.8812515,on a listed block
3039730010,293 SHEPHERD AVENUE,C0,2,1930,3,3,1,57960.0,40.6773566,-73.8813195,on a listed block
3039730055,BERRIMAN STREET,G7,10,0,0,0,0,56700.0,40.6771092,-73.8808837,on a listed block
3039730057,787 LIBERTY AVENUE,S9,4,1920,2,4,1,211500.0,40.676958,-73.8807073,on a listed block
3039730058,785 LIBERTY AVENUE,G2,7,1930,0,1,2,262800.0,40.6769389,-73.8808407,on a listed block
3039730061,777 LIBERTY AVENUE,C0,2,1899,3,3,1,80220.0,40.6768733,-73.8810499,on a listed block
3039730107,323 SHEPHERD AVENUE,C0,2,1930,3,3,1,46680.0,40.6771974,-73.8812801,on a listed block
3039730110,291 SHEPHERD AVENUE,C0,2,1930,3,3,1,57960.0,40.6774088,-73.8813302,on a listed block
3039730022,261 SHEPHERD AVENUE,G7,10,0,0,0,0,371700.0,40.6781666,-73.8815235,on a listed block
3039730014,283 SHEPHERD AVENUE,C0,2,1930,3,3,1,57960.0,40.6776202,-73.8813839,on a listed block
3039730015,263 SHEPHERD AVENUE,M3,8,1964,0,2,3,1887750.0,40.677922,-73.8813077,on a listed block
3039730045,44 BERRIMAN STREET,M1,8,1920,0,1,2,108450.0,40.6777955,-73.8810519,on a listed block
3039750001,3124 ATLANTIC AVENUE,C1,2,1931,102,102,54,946800.0,40.6781259,-73.8794109,on a listed block
3039770033,527 GLENMORE AVENUE,B9,1,1925,2,2,1,40200.0,40.6741273,-73.8909255,on a listed block
3039770005,267 MILLER AVENUE,G0,10,1930,1,1,1,5306.0,40.674545,-73.8914475,on a listed block
3039770021,510 LIBERTY AVENUE,V1,11,0,0,0,0,65700.0,40.6749865,-73.8910431,on a listed block
3039770020,504 LIBERTY AVENUE,V1,11,0,0,0,1,71550.0,40.6749756,-73.8911188,on a listed block
3039770008,259 MILLER AVENUE,A5,1,1910,1,1,1,41940.0,40.6747152,-73.8914905,on a listed block
3039770019,502 LIBERTY AVENUE,V1,11,0,0,0,0,71550.0,40.6749675,-73.8911873,on a listed block
3039770003,273 MILLER AVENUE,B2,1,1910,2,2,1,51960.0,40.6744077,-73.8914117,on a listed block
3039770004,269 MILLER AVENUE,A5,1,1910,1,1,2,43200.0,40.6744764,-73.8914296,on a listed block
3039770006,263 MILLER AVENUE,A5,1,1930,1,1,2,43320.0,40.6746109,-73.8914655,on a listed block
3039770007,261 MILLER AVENUE,B3,1,1910,2,2,1,37320.0,40.6746658,-73.8914798,on a listed block
3039770009,257 MILLER AVENUE,A5,1,1910,1,1,1,40740.0,40.6747646,-73.8915013,on a listed block
3039770010,255 MILLER AVENUE,A5,1,1910,1,1,1,41040.0,40.6748141,-73.8915156,on a listed block
3039770018,500 LIBERTY AVENUE,G9,7,1930,1,2,1,114750.0,40.6749565,-73.8912558,on a listed block
3039770014,492 LIBERTY AVENUE,F5,6,1960,0,1,1,54450.0,40.6749458,-73.8915478,on a listed block
3039770013,490 LIBERTY AVENUE,A5,1,1910,1,1,1,42720.0,40.6749349,-73.89162,on a listed block
3039770017,498 LIBERTY AVENUE,G9,7,1997,0,1,1,122850.0,40.6749456,-73.8913279,on a listed block
3039770029,232 VAN SICLEN AVENUE,B2,1,2002,2,2,1,50040.0,40.6743854,-73.8910368,on a listed block
3039770015,494 LIBERTY AVENUE,Z9,,0,0,0,1,29525.0,40.6749568,-73.8914793,on a listed block
3039770023,212 VAN SICLEN AVENUE,C0,2,1910,3,3,1,77880.0,40.6747972,-73.8911407,on a listed block
3039770001,275 MILLER AVENUE,C1,2,1930,7,7,1,260100.0,40.6743062,-73.8913866,on a listed block
3039770016,496 LIBERTY AVENUE,C0,2,1901,3,3,1,58140.0,40.6749649,-73.8914072,on a listed block
3039770028,226 VAN SICLEN AVENUE,B2,1,2005,2,2,1,48900.0,40.6744595,-73.8910547,on a listed block
3039770032,531 GLENMORE AVENUE,C0,2,1925,3,3,1,58920.0,40.6741849,-73.8908641,on a listed block
3039770034,525 GLENMORE AVENUE,B1,1,1910,2,2,1,65700.0,40.6741439,-73.8910228,on a listed block
3039770129,234 VAN SICLEN AVENUE,B2,1,2002,2,2,1,50400.0,40.6743195,-73.8910189,on a listed block
3039770012,488 LIBERTY AVENUE,C0,2,1899,3,3,1,47220.0,40.674924,-73.8916921,on a listed block
3039770024,216 VAN SICLEN AVENUE,B2,1,2005,2,2,2,57060.0,40.6747286,-73.8911228,on a listed block
3039770025,218 VAN SICLEN AVENUE,B1,1,2005,2,2,1,57060.0,40.6746627,-73.8911049,on a listed block
3039770026,222 VAN SICLEN AVENUE,B2,1,1910,2,2,1,46560.0,40.6745968,-73.891087,on a listed block
3039770027,224 VAN SICLEN AVENUE,B1,1,2005,2,2,1,55380.0,40.6745282,-73.8910726,on a listed block
3039770035,521 GLENMORE AVENUE,B2,1,2004,2,2,1,54900.0,40.6741302,-73.8911129,on a listed block
3039777501,509 GLENMORE AVENUE,R2,2,2011,12,12,1,1299602.0,40.6740975,-73.8913329,on a listed block
3039790031,579 GLENMORE AVENUE,QG,9,0,0,0,1,11400.0,40.6744027,-73.8890288,on a listed block
3039790033,573 GLENMORE AVENUE,QG,9,0,0,0,1,12000.0,40.6743754,-73.8892163,on a listed block
3039790032,575 GLENMORE AVENUE,QG,9,0,0,0,1,12000.0,40.6743891,-73.8891225,on a listed block
3039790002,307 HENDRIX STREET,B2,1,1910,2,2,1,39780.0,40.6745817,-73.8895945,on a listed block
3039790022,246 SCHENCK AVENUE,B2,1,2004,2,2,1,53820.0,40.6749959,-73.8893198,on a listed block
3039790040,311 HENDRIX STREET,C2,2,1925,5,5,1,270000.0,40.6744691,-73.8895658,on a listed block
3039790023,250 SCHENCK AVENUE,B2,1,2004,2,2,1,53820.0,40.67493,-73.8893019,on a listed block
3039790027,258 SCHENCK AVENUE,B2,1,1910,2,2,1,44640.0,40.6746609,-73.8892338,on a listed block
3039790034,571 GLENMORE AVENUE,B3,1,1899,2,2,1,50400.0,40.6743618,-73.8893028,on a listed block
3039790019,558 LIBERTY AVENUE,Z9,,0,0,0,1,56700.0,40.6752566,-73.8892509,on a listed block
3039790018,554 LIBERTY AVENUE,B3,1,1935,2,2,1,37560.0,40.6752429,-73.8893338,on a listed block
3039790016,550 LIBERTY AVENUE,S1,4,1935,1,2,1,33240.0,40.6752211,-73.8894853,on a listed block
3039790009,287 HENDRIX STREET,V0,11,0,0,0,0,15960.0,40.67501,-73.8896983,on a listed block
3039790021,SCHENCK AVENUE,G7,10,0,0,0,1,119700.0,40.6750645,-73.8893377,on a listed block
3039790011,536 LIBERTY AVENUE,S5,4,1935,5,6,1,252000.0,40.6751611,-73.8898783,on a listed block
3039790012,540 LIBERTY AVENUE,Z9,,0,0,0,1,44865.0,40.6751747,-73.8897918,on a listed block
3039790013,546 LIBERTY AVENUE,S9,4,1935,2,4,1,250200.0,40.6751938,-73.8896692,on a listed block
3039790015,548 LIBERTY AVENUE,B3,1,1910,2,2,1,44040.0,40.6752102,-73.8895538,on a listed block
3039790017,552 LIBERTY AVENUE,B1,1,1910,2,2,1,44100.0,40.675232,-73.8894131,on a listed block
3039790024,252 SCHENCK AVENUE,A1,1,1910,1,1,1,45900.0,40.6748641,-73.8892876,on a listed block
3039790006,293 HENDRIX STREET,B2,1,1910,2,2,2,54660.0,40.6748397,-73.8896589,on a listed block
3039790008,291 HENDRIX STREET,M1,8,1942,0,1,1,85050.0,40.6749413,-73.889684,on a listed block
3039790038,559 GLENMORE AVENUE,S1,4,1935,1,2,1,53520.0,40.6743182,-73.8895949,on a listed block
3039790005,299 HENDRIX STREET,B2,1,1910,2,2,1,40920.0,40.6747409,-73.8896339,on a listed block
3039790003,305 HENDRIX STREET,B2,1,1910,2,2,1,43680.0,40.6746311,-73.8896052,on a listed block
3039790001,309 HENDRIX STREET,B2,1,1910,2,2,1,48180.0,40.6745323,-73.8895801,on a listed block
3039790004,303 HENDRIX STREET,B2,1,1910,2,2,1,43980.0,40.6746833,-73.8896195,on a listed block
3039790026,256 SCHENCK AVENUE,A1,1,1920,1,1,1,44220.0,40.6747268,-73.8892517,on a listed block
3039790028,260 SCHENCK AVENUE,B2,1,1910,2,2,1,52920.0,40.674595,-73.8892195,on a listed block
3039790029,264 SCHENCK AVENUE,A1,1,1899,1,1,1,29040.0,40.6745264,-73.8892016,on a listed block
3039790035,565 GLENMORE AVENUE,S2,4,1935,2,3,1,50280.0,40.6743482,-73.8893822,on a listed block
3039790036,563 GLENMORE AVENUE,S2,4,1935,2,3,1,51000.0,40.67434,-73.8894507,on a listed block
3039790037,561 GLENMORE AVENUE,S1,4,1935,1,2,1,53520.0,40.6743291,-73.8895192,on a listed block
3039790039,557 GLENMORE AVENUE,S1,4,1935,1,2,1,52500.0,40.6743073,-73.8896742,on a listed block
3039790025,254 SCHENCK AVENUE,B2,1,1910,2,2,1,85320.0,40.6747955,-73.8892697,on a listed block
3039810032,613 GLENMORE AVENUE,B2,1,1910,2,2,1,39540.0,40.6746511,-73.8875935,on a listed block
3039810035,605 GLENMORE AVENUE,V0,11,0,0,0,1,16320.0,40.6746129,-73.887864,on a listed block
3039810104,321A BARBEY STREET,A9,1,1910,1,1,1,37860.0,40.6750356,-73.887838,on a listed block
3039810016,602 LIBERTY AVENUE,S9,4,1940,5,7,3,469350.0,40.6755129,-73.8874911,on a listed block
3039810014,594 LIBERTY AVENUE,C0,2,2005,3,3,1,49500.0,40.6754747,-73.887758,on a listed block
3039810008,311 BARBEY STREET,A9,1,1901,1,1,1,46140.0,40.6752772,-73.8878989,on a listed block
3039810004,323 BARBEY STREET,A9,1,1910,1,1,1,45480.0,40.6749944,-73.8878273,on a listed block
3039810005,321 BARBEY STREET,B2,1,1910,2,2,1,38520.0,40.675085,-73.8878488,on a listed block
3039810006,317 BARBEY STREET,A9,1,1910,1,1,2,50340.0,40.6751454,-73.8878667,on a listed block
3039810007,315 BARBEY STREET,B2,1,1910,2,2,1,47640.0,40.6752113,-73.887881,on a listed block
3039810010,586 LIBERTY AVENUE,C0,2,2005,3,3,1,60780.0,40.6754311,-73.8880645,on a listed block
3039810011,588 LIBERTY AVENUE,C0,2,2005,3,3,1,49740.0,40.6754447,-73.8879707,on a listed block
3039810012,590 LIBERTY AVENUE,C0,2,2005,3,3,1,49500.0,40.6754556,-73.8879022,on a listed block
3039810013,592 LIBERTY AVENUE,C0,2,2005,3,3,1,49500.0,40.6754638,-73.8878301,on a listed block
3039810015,596 LIBERTY AVENUE,C0,2,2005,3,3,1,49740.0,40.6754856,-73.8876895,on a listed block
3039810019,270 JEROME STREET,B2,1,1920,2,2,1,53460.0,40.675329,-73.8875347,on a listed block
3039810020,272 JEROME STREET,B3,1,1910,2,2,1,56460.0,40.6752302,-73.8875096,on a listed block
3039810022,276 JEROME STREET,A2,1,1920,1,1,1,39240.0,40.6751286,-73.8874846,on a listed block
3039810023,280 JEROME STREET,C0,2,1930,3,3,1,58560.0,40.6750599,-73.8874667,on a listed block
3039810115,598 LIBERTY AVENUE,C0,2,2005,3,3,1,49740.0,40.6754965,-73.8876173,on a listed block
3039810030,617 GLENMORE AVENUE,B1,1,2003,2,2,1,60060.0,40.6746784,-73.8874204,on a listed block
3039810001,329 BARBEY STREET,E9,6,1935,0,1,1,262800.0,40.6748407,-73.8877879,on a listed block
3039810025,284 JEROME STREET,B1,1,1910,2,2,2,54240.0,40.6749309,-73.8874308,on a listed block
3039810028,619 GLENMORE AVENUE,C1,2,1930,15,15,1,328950.0,40.6746975,-73.8872798,on a listed block
3039810024,282 JEROME STREET,B2,1,1920,2,2,1,63840.0,40.6749968,-73.8874487,on a listed block
3039810026,286 JEROME STREET,B1,1,1910,2,2,2,54240.0,40.6748595,-73.8874129,on a listed block
3039810003,327 BARBEY STREET,C0,2,1910,3,3,1,43680.0,40.6749423,-73.887813,on a listed block
3039810031,615 GLENMORE AVENUE,A9,1,1910,1,1,2,44760.0,40.6746647,-73.887507,on a listed block
3039810034,609 GLENMORE AVENUE,B2,1,1910,2,2,1,40860.0,40.6746266,-73.8877738,on a listed block
3039810033,611 GLENMORE AVENUE,B2,1,1910,2,2,1,43740.0,40.6746375,-73.8876837,on a listed block
3039830011,329 WARWICK STREET,B1,1,2017,2,2,1,72300.0,40.6757614,-73.8862145,on a listed block
3039830013,333 WARWICK STREET,B1,1,2017,2,2,1,80040.0,40.6756516,-73.8861858,on a listed block
3039830009,642 LIBERTY AVENUE,O1,5,1910,0,1,1,91350.0,40.6757337,-73.8860091,on a listed block
3039830010,327 WARWICK STREET,B1,1,2017,2,2,1,93840.0,40.6758163,-73.8862288,on a listed block
3039830012,331 WARWICK STREET,B1,1,2017,2,2,1,72300.0,40.6757065,-73.8862002,on a listed block
3039830015,646 LIBERTY AVENUE,K4,4,1935,1,2,2,334350.0,40.6757528,-73.8858828,on a listed block
3039830017,652 LIBERTY AVENUE,B9,1,1935,2,2,1,54720.0,40.6758378,-73.8857637,on a listed block
3039830004,349 WARWICK STREET,G0,10,1919,1,1,1,11700.0,40.6752672,-73.8860747,on a listed block
3039830030,310 ASHFORD STREET,C0,2,1935,3,3,1,57000.0,40.6748412,-73.8855563,on a listed block
3039830020,282 ASHFORD STREET,C2,2,1910,6,6,1,277650.0,40.6755194,-73.8858003,on a listed block
3039830021,284 ASHFORD STREET,B2,1,1910,2,2,1,43860.0,40.675448,-73.8857824,on a listed block
3039830022,286 ASHFORD STREET,B2,1,1910,2,2,1,39480.0,40.6753794,-73.8857645,on a listed block
3039830023,288 ASHFORD STREET,B2,1,1910,2,2,1,37680.0,40.6753135,-73.8857466,on a listed block
3039830024,294 ASHFORD STREET,B2,1,1901,2,2,2,53820.0,40.6752476,-73.8857323,on a listed block
3039830026,300 ASHFORD STREET,B2,1,1905,2,2,1,43380.0,40.6751076,-73.8856965,on a listed block
3039830029,308 ASHFORD STREET,B1,1,1930,2,2,1,47760.0,40.6748934,-73.8855707,on a listed block
3039830034,657 GLENMORE AVENUE,B2,1,2001,2,2,1,72480.0,40.6748856,-73.8859745,on a listed block
3039830035,655 GLENMORE AVENUE,B2,1,2001,2,2,1,58440.0,40.6748719,-73.8860754,on a listed block
3039830119,276 ASHFORD STREET,A9,1,1910,1,1,1,36720.0,40.6756648,-73.8857172,on a listed block
3039830125,296 ASHFORD STREET,B2,1,2009,2,2,1,40680.0,40.675179,-73.8857144,on a listed block
3039830033,661 GLENMORE AVENUE,C0,2,1910,3,3,1,52920.0,40.6749047,-73.8858951,on a listed block
3039830027,302 ASHFORD STREET,B1,1,2005,2,2,1,68460.0,40.6750499,-73.8856101,on a listed block
3039830128,306 ASHFORD STREET,B1,1,1899,2,2,1,48840.0,40.6749401,-73.8855814,on a listed block
3039830032,665 GLENMORE AVENUE,C0,2,2005,3,3,1,63060.0,40.6749183,-73.8858086,on a listed block
3039830001,357 WARWICK STREET,B2,1,2001,2,2,2,49380.0,40.6750558,-73.8860282,on a listed block
3039830014,335 WARWICK STREET,B1,1,2017,2,2,1,72300.0,40.6755966,-73.8861715,on a listed block
3039830028,304 ASHFORD STREET,B1,1,1901,2,2,1,45900.0,40.6749895,-73.8855957,on a listed block
3039830031,667 GLENMORE AVENUE,B2,1,1910,2,2,1,56700.0,40.6749292,-73.8857256,on a listed block
3039830002,353 WARWICK STREET,B2,1,1910,2,2,2,38700.0,40.6751326,-73.8860389,on a listed block
3039830003,351 WARWICK STREET,B3,1,1901,2,2,1,39660.0,40.6752013,-73.8860568,on a listed block
3039830005,347 WARWICK STREET,B2,1,1901,2,2,1,43320.0,40.6753331,-73.8860927,on a listed block
3039830007,343 WARWICK STREET,A5,1,1910,1,1,1,57600.0,40.6754786,-73.8861285,on a listed block
3039830008,341 WARWICK STREET,B2,1,2001,2,2,1,45660.0,40.6755445,-73.8861464,on a listed block
3039830019,278 ASHFORD STREET,B2,1,1910,2,2,1,46020.0,40.6755881,-73.8858182,on a listed block
3039830018,274 ASHFORD STREET,V1,11,0,0,0,1,20520.0,40.6757307,-73.8857351,on a listed block
3039830006,345 WARWICK STREET,B2,1,1901,2,2,2,41220.0,40.6754017,-73.886107,on a listed block
3039850014,680 LIBERTY AVENUE,M1,8,1942,0,1,1,51750.0,40.6759573,-73.8844837,on a listed block
3039850016,684 LIBERTY AVENUE,G7,10,0,0,0,1,87300.0,40.6759845,-73.884307,on a listed block
3039850010,373 CLEVELAND STREET,B2,1,1910,2,2,1,46320.0,40.6757789,-73.8845092,on a listed block
3039850009,375 CLEVELAND STREET,B1,1,1910,2,2,1,57060.0,40.6757103,-73.8844913,on a listed block
3039850012,676 LIBERTY AVENUE,S9,4,1935,5,7,2,376200.0,40.67593,-73.8846676,on a listed block
3039850013,678 LIBERTY AVENUE,B2,1,1910,2,2,1,54060.0,40.6759464,-73.8845702,on a listed block
3039850015,682 LIBERTY AVENUE,G7,10,0,0,0,0,89550.0,40.6759709,-73.8843935,on a listed block
3039850017,692 LIBERTY AVENUE,B1,1,1910,2,2,2,47760.0,40.6759954,-73.8842168,on a listed block
3039850018,696 LIBERTY AVENUE,V1,11,0,0,0,0,98550.0,40.6760118,-73.8841231,on a listed block
3039850020,302 ELTON STREET,M1,8,1930,0,1,1,72000.0,40.6758088,-73.8841811,on a listed block
3039850022,306 ELTON STREET,M1,8,1930,0,1,1,91800.0,40.675677,-73.8841453,on a listed block
3039850035,699 GLENMORE AVENUE,B2,1,1925,2,2,1,53820.0,40.6750624,-73.8844492,on a listed block
3039850001,395 CLEVELAND STREET,C0,2,2023,3,3,1,60480.0,40.6752079,-73.8844237,on a listed block
3039850003,389 CLEVELAND STREET,C0,2,2024,3,3,1,59580.0,40.6753067,-73.8843875,on a listed block
3039850004,387 CLEVELAND STREET,B2,1,1910,2,2,1,70020.0,40.6753726,-73.8844054,on a listed block
3039850005,385 CLEVELAND STREET,C1,2,1998,24,24,1,1055250.0,40.675408,-73.8841926,on a listed block
3039850032,707 GLENMORE AVENUE,B2,1,1910,2,2,2,44520.0,40.6751582,-73.8841822,on a listed block
3039850033,703 GLENMORE AVENUE,C0,2,2007,3,3,1,46380.0,40.6751309,-73.8842688,on a listed block
3039850034,701 GLENMORE AVENUE,B9,1,2007,2,2,1,58860.0,40.6750761,-73.8843554,on a listed block
3039870001,407 LINWOOD STREET,C0,2,1930,3,3,1,51420.0,40.675552,-73.8827467,on a listed block
3039870030,757 GLENMORE AVENUE,B2,1,1901,2,2,1,53220.0,40.6754254,-73.8823864,on a listed block
3039870026,354 ESSEX STREET,G0,10,1950,1,1,1,11700.0,40.6756038,-73.8823861,on a listed block
3039870005,399 LINWOOD STREET,C5,2,1901,22,22,1,186750.0,40.6758238,-73.8828147,on a listed block
3039870007,395 LINWOOD STREET,C0,2,1901,3,3,2,50400.0,40.6759584,-73.8828506,on a listed block
3039870023,348 ESSEX STREET,B1,1,1899,2,2,2,63780.0,40.6758097,-73.8824362,on a listed block
3039870025,352 ESSEX STREET,B2,1,1920,2,2,1,72120.0,40.6756752,-73.882404,on a listed block
3039870028,761 GLENMORE AVENUE,B2,1,1901,2,2,2,64080.0,40.6754499,-73.8822097,on a listed block
3039870029,759 GLENMORE AVENUE,C3,2,1901,4,4,1,151200.0,40.6754363,-73.8822999,on a listed block
3039870032,751 GLENMORE AVENUE,B2,1,2002,2,2,1,58500.0,40.6753981,-73.8825631,on a listed block
3039870033,749 GLENMORE AVENUE,A9,1,1901,1,1,1,63720.0,40.6753845,-73.8826533,on a listed block
3039870034,745 GLENMORE AVENUE,B2,1,1901,2,2,1,86400.0,40.6753709,-73.8827434,on a listed block
3039870035,741 GLENMORE AVENUE,G2,7,1940,0,1,1,96300.0,40.6753572,-73.8828336,on a listed block
3039870002,405 LINWOOD STREET,C2,2,1930,5,5,3,310500.0,40.6756536,-73.8827718,on a listed block
3039870024,350 ESSEX STREET,C0,2,1920,3,3,2,57420.0,40.6757411,-73.8824183,on a listed block
3039870013,726 LIBERTY AVENUE,C1,2,1908,9,9,1,598500.0,40.6762136,-73.8827744,on a listed block
3039870004,401 LINWOOD STREET,B2,1,1901,2,2,2,58260.0,40.6757552,-73.8827968,on a listed block
3039870006,397 LINWOOD STREET,B3,1,1901,2,2,2,58560.0,40.6758897,-73.8828326,on a listed block
3039870008,393 LINWOOD STREET,A2,1,1901,1,1,2,63000.0,40.6760243,-73.8828649,on a listed block
3039870010,720 LIBERTY AVENUE,C7,4,2021,10,11,2,812700.0,40.6761727,-73.8830413,on a listed block
3039870011,722 LIBERTY AVENUE,B2,1,1901,2,2,1,64200.0,40.6761863,-73.8829511,on a listed block
3039870012,724 LIBERTY AVENUE,C1,2,1925,9,9,1,598500.0,40.6761999,-73.8828609,on a listed block
3039870014,728 LIBERTY AVENUE,S9,4,1925,4,6,1,206100.0,40.6762272,-73.8826806,on a listed block
3039870017,742 LIBERTY AVENUE,E9,6,1935,2,3,3,242550.0,40.6762544,-73.8824967,on a listed block
3039870020,328 ESSEX STREET,B2,1,1920,2,2,1,50280.0,40.6760102,-73.8824899,on a listed block
3039870021,330 ESSEX STREET,B2,1,1920,2,2,2,46860.0,40.6759415,-73.882472,on a listed block
3039870022,332 ESSEX STREET,C0,2,1901,3,3,1,61080.0,40.6758756,-73.8824541,on a listed block
3039870031,753 GLENMORE AVENUE,B2,1,2002,2,2,1,58500.0,40.6754125,-73.8824728,on a listed block
3039870019,322 ESSEX STREET,B9,1,1899,2,2,2,28920.0,40.6760788,-73.8825042,on a listed block
3039890032,803 GLENMORE AVENUE,V1,11,0,0,0,1,92700.0,40.6756651,-73.8805798,on a listed block
3039890001,355 SHEPHERD AVENUE,D1,3,2023,125,125,1,7604550.0,40.675756,-73.8809149,on a listed block
3039890027,118 BERRIMAN STREET,B2,1,1915,2,2,2,46980.0,40.6758929,-73.8805794,on a listed block
3039890030,805 GLENMORE AVENUE,E1,6,1905,0,1,1,422550.0,40.6756869,-73.8804392,on a listed block
3039890033,801 GLENMORE AVENUE,C0,2,1920,3,3,1,51780.0,40.6756569,-73.8806664,on a listed block
3039890007,341 SHEPHERD AVENUE,V0,11,0,0,0,0,28140.0,40.6762145,-73.8810295,on a listed block
3039890024,112 BERRIMAN STREET,G7,10,0,0,0,0,68400.0,40.6760878,-73.8806295,on a listed block
3039890025,114 BERRIMAN STREET,G7,10,0,0,0,0,211050.0,40.6759945,-73.8806045,on a listed block
3039890005,349 SHEPHERD AVENUE,C3,2,1925,4,4,1,213750.0,40.676047,-73.8809865,on a listed block
3039890006,345 SHEPHERD AVENUE,C0,2,1910,3,3,1,65520.0,40.6761129,-73.8810044,on a listed block
3039890009,339 SHEPHERD AVENUE,B2,1,1915,2,2,1,54540.0,40.6763161,-73.8810545,on a listed block
3039890010,770 LIBERTY AVENUE,S5,4,1930,5,6,1,374850.0,40.6764508,-73.8812274,on a listed block
3039890012,772 LIBERTY AVENUE,G1,10,1910,0,1,1,117000.0,40.6764726,-73.8810903,on a listed block
3039890016,790 LIBERTY AVENUE,D7,4,2024,54,55,1,3073500.0,40.6765547,-73.880827,on a listed block
3039890018,94 BERRIMAN STREET,C3,2,1925,4,4,1,175050.0,40.6765024,-73.8807334,on a listed block
3039890019,96 BERRIMAN STREET,G2,7,1935,0,1,1,81450.0,40.6764365,-73.8807154,on a listed block
3039890020,98 BERRIMAN STREET,F4,6,1935,0,1,1,426150.0,40.6762581,-73.8806725,on a listed block
3039890028,124 BERRIMAN STREET,B2,1,1915,2,2,2,48900.0,40.675827,-73.8805651,on a listed block
3039910041,837 GLENMORE AVENUE,Z9,,0,0,0,1,41531.0,40.6758887,-73.8791806,on a listed block
3039910037,849 GLENMORE AVENUE,B3,1,1910,2,2,1,46260.0,40.675935,-73.8788525,on a listed block
3039910030,132 MONTAUK AVENUE,Z9,,0,0,0,0,40604.0,40.6761792,-73.8787403,on a listed block
3039910035,853 GLENMORE AVENUE,B3,1,1910,2,2,1,42120.0,40.6759568,-73.8787082,on a listed block
3039910006,117 ATKINS AVENUE,G0,10,1919,1,1,1,9180.0,40.676358,-73.8791581,on a listed block
3039910001,129 ATKINS AVENUE,B3,1,1915,2,2,1,68640.0,40.6760807,-73.8790902,on a listed block
3039910002,123 ATKINS AVENUE,B9,1,1935,2,2,4,43320.0,40.6761988,-73.8791188,on a listed block
3039910005,119 ATKINS AVENUE,B3,1,1915,2,2,2,41580.0,40.6763059,-73.8791474,on a listed block
3039910007,115 ATKINS AVENUE,B2,1,1935,2,2,1,53820.0,40.6764157,-73.8791725,on a listed block
3039910008,118 ATKINS AVENUE,Z9,,1950,0,1,1,477450.0,40.6766626,-73.879035,on a listed block
3039910026,124 MONTAUK AVENUE,B1,1,1901,2,2,1,57060.0,40.6763961,-73.8787976,on a listed block
3039910027,126 MONTAUK AVENUE,B1,1,1901,2,2,1,56700.0,40.6763412,-73.8787832,on a listed block
3039910028,128 MONTAUK AVENUE,B1,1,1901,2,2,1,56700.0,40.6762863,-73.8787689,on a listed block
3039910029,130 MONTAUK AVENUE,B1,1,1901,2,2,1,57060.0,40.6762341,-73.8787546,on a listed block
3039910031,134 MONTAUK AVENUE,G9,7,1950,0,1,1,88200.0,40.676127,-73.8787296,on a listed block
3039910033,859 GLENMORE AVENUE,C0,2,1800,3,3,2,63960.0,40.6759786,-73.8785532,on a listed block
3039910034,855 GLENMORE AVENUE,B3,1,1910,2,2,1,52620.0,40.6759677,-73.8786361,on a listed block
3039910036,851 GLENMORE AVENUE,B3,1,1910,2,2,1,50280.0,40.6759459,-73.8787804,on a listed block
3039910038,847 GLENMORE AVENUE,A5,1,1910,1,1,1,47640.0,40.6759269,-73.878921,on a listed block
3039910039,843 GLENMORE AVENUE,B2,1,1910,2,2,1,57660.0,40.675916,-73.8790003,on a listed block
3039910040,841 GLENMORE AVENUE,B2,1,1920,2,2,1,58380.0,40.6759023,-73.8790905,on a listed block
3039930018,532 GLENMORE AVENUE,QG,9,0,0,0,0,26880.0,40.6737044,-73.8907531,on a listed block
3039930017,530 GLENMORE AVENUE,QG,9,0,0,0,0,7200.0,40.6737814,-73.8908071,on a listed block
3039930019,VAN SICLEN AVENUE,QG,9,0,0,0,0,15960.0,40.6735508,-73.8908219,on a listed block
3039930010,293 MILLER AVENUE,B2,1,2004,2,2,1,56100.0,40.6736474,-73.8913553,on a listed block
3039930014,522 GLENMORE AVENUE,B2,1,1910,2,2,1,51180.0,40.6737019,-73.8910019,on a listed block
3039930104,317 MILLER AVENUE,B1,1,2005,2,2,1,48360.0,40.6732409,-73.8911144,on a listed block
3039930001,2211 PITKIN AVENUE,C1,2,1970,16,16,3,2296350.0,40.6729937,-73.8908625,on a listed block
3039930011,514 GLENMORE AVENUE,B3,1,1901,2,2,1,60960.0,40.673661,-73.8912687,on a listed block
3039930016,528 GLENMORE AVENUE,G7,10,0,0,0,1,53100.0,40.6737704,-73.8908756,on a listed block
3039930020,264 VAN SICLEN AVENUE,C0,2,2007,3,3,1,56400.0,40.6734849,-73.890804,on a listed block
3039930105,313 MILLER AVENUE,B1,1,2005,2,2,1,59820.0,40.6733068,-73.8911323,on a listed block
3039930106,311 MILLER AVENUE,B1,1,2005,2,2,1,59820.0,40.6733617,-73.8911466,on a listed block
3039930015,526 GLENMORE AVENUE,G9,7,2005,0,1,1,73800.0,40.6737128,-73.8909262,on a listed block
3039930013,520 GLENMORE AVENUE,B1,1,2004,2,2,1,57060.0,40.6736883,-73.891092,on a listed block
3039930012,516 GLENMORE AVENUE,B2,1,2004,2,2,1,57060.0,40.6736747,-73.8911786,on a listed block
3039930022,270 VAN SICLEN AVENUE,C1,2,1970,20,20,1,462150.0,40.6733202,-73.890761,on a listed block
3039930021,266 VAN SICLEN AVENUE,C0,2,2007,3,3,1,55620.0,40.673419,-73.8907861,on a listed block
3039930107,309 MILLER AVENUE,B1,1,2005,2,2,1,59820.0,40.6734139,-73.891161,on a listed block
3039930108,307 MILLER AVENUE,B1,1,2005,2,2,1,48360.0,40.6734853,-73.8911789,on a listed block
3039950027,308 SCHENCK AVENUE,B2,1,1901,2,2,1,58140.0,40.6733513,-73.8889007,on a listed block
3039950010,327 HENDRIX STREET,B2,1,2004,2,2,1,62880.0,40.6738515,-73.8895019,on a listed block
3039950017,576 GLENMORE AVENUE,B2,1,2002,2,2,1,31440.0,40.6739965,-73.8890258,on a listed block
3039950110,323 HENDRIX STREET,B2,1,2004,2,2,1,64380.0,40.673986,-73.8895378,on a listed block
3039950020,292 SCHENCK AVENUE,A5,1,1901,1,1,1,81000.0,40.6740541,-73.8889573,on a listed block
3039950022,296 SCHENCK AVENUE,B2,1,1930,2,2,1,50520.0,40.6737275,-73.8889975,on a listed block
3039950025,304 SCHENCK AVENUE,B1,1,2004,2,2,1,53220.0,40.6734886,-73.8889366,on a listed block
3039950029,2271 PITKIN AVENUE,C0,2,2003,3,3,1,71820.0,40.6731975,-73.8887316,on a listed block
3039950115,570 GLENMORE AVENUE,B2,1,2002,2,2,1,58260.0,40.6739719,-73.8891989,on a listed block
3039950129,2267 PITKIN AVENUE,B1,1,2003,2,2,1,57480.0,40.6731838,-73.8888217,on a listed block
3039950001,353 HENDRIX STREET,D1,3,1998,54,54,1,1287900.0,40.6733627,-73.8892756,on a listed block
3039950032,2263 PITKIN AVENUE,C0,2,2010,3,3,1,61260.0,40.6731593,-73.8889948,on a listed block
3039950008,335 HENDRIX STREET,B3,1,1899,2,2,2,45900.0,40.673769,-73.8893795,on a listed block
3039950012,564 GLENMORE AVENUE,A1,1,1910,1,1,2,48180.0,40.6739419,-73.8893864,on a listed block
3039950021,294 SCHENCK AVENUE,B2,1,1930,2,2,1,50520.0,40.6737796,-73.8890082,on a listed block
3039950023,298 SCHENCK AVENUE,B2,1,2006,2,2,1,60360.0,40.6736753,-73.8889831,on a listed block
3039950024,302 SCHENCK AVENUE,B2,1,1899,2,2,1,55380.0,40.6735545,-73.8889509,on a listed block
3039950026,306 SCHENCK AVENUE,B2,1,1901,2,2,1,61500.0,40.67342,-73.8889187,on a listed block
3039950114,568 GLENMORE AVENUE,B2,1,2002,2,2,1,62040.0,40.6739583,-73.8892819,on a listed block
3039950116,572 GLENMORE AVENUE,B2,1,2002,2,2,1,62580.0,40.6739829,-73.8891196,on a listed block
3039950123,300 SCHENCK AVENUE,B2,1,2006,2,2,1,57840.0,40.6736204,-73.8889688,on a listed block
3039950031,2265 PITKIN AVENUE,C0,2,1920,3,3,1,51720.0,40.6731702,-73.8889083,on a listed block
3039970014,618 GLENMORE AVENUE,B3,1,1901,2,2,1,45300.0,40.6742419,-73.8873959,on a listed block
3039970002,377 BARBEY STREET,A1,1,1920,1,1,1,44220.0,40.6736354,-73.8874727,on a listed block
3039970005,367 BARBEY STREET,A9,1,1920,1,1,1,44760.0,40.6738495,-73.8875156,on a listed block
3039970008,BARBEY STREET,V0,11,0,0,0,0,15960.0,40.674039,-73.8875765,on a listed block
3039970012,610 GLENMORE AVENUE,B2,1,2003,2,2,1,58200.0,40.6742174,-73.8875726,on a listed block
3039970026,332 JEROME STREET,B2,1,1901,2,2,1,41520.0,40.6736982,-73.8871157,on a listed block
3039970020,JEROME STREET,QG,9,0,0,0,0,8160.0,40.6740112,-73.8871945,on a listed block
3039970029,340 JEROME STREET,B1,1,2005,2,2,1,53040.0,40.6735526,-73.8869861,on a listed block
3039970032,2311 PITKIN AVENUE,S2,4,1901,2,3,1,50460.0,40.6734429,-73.8870909,on a listed block
3039970013,616 GLENMORE AVENUE,B2,1,1901,2,2,1,52020.0,40.6742283,-73.8874825,on a listed block
3039970015,622 GLENMORE AVENUE,B2,1,1901,2,2,1,50880.0,40.6742556,-73.8873058,on a listed block
3039970022,324 JEROME STREET,B1,1,1901,2,2,1,77700.0,40.6738876,-73.8871658,on a listed block
3039970007,363 BARBEY STREET,A2,1,1920,1,1,2,41220.0,40.6739731,-73.8875586,on a listed block
3039970028,336 JEROME STREET,B2,1,1901,2,2,1,43740.0,40.6736076,-73.8870942,on a listed block
3039970030,344 JEROME STREET,B1,1,2005,2,2,1,56400.0,40.6734592,-73.8869647,on a listed block
3039970033,2309 PITKIN AVENUE,C0,2,1930,3,3,1,58140.0,40.673432,-73.887163,on a listed block
3039970034,2303 PITKIN AVENUE,C0,2,1930,3,3,1,56040.0,40.6734102,-73.8873036,on a listed block
3039970130,2319 PITKIN AVENUE,B1,1,2005,2,2,1,55320.0,40.6733686,-73.8869396,on a listed block
3039970133,2307 PITKIN AVENUE,C0,2,1910,3,3,1,44940.0,40.6734211,-73.8872315,on a listed block
3039970019,JEROME STREET,QG,9,0,0,0,0,15960.0,40.6740908,-73.8872159,on a listed block
3039970024,328 JEROME STREET,VG,,0,0,0,1,10380.0,40.673786,-73.8871372,on a listed block
3039970003,BARBEY STREET,QG,9,0,0,0,0,15960.0,40.673704,-73.8874906,on a listed block
3039970120,JEROME STREET,QG,9,0,0,0,0,7200.0,40.6740441,-73.8872052,on a listed block
3039970017,GLENMORE AVENUE,QG,9,0,0,0,0,16020.0,40.6742828,-73.8871255,on a listed block
3039970016,GLENMORE AVENUE,QG,9,0,0,0,0,15960.0,40.6742692,-73.8872156,on a listed block
3039970006,365 BARBEY STREET,G0,10,0,0,0,1,8880.0,40.67391,-73.8875659,on a listed block
3039970036,2299 PITKIN AVENUE,C1,2,1930,10,10,1,554400.0,40.6733802,-73.8875019,on a listed block
3039970011,608 GLENMORE AVENUE,B2,1,1901,2,2,1,40680.0,40.6742038,-73.8876592,on a listed block
3039970004,BARBEY STREET,QG,9,0,0,0,0,15960.0,40.6737699,-73.8875049,on a listed block
3039970023,JEROME STREET,VG,,0,0,0,0,10380.0,40.67383,-73.8871515,on a listed block
3039970001,379 BARBEY STREET,A1,1,1920,1,1,1,45660.0,40.6735668,-73.8874548,on a listed block
3039970021,322 JEROME STREET,C0,2,1901,3,3,2,67140.0,40.6739563,-73.8871837,on a listed block
3039970027,334 JEROME STREET,B2,1,1930,2,2,1,42300.0,40.6736543,-73.8871049,on a listed block
3039970035,2301 PITKIN AVENUE,S2,4,1930,2,3,1,66180.0,40.6733993,-73.8873757,on a listed block
3039970025,330 JEROME STREET,V0,11,0,0,0,0,10380.0,40.6737449,-73.8871264,on a listed block
3039970010,GLENMORE AVENUE,QG,9,0,0,0,0,16020.0,40.6741901,-73.8877493,on a listed block
3039990008,387 WARWICK STREET,B3,1,1899,2,2,1,45180.0,40.6742953,-73.8858096,on a listed block
3039990011,660 GLENMORE AVENUE,B2,1,1920,2,2,2,64560.0,40.6744737,-73.8858382,on a listed block
3039990015,666 GLENMORE AVENUE,C0,2,2005,3,3,1,51900.0,40.6745174,-73.8856218,on a listed block
3039990016,674 GLENMORE AVENUE,G9,7,1935,0,1,1,97650.0,40.674553,-73.8854847,on a listed block
3039990021,332 ASHFORD STREET,B2,1,1901,2,2,1,46500.0,40.6742757,-73.8854852,on a listed block
3039990002,399 WARWICK STREET,B2,1,1930,2,2,1,43680.0,40.6738917,-73.8857202,on a listed block
3039990003,397 WARWICK STREET,B2,1,1899,2,2,1,44760.0,40.6739576,-73.8857381,on a listed block
3039990005,393 WARWICK STREET,B2,1,1899,2,2,1,42480.0,40.6740949,-73.8857739,on a listed block
3039990036,2347 PITKIN AVENUE,S2,4,1935,2,3,1,46920.0,40.6736172,-73.8857062,on a listed block
3039990025,ASHFORD STREET,V0,11,0,0,0,0,26940.0,40.6740259,-73.8854207,on a listed block
3039990032,2359 PITKIN AVENUE,C0,2,2010,3,3,1,63060.0,40.6736883,-73.8854141,on a listed block
3039990033,2355 PITKIN AVENUE,C0,2,2004,3,3,1,48060.0,40.6736746,-73.8854971,on a listed block
3039990037,2345 PITKIN AVENUE,C0,2,1901,3,3,1,65040.0,40.6736063,-73.8857784,on a listed block
3039990040,405 WARWICK STREET,B1,1,1899,2,2,1,55140.0,40.6737627,-73.8857132,on a listed block
3039990022,334 ASHFORD STREET,M1,8,1935,0,0,1,43988.0,40.6741879,-73.8854637,on a listed block
3039990013,664 GLENMORE AVENUE,C0,2,2005,3,3,1,51900.0,40.6745038,-73.8857083,on a listed block
3039990004,395 WARWICK STREET,V0,11,0,0,0,0,13860.0,40.6740262,-73.885756,on a listed block
3039990006,391 WARWICK STREET,B2,1,1899,2,2,1,43140.0,40.6741608,-73.8857918,on a listed block
3039990007,389 WARWICK STREET,A1,1,1899,1,1,1,51180.0,40.6742239,-73.8858061,on a listed block
3039990009,385 WARWICK STREET,A9,1,1899,1,1,1,50700.0,40.6743283,-73.8859502,on a listed block
3039990024,ASHFORD STREET,V0,11,0,0,0,0,10740.0,40.6741055,-73.8854422,on a listed block
3039990001,401 WARWICK STREET,B2,1,1899,2,2,1,48360.0,40.6738258,-73.8857059,on a listed block
3039990027,344 ASHFORD STREET,C2,2,1925,6,6,1,337050.0,40.6739408,-73.8853993,on a listed block
3039990028,346 ASHFORD STREET,B2,1,1901,2,2,1,49680.0,40.6738721,-73.8853814,on a listed block
3039990030,2365 PITKIN AVENUE,C4,2,1930,5,6,1,234000.0,40.6737155,-73.8852266,on a listed block
3039990034,2353 PITKIN AVENUE,C0,2,2004,3,3,1,52380.0,40.6736418,-73.8855656,on a listed block
3039990035,2349 PITKIN AVENUE,C0,2,1935,3,3,1,57060.0,40.6736281,-73.8856377,on a listed block
3039990019,330 ASHFORD STREET,QG,9,0,0,0,1,29100.0,40.6743663,-73.8854959,on a listed block
3039990031,2363 PITKIN AVENUE,C0,2,2010,3,3,1,63060.0,40.6737019,-73.885324,on a listed block
3039990010,658 GLENMORE AVENUE,V0,11,0,0,0,0,13380.0,40.6744738,-73.885986,on a listed block
3040010021,356 ELTON STREET,G0,10,1919,0,0,1,8700.0,40.6744552,-73.8838157,on a listed block
3040010028,2409 PITKIN AVENUE,S5,4,1930,5,6,1,285300.0,40.6739637,-73.8835859,on a listed block
3040010025,366 ELTON STREET,B1,1,1910,2,2,1,55620.0,40.6742191,-73.8837585,on a listed block
3040010001,437 CLEVELAND STREET,B1,1,2017,2,2,1,76860.0,40.6740739,-73.8840543,on a listed block
3040010020,354 ELTON STREET,B1,1,1910,2,2,1,50280.0,40.6745211,-73.8838337,on a listed block
3040010024,364 ELTON STREET,B1,1,1910,2,2,1,54960.0,40.6742713,-73.8837728,on a listed block
3040010027,372 ELTON STREET,C0,2,1910,3,3,1,55620.0,40.674112,-73.8837298,on a listed block
3040010037,451 CLEVELAND STREET,B2,1,2003,2,2,1,58620.0,40.6737966,-73.8839827,on a listed block
3040010038,449 CLEVELAND STREET,B2,1,2003,2,2,1,60420.0,40.6738515,-73.8839971,on a listed block
3040010039,447 CLEVELAND STREET,B2,1,2003,2,2,1,60420.0,40.6739065,-73.8840114,on a listed block
3040010040,443 CLEVELAND STREET,B2,1,2003,2,2,1,32700.0,40.6739614,-73.8840257,on a listed block
3040010111,702 GLENMORE AVENUE,B2,1,2003,2,2,1,57960.0,40.6747136,-73.8842407,on a listed block
3040010113,706 GLENMORE AVENUE,B2,1,2003,2,2,1,57960.0,40.6747354,-73.8840856,on a listed block
3040010114,710 GLENMORE AVENUE,B2,1,2003,2,2,1,64860.0,40.6747436,-73.8839919,on a listed block
3040010131,2403 PITKIN AVENUE,B2,1,2004,2,2,1,58980.0,40.6739364,-73.8837806,on a listed block
3040010041,441 CLEVELAND STREET,B2,1,2003,2,2,1,60420.0,40.6740135,-73.8840364,on a listed block
3040010129,2407 PITKIN AVENUE,B2,1,2004,2,2,1,60360.0,40.67395,-73.883676,on a listed block
3040010118,350 ELTON STREET,V0,11,0,0,0,0,7980.0,40.6747022,-73.8837829,on a listed block
3040010110,700 GLENMORE AVENUE,B2,1,2003,2,2,1,49860.0,40.6746973,-73.8843345,on a listed block
3040010022,362 ELTON STREET,C0,2,1910,3,3,2,52560.0,40.6743591,-73.8837943,on a listed block
3040010109,417 CLEVELAND STREET,B2,1,2005,2,2,1,60180.0,40.6745489,-73.8841725,on a listed block
3040010004,431 CLEVELAND STREET,B2,1,1915,2,2,1,69360.0,40.6742634,-73.8841009,on a listed block
3040010007,425 CLEVELAND STREET,C0,2,1899,3,3,1,65940.0,40.6744116,-73.8841367,on a listed block
3040010008,423 CLEVELAND STREET,C0,2,1920,3,3,1,69060.0,40.6744775,-73.8841546,on a listed block
3040010016,714 GLENMORE AVENUE,B3,1,1901,2,2,1,50700.0,40.6747572,-73.8838945,on a listed block
3040010026,370 ELTON STREET,B1,1,1910,2,2,1,54540.0,40.6741669,-73.8837441,on a listed block
3040010112,704 GLENMORE AVENUE,B2,1,2003,2,2,1,57960.0,40.6747246,-73.884165,on a listed block
3040010117,346 ELTON STREET,G7,10,0,0,0,0,62550.0,40.6748395,-73.8838187,on a listed block
3040010003,433 CLEVELAND STREET,QG,9,0,0,0,1,10500.0,40.6741947,-73.884083,on a listed block
3040010002,435 CLEVELAND STREET,QG,9,0,0,0,1,15540.0,40.6741398,-73.8840687,on a listed block
3040010019,352 ELTON STREET,A5,1,1930,1,1,2,39120.0,40.674587,-73.8838516,on a listed block
3040010006,427 CLEVELAND STREET,B2,1,1920,2,2,1,66720.0,40.6743457,-73.8841224,on a listed block
3040030003,447 LINWOOD STREET,V0,11,0,0,0,0,15360.0,40.6744456,-73.8824639,on a listed block
3040030005,443 LINWOOD STREET,C0,2,1910,3,3,1,41640.0,40.6745801,-73.8824997,on a listed block
3040030009,435 LINWOOD STREET,C0,2,1901,3,3,2,64440.0,40.6748519,-73.8825677,on a listed block
3040030012,425 LINWOOD STREET,C0,2,2003,3,3,1,32520.0,40.6750305,-73.88269,on a listed block
3040030019,372 ESSEX STREET,B2,1,2004,2,2,1,55680.0,40.6748351,-73.8821856,on a listed block
3040030020,ESSEX STREET,V0,11,0,0,0,0,15600.0,40.6747692,-73.8821713,on a listed block
3040030021,382 ESSEX STREET,B1,1,1910,2,2,1,55200.0,40.6747005,-73.8821534,on a listed block
3040030022,384 ESSEX STREET,C0,2,2004,3,3,1,63780.0,40.6746319,-73.8821355,on a listed block
3040030027,396 ESSEX STREET,B2,1,1910,2,2,1,47220.0,40.6743025,-73.8820531,on a listed block
3040030028,2451 PITKIN AVENUE,C1,2,1930,13,13,4,883350.0,40.6741706,-73.8819813,on a listed block
3040030031,2443 PITKIN AVENUE,C0,2,1901,3,3,1,72060.0,40.6741434,-73.8821616,on a listed block
3040030032,2439 PITKIN AVENUE,M9,8,1930,0,3,1,625050.0,40.6741545,-73.8822949,on a listed block
3040030035,2433 PITKIN AVENUE,D6,4,2019,32,33,1,2325600.0,40.6741272,-73.8824788,on a listed block
3040030125,392 ESSEX STREET,B1,1,2005,2,2,1,48660.0,40.674426,-73.8820854,on a listed block
3040030004,445 LINWOOD STREET,C5,2,1901,10,10,1,227250.0,40.6745115,-73.8824818,on a listed block
3040030016,758 GLENMORE AVENUE,B2,1,1901,2,2,1,66060.0,40.675008,-73.8821925,on a listed block
3040030008,437 LINWOOD STREET,B3,1,1901,2,2,1,54960.0,40.6747778,-73.8825498,on a listed block
3040030010,429 LINWOOD STREET,C0,2,2003,3,3,1,38700.0,40.6749344,-73.8826649,on a listed block
3040030013,750 GLENMORE AVENUE,C0,2,1925,3,3,1,65460.0,40.6750001,-73.8825278,on a listed block
3040030014,754 GLENMORE AVENUE,C0,2,1901,3,3,1,68940.0,40.6749835,-73.8823692,on a listed block
3040030113,752 GLENMORE AVENUE,C0,2,1901,3,3,1,69840.0,40.6750083,-73.8824557,on a listed block
3040030023,386 ESSEX STREET,B2,1,1910,2,2,1,46260.0,40.6745743,-73.8821212,on a listed block
3040030001,459 LINWOOD STREET,V0,11,0,0,0,0,20460.0,40.6743468,-73.8824424,on a listed block
3040030024,388 ESSEX STREET,B1,1,2004,2,2,1,59460.0,40.6745248,-73.8821068,on a listed block
3040030006,441 LINWOOD STREET,B2,1,1901,2,2,1,45060.0,40.6746405,-73.882514,on a listed block
3040030007,439 LINWOOD STREET,B1,1,1910,2,2,2,54720.0,40.6747064,-73.8825319,on a listed block
3040030025,390 ESSEX STREET,B2,1,1910,2,2,1,46140.0,40.6744754,-73.8820961,on a listed block
3040030026,394 ESSEX STREET,B2,1,1910,2,2,2,42180.0,40.6743683,-73.8820674,on a listed block
3040030002,455 LINWOOD STREET,V0,11,0,0,0,0,0.0,,,on a listed block
3040030017,GLENMORE AVENUE,V0,11,0,0,0,0,15780.0,40.6750216,-73.8820951,on a listed block
3040030015,GLENMORE AVENUE,V0,11,0,0,0,0,15360.0,40.6749944,-73.8822826,on a listed block
3040060005,157 BERRIMAN STREET,B1,1,1910,2,2,1,41640.0,40.674989,-73.8797735,on a listed block
3040060001,169 BERRIMAN STREET,B3,1,1910,2,2,1,35100.0,40.674698,-73.8797019,on a listed block
3040060003,163 BERRIMAN STREET,B3,1,1910,2,2,1,40140.0,40.6748408,-73.8797377,on a listed block
3040060029,172 ATKINS AVENUE,C0,2,1910,3,3,1,58020.0,40.6748596,-73.8793591,on a listed block
3040060032,178 ATKINS AVENUE,C0,2,1910,3,3,1,51240.0,40.6747113,-73.8792404,on a listed block
3040060035,186 ATKINS AVENUE,Z9,,0,0,0,1,23409.0,40.6744971,-73.8791868,on a listed block
3040060102,165 BERRIMAN STREET,B1,1,2005,2,2,1,54300.0,40.6747941,-73.8797234,on a listed block
3040060103,161 BERRIMAN STREET,A5,1,1910,1,1,1,42360.0,40.6748902,-73.8797484,on a listed block
3040060026,166 ATKINS AVENUE,C0,2,1910,3,3,1,45960.0,40.6750216,-73.8794021,on a listed block
3040060027,168 ATKINS AVENUE,C0,2,1910,3,3,1,58020.0,40.6749694,-73.8793878,on a listed block
3040060013,820 GLENMORE AVENUE,D3,3,2019,79,79,1,4730850.0,40.6753868,-73.8795889,on a listed block
3040060031,176 ATKINS AVENUE,B1,1,2012,2,2,1,60240.0,40.6747525,-73.8793341,on a listed block
3040060002,167 BERRIMAN STREET,A5,1,1910,1,1,2,42360.0,40.6747474,-73.8797126,on a listed block
3040060004,159 BERRIMAN STREET,B1,1,1910,2,2,1,41940.0,40.6749396,-73.8797592,on a listed block
3040060006,155 BERRIMAN STREET,B1,1,1910,2,2,1,41640.0,40.6750412,-73.8797842,on a listed block
3040060007,153 BERRIMAN STREET,B1,1,1910,2,2,1,41640.0,40.6750906,-73.8797986,on a listed block
3040060008,151 BERRIMAN STREET,B1,1,1910,2,2,1,41640.0,40.6751373,-73.8798093,on a listed block
3040060009,149 BERRIMAN STREET,B1,1,1910,2,2,1,41940.0,40.6751867,-73.87982,on a listed block
3040060011,810 GLENMORE AVENUE,G2,7,1935,0,1,1,179100.0,40.6753351,-73.8799567,on a listed block
3040060022,158 ATKINS AVENUE,B2,1,1910,2,2,1,62880.0,40.6752385,-73.8794522,on a listed block
3040060023,160 ATKINS AVENUE,B2,1,1910,2,2,1,46620.0,40.6751836,-73.8794415,on a listed block
3040060024,162 ATKINS AVENUE,C0,2,1910,3,3,1,47340.0,40.6751287,-73.8794272,on a listed block
3040060025,164 ATKINS AVENUE,C0,2,1910,3,3,1,58020.0,40.6750765,-73.8794128,on a listed block
3040060028,170 ATKINS AVENUE,C0,2,1910,3,3,1,58020.0,40.6749145,-73.8793735,on a listed block
3040060030,174 ATKINS AVENUE,C0,2,1910,3,3,1,61800.0,40.6748074,-73.8793484,on a listed block
3040060033,180 ATKINS AVENUE,C0,2,1910,3,3,1,50940.0,40.6746591,-73.8792261,on a listed block
3040060034,184 ATKINS AVENUE,C0,2,1935,3,3,1,68880.0,40.6745548,-73.8792011,on a listed block
3040060036,2517 PITKIN AVENUE,S2,4,2004,2,3,1,91380.0,40.6745824,-73.879356,on a listed block
3040060037,2505 PITKIN AVENUE,W9,8,1972,0,1,1,1612800.0,40.6745442,-73.8796265,on a listed block
3040060133,182 ATKINS AVENUE,C0,2,1910,3,3,1,46140.0,40.6746097,-73.8792154,on a listed block
3040080038,2569 PITKIN AVENUE,S2,4,1935,2,3,1,47460.0,40.6748384,-73.8774593,on a listed block
3040080001,181 MONTAUK AVENUE,B2,1,2004,2,2,1,47280.0,40.6749349,-73.8778557,on a listed block
3040080037,2571 PITKIN AVENUE,C0,2,1935,3,3,1,51120.0,40.6748493,-73.8773872,on a listed block
3040080041,2561 PITKIN AVENUE,B9,1,2003,2,2,1,62040.0,40.6748057,-73.8776721,on a listed block
3040080043,2557 PITKIN AVENUE,C0,2,2003,3,3,1,54300.0,40.6747839,-73.8778163,on a listed block
3040080044,2555 PITKIN AVENUE,C0,2,2003,3,3,1,54060.0,40.674773,-73.877892,on a listed block
3040080045,2553 PITKIN AVENUE,C0,2,2003,3,3,1,54420.0,40.6747621,-73.8779642,on a listed block
3040080002,177 MONTAUK AVENUE,C0,2,2004,3,3,1,58200.0,40.6749898,-73.87787,on a listed block
3040080013,862 GLENMORE AVENUE,M1,8,1935,0,0,1,58950.0,40.6756077,-73.8781717,on a listed block
3040080021,878 GLENMORE AVENUE,C0,2,2012,3,3,1,68340.0,40.6756894,-73.8776164,on a listed block
3040080011,159 MONTAUK AVENUE,B2,1,1930,2,2,1,45660.0,40.6754757,-73.8779881,on a listed block
3040080033,184 MILFORD STREET,C0,2,2010,3,3,1,44940.0,40.6750443,-73.8775058,on a listed block
3040080034,186 MILFORD STREET,B2,1,1901,2,2,2,60240.0,40.6749894,-73.8774915,on a listed block
3040080016,868 GLENMORE AVENUE,B9,1,2003,2,2,1,67800.0,40.6756404,-73.8779517,on a listed block
3040080022,880 GLENMORE AVENUE,S2,4,1942,2,3,1,36180.0,40.675703,-73.8775226,on a listed block
3040080036,2573 PITKIN AVENUE,S2,4,1935,2,3,2,40500.0,40.6748602,-73.8773114,on a listed block
3040080039,2565 PITKIN AVENUE,S2,4,1935,2,3,1,41820.0,40.6748275,-73.8775314,on a listed block
3040080003,175 MONTAUK AVENUE,B1,1,1901,2,2,1,45420.0,40.6750447,-73.8778843,on a listed block
3040080004,173 MONTAUK AVENUE,B1,1,1901,2,2,1,45480.0,40.6750996,-73.877895,on a listed block
3040080006,169 MONTAUK AVENUE,B1,1,1901,2,2,1,45480.0,40.6752094,-73.8779237,on a listed block
3040080007,167 MONTAUK AVENUE,B1,1,1901,2,2,1,45480.0,40.6752616,-73.877938,on a listed block
3040080008,165 MONTAUK AVENUE,B1,1,2010,2,2,1,39120.0,40.675311,-73.8779487,on a listed block
3040080009,163 MONTAUK AVENUE,B2,1,1901,2,2,1,49080.0,40.6753659,-73.877963,on a listed block
3040080010,161 MONTAUK AVENUE,C0,2,1901,3,3,1,53040.0,40.6754208,-73.8779774,on a listed block
3040080014,864 GLENMORE AVENUE,C0,2,1901,3,3,1,80820.0,40.6756186,-73.878096,on a listed block
3040080015,866 GLENMORE AVENUE,B9,1,2003,2,2,1,68100.0,40.6756295,-73.8780239,on a listed block
3040080017,868A GLENMORE AVENUE,B9,1,2003,2,2,1,68100.0,40.6756513,-73.8778832,on a listed block
3040080019,874 GLENMORE AVENUE,B2,1,1901,2,2,1,55920.0,40.6756758,-73.8777209,on a listed block
3040080025,168 MILFORD STREET,B3,1,1901,2,2,1,46560.0,40.6754753,-73.8776131,on a listed block
3040080026,170 MILFORD STREET,B3,1,1901,2,2,1,40920.0,40.6754204,-73.8775988,on a listed block
3040080027,172 MILFORD STREET,B1,1,1901,2,2,1,61800.0,40.6753683,-73.8775881,on a listed block
3040080028,174 MILFORD STREET,B1,1,2007,2,2,1,43200.0,40.6753161,-73.8775738,on a listed block
3040080029,176 MILFORD STREET,B1,1,2007,2,2,1,42120.0,40.6752639,-73.8775595,on a listed block
3040080031,180 MILFORD STREET,C2,2,1910,5,5,1,409950.0,40.6751266,-73.8775273,on a listed block
3040080040,2563 PITKIN AVENUE,B9,1,2003,2,2,1,62340.0,40.6748166,-73.8776035,on a listed block
3040080042,2559 PITKIN AVENUE,B9,1,2003,2,2,1,62340.0,40.6747948,-73.8777406,on a listed block
3040080018,870 GLENMORE AVENUE,B2,1,1901,2,2,1,45360.0,40.6756622,-73.8778111,on a listed block
3040080024,166 MILFORD STREET,B2,1,1901,2,2,1,52800.0,40.6755302,-73.8776275,on a listed block
3040080005,171 MONTAUK AVENUE,V0,11,0,0,0,0,12300.0,40.6751545,-73.8779094,on a listed block
3040080030,178 MILFORD STREET,V0,11,0,0,0,0,12480.0,40.675209,-73.8775487,on a listed block
3041390025,DINSMORE PLACE,G7,10,0,0,0,0,175500.0,40.6813731,-73.8769389,on a listed block
3041390001,221 LOGAN STREET,B1,1,1899,2,2,1,59880.0,40.6812364,-73.8773935,on a listed block
3041390002,219 LOGAN STREET,B1,1,1899,2,2,1,60960.0,40.6812913,-73.8774078,on a listed block
3041390003,215 LOGAN STREET,B1,1,1899,2,2,1,59580.0,40.6813462,-73.8774221,on a listed block
3041390004,211 LOGAN STREET,B1,1,1899,2,2,1,61080.0,40.6814533,-73.8774471,on a listed block
3041390007,205 LOGAN STREET,B2,1,1910,2,2,1,45360.0,40.6816124,-73.877418,on a listed block
3041390010,199 LOGAN STREET,B2,1,1910,2,2,1,58560.0,40.681747,-73.8775223,on a listed block
3041390011,197 LOGAN STREET,A9,1,1910,1,1,1,43080.0,40.6817965,-73.8775583,on a listed block
3041390008,203 LOGAN STREET,B2,1,1910,2,2,1,46560.0,40.6816564,-73.877454,on a listed block
3041390006,207 LOGAN STREET,B2,1,1910,2,2,1,58680.0,40.6815685,-73.8773856,on a listed block
3041390029,47 DINSMORE PLACE,G7,10,0,0,0,0,261450.0,40.6814063,-73.8771588,on a listed block
3041390005,209 LOGAN STREET,B2,1,1910,2,2,1,51660.0,40.6815054,-73.8774615,on a listed block
3041390009,201 LOGAN STREET,B2,1,1910,2,2,1,49260.0,40.6817003,-73.8774863,on a listed block
3041390012,195 LOGAN STREET,K4,4,1920,1,2,1,239850.0,40.6818899,-73.8776302,on a listed block
3041390103,213 LOGAN STREET,B1,1,1899,2,2,1,60540.0,40.6813984,-73.8774364,on a listed block
3041410004,239 RICHMOND STREET,F1,6,1927,0,2,1,942300.0,40.6817262,-73.8759612,on a listed block
3041410039,99 DINSMORE PLACE,E1,6,2005,0,1,1,301500.0,40.681627,-73.8756549,on a listed block
3041410011,3210 FULTON STREET,S9,4,1915,4,7,1,366750.0,40.6822015,-73.876411,on a listed block
3041410018,3220 FULTON STREET,S2,4,1920,2,3,1,44400.0,40.682267,-73.8761008,on a listed block
3041410007,233 RICHMOND STREET,C3,2,1915,4,4,1,222750.0,40.6818389,-73.8761773,on a listed block
3041410025,3244 FULTON STREET,S1,4,1920,1,2,1,42600.0,40.6825024,-73.8754586,on a listed block
3041410016,3216 FULTON STREET,S2,4,1920,2,3,1,43500.0,40.682237,-73.8762379,on a listed block
3041410001,85 DINSMORE PLACE,F1,6,1930,0,1,1,409500.0,40.681482,-73.8761095,on a listed block
3041410006,235 RICHMOND STREET,C3,2,1915,4,4,1,206550.0,40.6817703,-73.876163,on a listed block
3041410008,229 RICHMOND STREET,C3,2,1915,4,4,1,227700.0,40.6819048,-73.8761952,on a listed block
3041410009,227 RICHMOND STREET,C3,2,1915,4,4,1,222750.0,40.6819762,-73.8762131,on a listed block
3041410010,223 RICHMOND STREET,C3,2,1915,4,4,1,222750.0,40.6820421,-73.8762274,on a listed block
3041410014,3214 FULTON STREET,S4,4,1915,4,5,1,341100.0,40.6822206,-73.8763208,on a listed block
3041410022,3232 FULTON STREET,S1,4,1920,1,2,1,32400.0,40.682371,-73.8758374,on a listed block
3041410023,3236 FULTON STREET,S1,4,1920,1,2,1,32400.0,40.6824066,-73.8757075,on a listed block
3041410024,3240 FULTON STREET,S2,4,1920,2,3,1,64380.0,40.6824668,-73.8755848,on a listed block
3041410027,234 CHESTNUT STREET,F9,6,1930,0,2,1,889650.0,40.682132,-73.8756035,on a listed block
3041410030,242 CHESTNUT STREET,G7,10,0,0,0,3,273600.0,40.6819288,-73.8755534,on a listed block
3041410122,3234 FULTON STREET,B1,1,1910,2,2,1,70020.0,40.6823902,-73.8757725,on a listed block
3041410123,3238 FULTON STREET,B1,1,1910,2,2,1,56940.0,40.6824477,-73.8756498,on a listed block
3041410124,3242 FULTON STREET,S2,4,1910,2,3,1,33780.0,40.6824832,-73.8755235,on a listed block
3041410017,3218 FULTON STREET,C0,2,1910,3,3,1,63840.0,40.6822534,-73.8761693,on a listed block
3041410019,3224 FULTON STREET,C0,2,1910,3,3,1,55800.0,40.6822834,-73.8760287,on a listed block
3041410021,3230 FULTON STREET,S1,4,1920,1,2,1,32400.0,40.6823519,-73.8759023,on a listed block
3041410026,232 CHESTNUT STREET,Z9,,0,0,0,1,54900.0,40.6822884,-73.8755527,on a listed block
3041410020,3226 FULTON STREET,S2,4,1920,2,3,1,43200.0,40.6822971,-73.8759601,on a listed block
3041410033,248 CHESTNUT STREET,G7,10,0,0,0,0,224550.0,40.681786,-73.8754275,on a listed block
3041410035,111 DINSMORE PLACE,E1,6,1920,0,1,1,412650.0,40.6816157,-73.8753737,on a listed block
3041430003,CHESTNUT STREET,V1,11,0,0,0,0,1891350.0,40.6813237,-73.8743755,on a listed block
3041437501,250 EUCLID AVENUE,RM,4,2022,403,405,1,42952052.0,40.6825399,-73.8746184,on a listed block
3041437502,254 EUCLID AVENUE,RM,4,2023,436,437,1,24665401.0,40.6819029,-73.8744682,on a listed block
3041540009,333 LOGAN STREET,B2,1,2001,2,2,1,58560.0,40.6781945,-73.8767537,on a listed block
3041540073,60 FOUNTAIN AVENUE,B1,1,1899,2,2,1,36120.0,40.6787157,-73.8765076,on a listed block
3041540014,315 LOGAN STREET,A9,1,1899,1,1,3,56460.0,40.6785651,-73.8768468,on a listed block
3041540026,287 LOGAN STREET,B2,1,1910,2,2,1,46920.0,40.6792735,-73.8770221,on a listed block
3041540007,339 LOGAN STREET,B2,1,1910,2,2,1,59160.0,40.6781341,-73.8767394,on a listed block
3041540008,341 LOGAN STREET,B2,1,2012,2,2,2,83940.0,40.6780654,-73.8767215,on a listed block
3041540011,327 LOGAN STREET,B1,1,2006,2,2,1,61380.0,40.678329,-73.8767859,on a listed block
3041540012,325 LOGAN STREET,B1,1,2006,2,2,1,61380.0,40.6783949,-73.8768038,on a listed block
3041540018,309 LOGAN STREET,B1,1,2007,2,2,1,69000.0,40.6787546,-73.8768933,on a listed block
3041540019,303 LOGAN STREET,A9,1,1910,1,1,2,62880.0,40.6788479,-73.8769183,on a listed block
3041540022,297 LOGAN STREET,A9,1,1910,1,1,2,40320.0,40.6790044,-73.8769577,on a listed block
3041540025,289 LOGAN STREET,B2,1,1910,2,2,1,44340.0,40.6792076,-73.8770078,on a listed block
3041540027,285 LOGAN STREET,S2,4,1910,2,3,1,60480.0,40.6793421,-73.87704,on a listed block
3041540060,28 FOUNTAIN AVENUE,A9,1,1910,1,1,1,50100.0,40.6793939,-73.8766758,on a listed block
3041540074,62 FOUNTAIN AVENUE,B1,1,1899,2,2,1,46260.0,40.6786663,-73.8764969,on a listed block
3041540080,74 FOUNTAIN AVENUE,B1,1,1899,2,2,1,47820.0,40.6783725,-73.8764217,on a listed block
3041540081,76 FOUNTAIN AVENUE,B1,1,1899,2,2,1,41700.0,40.6783204,-73.8764074,on a listed block
3041540085,84 FOUNTAIN AVENUE,B1,1,1899,2,2,1,44100.0,40.6781199,-73.8763573,on a listed block
3041540089,92 FOUNTAIN AVENUE,C0,2,1910,3,3,1,51960.0,40.6779031,-73.8763036,on a listed block
3041540091,96 FOUNTAIN AVENUE,C0,2,1910,3,3,1,60180.0,40.677796,-73.8762786,on a listed block
3041540092,96A FOUNTAIN AVENUE,A9,1,1920,1,1,1,30300.0,40.6777493,-73.8762678,on a listed block
3041540095,895 LIBERTY AVENUE,F9,6,1930,0,2,1,216450.0,40.6775627,-73.8762574,on a listed block
3041540098,891 LIBERTY AVENUE,B2,1,1910,2,2,1,46560.0,40.6775656,-73.8764556,on a listed block
3041540100,357 LOGAN STREET,F5,6,1930,0,1,1,106200.0,40.6775329,-73.8766864,on a listed block
3041540063,38 FOUNTAIN AVENUE,B1,1,1899,2,2,1,45060.0,40.6792017,-73.8766293,on a listed block
3041540071,56 FOUNTAIN AVENUE,B1,1,1899,2,2,1,36900.0,40.6788118,-73.8765326,on a listed block
3041540021,299 LOGAN STREET,A9,1,1910,1,1,2,45060.0,40.6789358,-73.8769398,on a listed block
3041540076,66 FOUNTAIN AVENUE,B1,1,1899,2,2,1,36900.0,40.6785675,-73.8764718,on a listed block
3041540070,54 FOUNTAIN AVENUE,B1,1,1899,2,2,1,36120.0,40.6788612,-73.8765434,on a listed block
3041540017,313 LOGAN STREET,B1,1,2007,2,2,1,62100.0,40.6786749,-73.8768754,on a listed block
3041540010,331 LOGAN STREET,B2,1,2001,2,2,1,58140.0,40.6782604,-73.8767716,on a listed block
3041540013,319 LOGAN STREET,A9,1,1899,1,1,1,51000.0,40.6784635,-73.8768217,on a listed block
3041540023,293 LOGAN STREET,B2,1,1910,2,2,2,44160.0,40.679073,-73.876972,on a listed block
3041540024,291 LOGAN STREET,B2,1,1910,2,2,1,65700.0,40.6791389,-73.8769899,on a listed block
3041540059,26 FOUNTAIN AVENUE,C0,2,1910,3,3,1,46680.0,40.6794625,-73.8766937,on a listed block
3041540061,32 FOUNTAIN AVENUE,C1,2,2018,7,7,1,465300.0,40.6792923,-73.8766507,on a listed block
3041540064,40 FOUNTAIN AVENUE,B1,1,1899,2,2,1,36900.0,40.6791523,-73.8766149,on a listed block
3041540065,42 FOUNTAIN AVENUE,B1,1,1899,2,2,1,41640.0,40.6791028,-73.8766042,on a listed block
3041540066,44 FOUNTAIN AVENUE,B1,1,1899,2,2,1,42300.0,40.6790534,-73.8765935,on a listed block
3041540072,58 FOUNTAIN AVENUE,B1,1,1899,2,2,1,36900.0,40.6787624,-73.8765183,on a listed block
3041540077,68 FOUNTAIN AVENUE,B1,1,1899,2,2,1,36120.0,40.6785208,-73.8764575,on a listed block
3041540078,70 FOUNTAIN AVENUE,B1,1,1899,2,2,1,36900.0,40.6784714,-73.8764467,on a listed block
3041540079,72 FOUNTAIN AVENUE,B1,1,1899,2,2,1,47460.0,40.678422,-73.8764324,on a listed block
3041540082,78 FOUNTAIN AVENUE,B1,1,1899,2,2,1,47460.0,40.678271,-73.8763966,on a listed block
3041540083,80 FOUNTAIN AVENUE,B1,1,1899,2,2,1,41700.0,40.6782215,-73.8763823,on a listed block
3041540067,46 FOUNTAIN AVENUE,B1,1,1899,2,2,1,36120.0,40.6790067,-73.8765792,on a listed block
3041540001,353 LOGAN STREET,B1,1,1920,2,2,2,58740.0,40.677736,-73.8766392,on a listed block
3041540003,349 LOGAN STREET,B2,1,1920,2,2,2,45420.0,40.6778403,-73.8766642,on a listed block
3041540004,343 LOGAN STREET,B2,1,1920,2,2,2,58800.0,40.6779584,-73.8766965,on a listed block
3041540084,82 FOUNTAIN AVENUE,B1,1,1899,2,2,1,41700.0,40.6781694,-73.8763716,on a listed block
3041540086,86 FOUNTAIN AVENUE,C0,2,1910,3,3,1,52440.0,40.678065,-73.8763466,on a listed block
3041540087,88 FOUNTAIN AVENUE,C0,2,1910,3,3,1,51960.0,40.6780101,-73.8763322,on a listed block
3041540088,90 FOUNTAIN AVENUE,C0,2,1910,3,3,1,51960.0,40.6779552,-73.8763179,on a listed block
3041540090,94 FOUNTAIN AVENUE,C0,2,1910,3,3,1,51960.0,40.6778509,-73.8762929,on a listed block
3041540094,909 LIBERTY AVENUE,S3,4,2003,3,4,1,288450.0,40.6777218,-73.8761994,on a listed block
3041540099,889 LIBERTY AVENUE,C3,2,1910,4,4,1,210150.0,40.677552,-73.8765494,on a listed block
3041547501,8 FOUNTAIN AVENUE,RM,4,2023,173,343,1,33922800.0,40.6796933,-73.8769456,on a listed block
3041540075,64 FOUNTAIN AVENUE,B1,1,1899,2,2,1,36120.0,40.6786169,-73.8764825,on a listed block
3041540068,50 FOUNTAIN AVENUE,B1,1,1899,2,2,2,36900.0,40.6789573,-73.8765684,on a listed block
3041540069,52 FOUNTAIN AVENUE,B1,1,1899,2,2,1,36120.0,40.6789079,-73.8765541,on a listed block
3041620036,99 GLEN STREET,B3,1,1920,2,2,1,44940.0,40.6809835,-73.8719822,on a listed block
3041620140,87 GLEN STREET,B3,1,1920,2,2,2,42780.0,40.680929,-73.8723645,on a listed block
3041620044,79 GLEN STREET,B2,1,1910,2,2,1,59340.0,40.6808799,-73.8726674,on a listed block
3041620038,95 GLEN STREET,B3,1,1920,2,2,1,44640.0,40.6809617,-73.8721336,on a listed block
3041620016,3354 ATLANTIC AVENUE,K1,5,1930,0,1,1,186750.0,40.6811596,-73.8723748,on a listed block
3041620037,97 GLEN STREET,A9,1,1920,1,1,1,43140.0,40.6809726,-73.8720579,on a listed block
3041620013,3348 ATLANTIC AVENUE,G2,7,1930,0,1,1,184050.0,40.6810885,-73.8726778,on a listed block
3041620014,3350 ATLANTIC AVENUE,B2,1,1920,2,2,2,54300.0,40.6811131,-73.8725912,on a listed block
3041620018,3360 ATLANTIC AVENUE,K6,5,1930,0,4,1,846900.0,40.6812278,-73.8720718,on a listed block
3041620022,3372 ATLANTIC AVENUE,K1,5,1950,0,1,1,633600.0,40.6813263,-73.8717219,on a listed block
3041620029,326 CRESCENT STREET,G7,10,0,0,0,3,296550.0,40.6810875,-73.871708,on a listed block
3041620033,332 CRESCENT STREET,S3,4,1920,3,4,3,289350.0,40.6809529,-73.8716758,on a listed block
3041620035,105 GLEN STREET,A9,1,1920,1,1,1,51060.0,40.6809944,-73.87191,on a listed block
3041620039,93 GLEN STREET,A9,1,1920,1,1,2,43140.0,40.6809508,-73.8722094,on a listed block
3041620040,89 GLEN STREET,A9,1,1920,1,1,2,47220.0,40.6809399,-73.8722815,on a listed block
3041620041,85 GLEN STREET,A1,1,1920,1,1,3,51840.0,40.6809099,-73.8724943,on a listed block
3041620047,71 GLEN STREET,C3,2,1915,4,4,1,212850.0,40.6808581,-73.8728081,on a listed block
3041620015,3352 ATLANTIC AVENUE,G7,10,1930,0,0,1,134100.0,40.6811323,-73.8725047,on a listed block
3041620053,57 GLEN STREET,B1,1,1910,2,2,1,53460.0,40.6808091,-73.8732011,on a listed block
3041620054,55 GLEN STREET,C0,2,1910,3,3,1,59100.0,40.6807982,-73.8732769,on a listed block
3041620010,3342 ATLANTIC AVENUE,C0,2,1910,3,3,1,60360.0,40.6810448,-73.8728798,on a listed block
3041620049,69 GLEN STREET,B1,1,1910,2,2,1,70020.0,40.6808527,-73.8729054,on a listed block
3041620001,53 GLEN STREET,B1,1,1910,2,2,2,54360.0,40.6807873,-73.8733526,on a listed block
3041620002,3320 ATLANTIC AVENUE,G2,7,1950,0,1,1,116100.0,40.6809957,-73.8731467,on a listed block
3041620011,3344 ATLANTIC AVENUE,B1,1,1910,2,2,1,54060.0,40.6810585,-73.8728149,on a listed block
3041620012,3346 ATLANTIC AVENUE,B2,1,1910,2,2,1,50100.0,40.6810721,-73.8727536,on a listed block
3041620051,63 GLEN STREET,B1,1,1920,2,2,1,76500.0,40.6808282,-73.8730605,on a listed block
3041620052,61 GLEN STREET,C0,2,1910,3,3,1,59340.0,40.68082,-73.8731326,on a listed block
3041620050,65 GLEN STREET,C0,2,1920,3,3,1,75300.0,40.6808391,-73.8729884,on a listed block
3041900010,395 LOGAN STREET,V0,11,0,0,0,0,10620.0,40.6766433,-73.8763708,on a listed block
3041900013,387 LOGAN STREET,B2,1,2005,2,2,1,56700.0,40.676819,-73.8764138,on a listed block
3041900015,383 LOGAN STREET,B2,1,2005,2,2,1,50040.0,40.6769453,-73.8764424,on a listed block
3041900017,381 LOGAN STREET,B1,1,2005,2,2,1,56700.0,40.6770112,-73.8764603,on a listed block
3041900012,LOGAN STREET,B2,1,2024,2,2,1,55200.0,40.6767476,-73.8763959,on a listed block
3041900044,156 FOUNTAIN AVENUE,B9,1,2006,2,2,1,66660.0,40.6762968,-73.8757982,on a listed block
3041900137,142 FOUNTAIN AVENUE,C0,2,2005,3,3,1,60180.0,40.6766676,-73.876003,on a listed block
3041900011,393 LOGAN STREET,B2,1,1899,2,2,1,51960.0,40.6766899,-73.8763815,on a listed block
3041900149,917 GLENMORE AVENUE,C0,2,2005,3,3,2,61620.0,40.6763,-73.8762525,on a listed block
3041900051,411 LOGAN STREET,B9,1,2004,2,2,1,69180.0,40.6762123,-73.8763716,on a listed block
3041900040,148 FOUNTAIN AVENUE,B1,1,2011,2,2,1,62220.0,40.6765495,-73.875978,on a listed block
3041900045,925 GLENMORE AVENUE,C0,2,1925,3,3,1,72360.0,40.6763436,-73.8759207,on a listed block
3041900006,403 LOGAN STREET,B2,1,1899,2,2,1,50160.0,40.6764511,-73.8763207,on a listed block
3041900014,385 LOGAN STREET,B2,1,2005,2,2,1,50040.0,40.6768876,-73.8764317,on a listed block
3041900025,902 LIBERTY AVENUE,D9,3,2009,46,47,1,2146050.0,40.6771619,-73.8762797,on a listed block
3041900041,150 FOUNTAIN AVENUE,B2,1,1899,2,2,1,44400.0,40.6765001,-73.8759637,on a listed block
3041900042,154 FOUNTAIN AVENUE,B9,1,2006,2,2,1,75720.0,40.6764231,-73.8758305,on a listed block
3041900046,923 GLENMORE AVENUE,C0,2,1925,3,3,1,93900.0,40.6763327,-73.8759965,on a listed block
3041900108,399 LOGAN STREET,C0,2,2005,3,3,1,60660.0,40.6765719,-73.8763529,on a listed block
3041900132,132 FOUNTAIN AVENUE,C0,2,2005,3,3,1,60180.0,40.6769339,-73.876071,on a listed block
3041900135,138 FOUNTAIN AVENUE,C0,2,2005,3,3,1,60180.0,40.6767719,-73.8760317,on a listed block
3041900136,140 FOUNTAIN AVENUE,C0,2,2005,3,3,1,60180.0,40.676717,-73.8760174,on a listed block
3041900138,146 FOUNTAIN AVENUE,C0,2,2005,3,3,1,65100.0,40.6766072,-73.8759923,on a listed block
3041900147,921 GLENMORE AVENUE,C0,2,2005,3,3,1,65460.0,40.6763218,-73.8760686,on a listed block
3041900148,919 GLENMORE AVENUE,S2,4,2005,3,3,1,73980.0,40.6763164,-73.8761443,on a listed block
3041900001,409 LOGAN STREET,B9,1,2004,2,2,1,71280.0,40.6763441,-73.8764038,on a listed block
3041900007,401 LOGAN STREET,B2,1,1899,2,2,1,51480.0,40.6765005,-73.876335,on a listed block
3041900131,128 FOUNTAIN AVENUE,B9,1,2005,2,2,1,65640.0,40.676997,-73.8760854,on a listed block
3041900133,134 FOUNTAIN AVENUE,C0,2,2005,3,3,1,60180.0,40.676879,-73.8760567,on a listed block
3041900134,136 FOUNTAIN AVENUE,C0,2,2005,3,3,1,60180.0,40.6768268,-73.876046,on a listed block
3041900141,FOUNTAIN AVENUE,V0,11,0,0,0,0,60.0,40.6764727,-73.8759565,on a listed block
3041930009,391 CHESTNUT STREET,B3,1,1925,2,2,2,43140.0,40.6773266,-73.8737089,on a listed block
3041930137,985 GLENMORE AVENUE,B1,1,2006,2,2,1,44580.0,40.6767061,-73.8735262,on a listed block
3041930003,403 CHESTNUT STREET,B3,1,1925,2,2,3,60960.0,40.6770026,-73.8736302,on a listed block
3041930134,40 DOSCHER STREET,B9,1,2007,2,2,1,47220.0,40.6766426,-73.8732415,on a listed block
3041930022,14 DOSCHER STREET,B9,1,2006,2,2,1,50280.0,40.6773345,-73.8734132,on a listed block
3041930136,987 GLENMORE AVENUE,B1,1,2006,2,2,1,57900.0,40.6767142,-73.8734541,on a listed block
3041930001,407 CHESTNUT STREET,B3,1,1925,2,2,3,66000.0,40.6768928,-73.8736016,on a listed block
3041930007,395 CHESTNUT STREET,A1,1,1925,1,1,1,55200.0,40.6772195,-73.8736803,on a listed block
3041930021,12 DOSCHER STREET,B9,1,2006,2,2,1,62040.0,40.6773894,-73.8734276,on a listed block
3041930023,16 DOSCHER STREET,S1,4,1925,1,2,1,43920.0,40.6772604,-73.8733954,on a listed block
3041930025,20 DOSCHER STREET,B3,1,1925,2,2,2,45780.0,40.6771533,-73.8733667,on a listed block
3041930027,24 DOSCHER STREET,A9,1,1925,1,1,1,48120.0,40.6770764,-73.8733488,on a listed block
3041930028,26 DOSCHER STREET,B1,1,2007,2,2,1,48840.0,40.6770187,-73.8733345,on a listed block
3041930031,32 DOSCHER STREET,C0,2,1925,3,3,1,57900.0,40.676843,-73.8732916,on a listed block
3041930039,981 GLENMORE AVENUE,S9,4,1930,2,4,3,244350.0,40.676687,-73.8736596,on a listed block
3041930129,30 DOSCHER STREET,B2,1,2023,2,2,0,54360.0,40.6769089,-73.8733059,on a listed block
3041930132,34 DOSCHER STREET,B9,1,2007,2,2,1,47220.0,40.6767689,-73.8732737,on a listed block
3041930133,36 DOSCHER STREET,B9,1,2007,2,2,1,50880.0,40.6767058,-73.8732558,on a listed block
3041930138,983 GLENMORE AVENUE,B1,1,2006,2,2,1,47460.0,40.6766951,-73.8735875,on a listed block
3041930029,28 DOSCHER STREET,B3,1,1925,2,2,1,44040.0,40.6769638,-73.8733202,on a listed block
3041930010,387 CHESTNUT STREET,C1,2,1930,18,18,1,643050.0,40.6774528,-73.8736942,on a listed block
3041930017,2 DOSCHER STREET,C1,2,1930,18,18,1,506250.0,40.6775651,-73.8734308,on a listed block
3041930012,385 LIBERTY AVENUE,C7,4,1930,16,17,1,306000.0,40.6775874,-73.8737372,on a listed block
3041930005,399 CHESTNUT STREET,B3,1,1925,2,2,2,46140.0,40.6771124,-73.8736552,on a listed block
3041950040,1033 GLENMORE AVENUE,M1,8,1930,0,1,1,1285650.0,40.6769539,-73.8718241,on a listed block
3041950035,358 PINE STREET,B1,1,1930,2,2,1,45720.0,40.6770278,-73.8716184,on a listed block
3041950021,336 CONDUIT BOULEVARD,G7,10,0,0,0,1,142650.0,40.6773355,-73.8718666,on a listed block
3041950001,1025 GLENMORE AVENUE,B3,1,1930,2,2,2,39660.0,40.6769049,-73.8721486,on a listed block
3041950006,401 EUCLID AVENUE,GU,5,1925,0,1,1,198000.0,40.677259,-73.8721299,on a listed block
3041950038,364 PINE STREET,B1,1,1930,2,2,2,44400.0,40.6768713,-73.8715791,on a listed block
3041950041,1031 GLENMORE AVENUE,A5,1,1930,1,1,2,43620.0,40.6769349,-73.8719431,on a listed block
3041950042,1029 GLENMORE AVENUE,A5,1,1930,1,1,1,42060.0,40.676924,-73.8720152,on a listed block
3041950043,1027 GLENMORE AVENUE,B3,1,1930,2,2,1,39300.0,40.6769131,-73.8720801,on a listed block
3041950030,352 PINE STREET,F5,6,1930,0,1,1,485100.0,40.6771981,-73.8717371,on a listed block
3041950034,356 PINE STREET,A5,1,1930,1,1,1,47280.0,40.67708,-73.8716328,on a listed block
3041950036,360 PINE STREET,B1,1,1930,2,2,1,47160.0,40.6769757,-73.8716077,on a listed block
3041950037,362 PINE STREET,B1,1,1930,2,2,1,49320.0,40.6769235,-73.8715934,on a listed block
3042080013,169 MILFORD STREET,V0,11,0,0,0,0,12300.0,40.6755022,-73.8770291,on a listed block
3042080042,2591 PITKIN AVENUE,B2,1,1997,2,2,1,53340.0,40.6749555,-73.8766479,on a listed block
3042080049,2577 PITKIN AVENUE,B2,1,1997,2,2,1,40020.0,40.6749065,-73.8770085,on a listed block
3042080035,446 LOGAN STREET,V0,11,0,0,0,1,12300.0,40.6752821,-73.8766113,on a listed block
3042080026,904 GLENMORE AVENUE,C3,2,1925,4,4,1,233100.0,40.6758338,-73.876603,on a listed block
3042080018,888 GLENMORE AVENUE,C0,2,1910,3,3,1,51660.0,40.6757548,-73.8771692,on a listed block
3042080014,167 MILFORD STREET,A9,1,1920,1,1,2,57660.0,40.6755845,-73.8770505,on a listed block
3042080019,890 GLENMORE AVENUE,C0,2,1910,3,3,1,66900.0,40.6757657,-73.8771007,on a listed block
3042080020,892 GLENMORE AVENUE,C2,2,1930,6,6,1,445950.0,40.6757793,-73.8769925,on a listed block
3042080022,896 GLENMORE AVENUE,B9,1,2003,2,2,1,52980.0,40.6757957,-73.8768843,on a listed block
3042080023,898 GLENMORE AVENUE,B9,1,2003,2,2,1,55320.0,40.6758038,-73.8768158,on a listed block
3042080028,430 LOGAN STREET,C3,2,1925,4,4,1,240300.0,40.6756528,-73.8767007,on a listed block
3042080029,432 LOGAN STREET,C3,2,1925,4,4,1,240300.0,40.6755841,-73.8766864,on a listed block
3042080009,177 MILFORD STREET,C3,2,1925,4,4,1,252450.0,40.675288,-73.8769754,on a listed block
3042080038,452 LOGAN STREET,C0,2,1910,3,3,1,59280.0,40.6751256,-73.8765719,on a listed block
3042080032,440 LOGAN STREET,B1,1,1910,2,2,2,53880.0,40.6754441,-73.8766506,on a listed block
3042080005,183 MILFORD STREET,B2,1,1930,2,2,2,62160.0,40.6751013,-73.8769289,on a listed block
3042080007,179 MILFORD STREET,C1,2,1930,20,20,1,373500.0,40.6752056,-73.8769575,on a listed block
3042080011,171 MILFORD STREET,C1,2,1930,8,8,1,854100.0,40.6754225,-73.8770112,on a listed block
3042080031,436 LOGAN STREET,C3,2,1930,4,4,1,240300.0,40.6755127,-73.8766685,on a listed block
3042080033,442 LOGAN STREET,C2,2,1925,6,6,1,516600.0,40.6753562,-73.8766292,on a listed block
3042080036,448 LOGAN STREET,B2,1,1920,2,2,1,53520.0,40.67523,-73.876597,on a listed block
3042080039,2599 PITKIN AVENUE,B2,1,1997,2,2,1,49380.0,40.6749909,-73.8763919,on a listed block
3042080040,2597 PITKIN AVENUE,B2,1,1997,2,2,1,49380.0,40.67498,-73.8764712,on a listed block
3042080041,2593 PITKIN AVENUE,B2,1,1997,2,2,1,49380.0,40.6749691,-73.876547,on a listed block
3042080044,2587 PITKIN AVENUE,C0,2,1910,3,3,1,57840.0,40.6749419,-73.8767453,on a listed block
3042080045,2581 PITKIN AVENUE,S2,4,1920,2,3,1,53760.0,40.6749338,-73.876821,on a listed block
3042080048,2555 PITKIN AVENUE,B2,1,1997,2,2,1,51300.0,40.6749201,-73.8769076,on a listed block
3042080025,902 GLENMORE AVENUE,B1,1,1930,2,2,1,54420.0,40.6758229,-73.8766716,on a listed block
3042080024,900 GLENMORE AVENUE,B1,1,1930,2,2,1,54960.0,40.6758148,-73.8767437,on a listed block
3042080017,886 GLENMORE AVENUE,C0,2,2017,3,3,1,63720.0,40.6757467,-73.8772377,on a listed block
3042080037,450 LOGAN STREET,B1,1,1910,2,2,1,60240.0,40.6751778,-73.8765826,on a listed block
3042080010,175 MILFORD STREET,V0,11,0,0,0,1,12300.0,40.6753429,-73.8769897,on a listed block
3042100003,191 FOUNTAIN AVENUE,A9,1,1930,1,1,1,43680.0,40.6754726,-73.875122,on a listed block
3042100001,195 FOUNTAIN AVENUE,V0,11,0,0,0,1,12300.0,40.6753683,-73.875097,on a listed block
3042100002,193 FOUNTAIN AVENUE,S1,4,1930,1,2,1,34260.0,40.6754205,-73.8751113,on a listed block
3042100004,189 FOUNTAIN AVENUE,A9,1,1930,1,1,1,48000.0,40.6755276,-73.8751363,on a listed block
3042100030,132 CRYSTAL STREET,A9,1,1930,1,1,1,47160.0,40.6755244,-73.874765,on a listed block
3042100031,134 CRYSTAL STREET,C0,2,2009,3,3,1,70800.0,40.6754695,-73.8747507,on a listed block
3042100032,136 CRYSTAL STREET,B2,1,1930,2,2,1,70020.0,40.6754146,-73.8747364,on a listed block
3042100035,2635 PITKIN AVENUE,M1,8,1975,0,0,1,859050.0,40.6752226,-73.8748737,on a listed block
3042100043,PITKIN AVENUE,V1,11,0,0,0,0,84600.0,40.6751763,-73.8751947,on a listed block
3042100015,942 GLENMORE AVENUE,C0,2,1920,3,3,1,47820.0,40.6760628,-73.8751894,on a listed block
3042100025,122 CRYSTAL STREET,B1,1,1920,2,2,1,67140.0,40.6757935,-73.8748294,on a listed block
3042100013,936 GLENMORE AVENUE,S2,4,1925,2,3,1,38100.0,40.676041,-73.8753336,on a listed block
3042100010,177 FOUNTAIN AVENUE,A9,1,1930,1,1,1,40200.0,40.6758488,-73.875215,on a listed block
3042100011,173 FOUNTAIN AVENUE,C0,2,1920,3,3,1,61920.0,40.6759119,-73.8752329,on a listed block
3042100012,934 GLENMORE AVENUE,C2,2,1930,6,6,1,301950.0,40.6760329,-73.8754058,on a listed block
3042100014,938 GLENMORE AVENUE,B1,1,1920,2,2,1,73500.0,40.6760519,-73.8752615,on a listed block
3042100016,944 GLENMORE AVENUE,S2,4,1920,2,3,1,51720.0,40.6760738,-73.8751209,on a listed block
3042100017,946 GLENMORE AVENUE,K2,5,1930,0,1,1,344700.0,40.676068,-73.8748974,on a listed block
3042100023,118 CRYSTAL STREET,B2,1,1920,2,2,1,45600.0,40.6759005,-73.874858,on a listed block
3042100026,124 CRYSTAL STREET,B1,1,1920,2,2,1,67140.0,40.6757386,-73.8748151,on a listed block
3042100024,120 CRYSTAL STREET,A9,1,1920,1,1,1,38640.0,40.6758484,-73.8748437,on a listed block
3042100029,130 CRYSTAL STREET,B3,1,1930,2,2,1,44520.0,40.6755793,-73.8747757,on a listed block
3042100028,128 CRYSTAL STREET,A9,1,1925,1,1,1,38640.0,40.6756315,-73.87479,on a listed block
3042100009,179 FOUNTAIN AVENUE,A9,1,1930,1,1,1,44640.0,40.6757966,-73.8752043,on a listed block
3042100005,187 FOUNTAIN AVENUE,A9,1,1930,1,1,1,40080.0,40.6755797,-73.8751507,on a listed block
3042100007,183 FOUNTAIN AVENUE,B3,1,1930,2,2,2,40920.0,40.6756593,-73.8751685,on a listed block
3042100008,181 FOUNTAIN AVENUE,B3,1,1930,2,2,1,37860.0,40.6757417,-73.87519,on a listed block
3042100027,126 CRYSTAL STREET,B2,1,1925,2,2,1,44880.0,40.6756864,-73.8748044,on a listed block
3042100034,2647 PITKIN AVENUE,V1,11,0,0,0,0,84600.0,40.6752717,-73.8745492,on a listed block
