bbl,is_block,n_hdb_jobs,in_housingdb,in_housingdb_direct,hdb_match_via,has_historic_bbl,historic_bbl,reached_only_via_historic
3014370000,True,0,False,False,,False,,False
3014370001,False,1,True,True,bbl,False,,False
3014370006,False,0,False,False,,False,,False
3014370008,False,0,False,False,,False,,False
3014370014,False,0,False,False,,False,,False
3014370015,False,1,True,True,bin,False,,False
3014370021,False,0,False,False,,False,,False
3014370023,False,0,False,False,,False,,False
3014370025,False,0,False,False,,False,,False
3014370026,False,0,False,False,,False,,False
3014370027,False,0,False,False,,False,,False
3014370029,False,0,False,False,,False,,False
3014370030,False,0,False,False,,False,,False
3014370037,False,0,False,False,,False,,False
3014370038,False,0,False,False,,False,,False
3014370046,False,1,True,True,bbl,False,,False
3014370064,False,0,False,False,,False,,False
3014370069,False,0,False,False,,False,,False
3014370070,False,0,False,False,,False,,False
3014377501,False,0,False,False,,False,,False
3014440000,True,0,False,False,,False,,False
3014440001,False,0,False,False,,False,,False
3014440005,False,0,False,False,,False,,False
3014440009,False,0,False,False,,False,,False
3014440010,False,0,False,False,,False,,False
3014440011,False,0,False,False,,False,,False
3014440012,False,0,False,False,,False,,False
3014440013,False,0,False,False,,False,,False
3014440014,False,0,False,False,,False,,False
3014440015,False,1,True,True,bin,False,,False
3014440016,False,0,False,False,,False,,False
3014440017,False,0,False,False,,False,,False
3014440018,False,0,False,False,,False,,False
3014440019,False,1,True,True,bin,False,,False
3014440020,False,0,False,False,,False,,False
3014440021,False,0,False,False,,False,,False
3014440022,False,0,False,False,,False,,False
3014440023,False,0,False,False,,False,,False
3014440024,False,0,False,False,,False,,False
3014440027,False,0,False,False,,False,,False
3014440029,False,0,False,False,,False,,False
3014440030,False,0,False,False,,False,,False
3014440031,False,0,False,False,,False,,False
3014440033,False,0,False,False,,False,,False
3014440034,False,0,False,False,,False,,False
3014440035,False,1,True,True,bin,False,,False
3014440036,False,0,False,False,,False,,False
3014440037,False,0,False,False,,False,,False
3014440038,False,0,False,False,,False,,False
3014440039,False,0,False,False,,False,,False
3014440041,False,0,False,False,,False,,False
3014440042,False,1,True,True,bin,False,,False
3014440048,False,0,False,False,,False,,False
3014440049,False,0,False,False,,False,,False
3014440069,False,0,False,False,,False,,False
3014500001,False,2,True,True,bin,False,,False
3014500002,False,0,False,False,,False,,False
3014500003,False,0,False,False,,False,,False
3014500004,False,0,False,False,,False,,False
3014500005,False,0,False,False,,False,,False
3014500017,False,0,False,False,,False,,False
3014500018,False,0,False,False,,False,,False
3014500019,False,0,False,False,,False,,False
3014500020,False,0,False,False,,False,,False
3014500021,False,0,False,False,,False,,False
3014500022,False,0,False,False,,False,,False
3014500023,False,0,False,False,,False,,False
3014500024,False,0,False,False,,False,,False
3014500025,False,0,False,False,,False,,False
3014500027,False,0,False,False,,False,,False
3014500028,False,0,False,False,,False,,False
3014500029,False,0,False,False,,False,,False
3014500037,False,0,False,False,,False,,False
3014500038,False,0,False,False,,False,,False
3014500039,False,0,False,False,,False,,False
3014500040,False,0,False,False,,False,,False
3014500041,False,0,False,False,,False,,False
3014500042,False,0,False,False,,False,,False
3014500044,False,0,False,False,,False,,False
3014500045,False,0,False,False,,False,,False
3014500047,False,1,True,True,bin,False,,False
3014500048,False,1,True,True,bin,False,,False
3014500049,False,0,False,False,,False,,False
3014500050,False,0,False,False,,False,,False
3014500051,False,0,False,False,,False,,False
3014500053,False,0,False,False,,False,,False
3014560000,True,0,False,False,,False,,False
3014560001,False,1,True,True,bin,False,,False
3015400000,True,0,False,False,,False,,False
3015400001,False,0,False,False,,False,,False
3015400002,False,0,False,False,,False,,False
3015400003,False,0,False,False,,False,,False
3015400004,False,0,False,False,,False,,False
3015400005,False,0,False,False,,False,,False
3015400006,False,0,False,False,,False,,False
3015400013,False,0,False,False,,False,,False
3015400014,False,0,False,False,,False,,False
3015400016,False,0,False,False,,False,,False
3015400018,False,0,False,False,,False,,False
3015400022,False,0,False,False,,False,,False
3015400023,False,0,False,False,,False,,False
3015400024,False,0,False,False,,False,,False
3015400025,False,0,False,False,,False,,False
3015400026,False,1,True,True,bin,False,,False
3015400029,False,0,False,False,,False,,False
3015400030,False,0,False,False,,False,,False
3015400031,False,0,False,False,,False,,False
3015400033,False,1,True,True,bin,False,,False
3015400034,False,0,False,False,,False,,False
3015400035,False,0,False,False,,False,,False
3015400036,False,0,False,False,,False,,False
3015400037,False,0,False,False,,False,,False
3015400045,False,0,False,False,,False,,False
3015400047,False,0,False,False,,False,,False
3015400048,False,0,False,False,,False,,False
3015400049,False,0,False,False,,False,,False
3015400051,False,0,False,False,,False,,False
3015400052,False,0,False,False,,False,,False
3015400053,False,0,False,False,,False,,False
3015400054,False,0,False,False,,False,,False
3015400055,False,0,False,False,,False,,False
3015400056,False,0,False,False,,False,,False
3015400059,False,0,False,False,,False,,False
3015400060,False,0,False,False,,False,,False
3015400061,False,0,False,False,,False,,False
3015400062,False,0,False,False,,False,,False
3015400063,False,0,False,False,,False,,False
3015400064,False,0,False,False,,False,,False
3015400065,False,0,False,False,,False,,False
3015400066,False,0,False,False,,False,,False
3015400070,False,0,False,False,,False,,False
3015400072,False,0,False,False,,False,,False
3015400082,False,0,False,False,,False,,False
3015407501,False,0,False,False,,False,,False
3015407502,False,0,False,False,,False,,False
3015407503,False,1,True,True,bbl,False,,False
3015430000,True,0,False,False,,False,,False
3015430001,False,0,False,False,,False,,False
3015430007,False,1,True,True,bin,False,,False
3015430014,False,1,True,True,bin,False,,False
3015430015,False,0,False,False,,False,,False
3015430016,False,0,False,False,,False,,False
3015430017,False,0,False,False,,False,,False
3015430018,False,0,False,False,,False,,False
3015430019,False,0,False,False,,False,,False
3015430020,False,0,False,False,,False,,False
3015430021,False,0,False,False,,False,,False
3015430022,False,0,False,False,,False,,False
3015430023,False,0,False,False,,False,,False
3015430041,False,0,False,False,,False,,False
3015430043,False,0,False,False,,False,,False
3015430045,False,0,False,False,,False,,False
3015430046,False,0,False,False,,False,,False
3015430047,False,0,False,False,,False,,False
3015430048,False,0,False,False,,False,,False
3015430049,False,0,False,False,,False,,False
3015430058,False,0,False,False,,False,,False
3015430059,False,0,False,False,,False,,False
3015430060,False,1,True,True,bin,False,,False
3015430061,False,0,False,False,,False,,False
3015437501,False,0,False,False,,False,,False
3015440000,True,0,False,False,,False,,False
3015440001,False,0,False,False,,False,,False
3015440005,False,0,False,False,,False,,False
3015440008,False,0,False,False,,False,,False
3015440009,False,0,False,False,,False,,False
3015440010,False,0,False,False,,False,,False
3015440011,False,0,False,False,,False,,False
3015440012,False,0,False,False,,False,,False
3015440013,False,0,False,False,,False,,False
3015440014,False,0,False,False,,False,,False
3015440015,False,1,True,True,bbl,False,,False
3015440016,False,1,True,True,bbl,False,,False
3015440017,False,0,False,False,,False,,False
3015440019,False,0,False,False,,False,,False
3015440021,False,0,False,False,,False,,False
3015440025,False,0,False,False,,False,,False
3015440042,False,0,False,False,,False,,False
3015440047,False,0,False,False,,False,,False
3015440048,False,1,True,True,bin,False,,False
3015440049,False,0,False,False,,False,,False
3015440050,False,0,False,False,,False,,False
3015440051,False,0,False,False,,False,,False
3015440052,False,0,False,False,,False,,False
3015440053,False,0,False,False,,False,,False
3015440054,False,0,False,False,,False,,False
3015440055,False,0,False,False,,False,,False
3015440056,False,0,False,False,,False,,False
3015450000,True,0,False,False,,False,,False
3015450001,False,0,False,False,,False,,False
3015460000,True,0,False,False,,False,,False
3015460001,False,0,False,False,,False,,False
3015530013,False,0,False,False,,False,,False
3015530031,False,0,False,False,,False,,False
3015530032,False,0,False,False,,False,,False
3015530033,False,0,False,False,,False,,False
3015530034,False,0,False,False,,False,,False
3015530035,False,0,False,False,,False,,False
3015530037,False,1,True,True,bin,False,,False
3015530039,False,0,False,False,,False,,False
3015540000,True,0,False,False,,False,,False
3015540001,False,0,False,False,,False,,False
3015540016,False,0,False,False,,False,,False
3015540052,False,0,False,False,,False,,False
3015540054,False,0,False,False,,False,,False
3015540055,False,0,False,False,,False,,False
3015540056,False,0,False,False,,False,,False
3015540057,False,0,False,False,,False,,False
3015540058,False,0,False,False,,False,,False
3015540059,False,0,False,False,,False,,False
3015540060,False,0,False,False,,False,,False
3015540061,False,0,False,False,,False,,False
3015540063,False,0,False,False,,False,,False
3015540064,False,0,False,False,,False,,False
3015540065,False,0,False,False,,False,,False
3015547501,False,0,False,False,,False,,False
3015720005,False,0,False,False,,False,,False
3015720006,False,0,False,False,,False,,False
3015720009,False,0,False,False,,False,,False
3015720017,False,0,False,False,,False,,False
3015720018,False,1,True,True,bin,False,,False
3015720024,False,0,False,False,,False,,False
3015720025,False,0,False,False,,False,,False
3015720026,False,0,False,False,,False,,False
3015730000,True,0,False,False,,False,,False
3015730001,False,0,False,False,,False,,False
3015730002,False,0,False,False,,False,,False
3015730003,False,0,False,False,,False,,False
3015730004,False,0,False,False,,False,,False
3015730005,False,0,False,False,,False,,False
3015730006,False,0,False,False,,False,,False
3015730007,False,0,False,False,,False,,False
3015730008,False,0,False,False,,False,,False
3015730009,False,0,False,False,,False,,False
3015730010,False,0,False,False,,False,,False
3015730011,False,0,False,False,,False,,False
3015730012,False,0,False,False,,False,,False
3015730013,False,0,False,False,,False,,False
3015730014,False,0,False,False,,False,,False
3015730015,False,0,False,False,,False,,False
3015730017,False,0,False,False,,False,,False
3015730018,False,0,False,False,,False,,False
3015730020,False,0,False,False,,False,,False
3015730021,False,1,True,True,bin,False,,False
3015730022,False,0,False,False,,False,,False
3015730023,False,0,False,False,,False,,False
3015730024,False,0,False,False,,False,,False
3015730025,False,0,False,False,,False,,False
3015730026,False,0,False,False,,False,,False
3015730027,False,0,False,False,,False,,False
3015730028,False,0,False,False,,False,,False
3015730029,False,0,False,False,,False,,False
3015730030,False,0,False,False,,False,,False
3015730031,False,0,False,False,,False,,False
3015730032,False,0,False,False,,False,,False
3015730033,False,0,False,False,,False,,False
3015730034,False,0,False,False,,False,,False
3015730035,False,0,False,False,,False,,False
3015730036,False,0,False,False,,False,,False
3015730037,False,0,False,False,,False,,False
3015740000,True,0,False,False,,False,,False
3015740001,False,0,False,False,,False,,False
3015740002,False,0,False,False,,False,,False
3015740003,False,0,False,False,,False,,False
3015740004,False,0,False,False,,False,,False
3015740005,False,0,False,False,,False,,False
3015740006,False,0,False,False,,False,,False
3015740007,False,0,False,False,,False,,False
3015740008,False,0,False,False,,False,,False
3015740009,False,0,False,False,,False,,False
3015740010,False,0,False,False,,False,,False
3015740011,False,0,False,False,,False,,False
3015740012,False,0,False,False,,False,,False
3015740013,False,0,False,False,,False,,False
3015740014,False,0,False,False,,False,,False
3015740015,False,0,False,False,,False,,False
3015740016,False,0,False,False,,False,,False
3015740017,False,0,False,False,,False,,False
3015740018,False,0,False,False,,False,,False
3015740019,False,1,True,True,bin,False,,False
3015740021,False,1,True,True,bin,False,,False
3015740022,False,0,False,False,,False,,False
3015740023,False,2,True,True,bin,False,,False
3015740024,False,0,False,False,,False,,False
3015740032,False,0,False,False,,False,,False
3015750000,True,0,False,False,,False,,False
3015750001,False,0,False,False,,False,,False
3015750018,False,0,False,False,,False,,False
3036590000,True,0,False,False,,False,,False
3036590001,False,0,False,False,,False,,False
3036590004,False,0,False,False,,False,,False
3036590014,False,0,False,False,,False,,False
3036590015,False,0,False,False,,False,,False
3036590035,False,0,False,False,,False,,False
3036600001,False,0,False,False,,False,,False
3036600002,False,2,True,True,bin,False,,False
3036600005,False,0,False,False,,False,,False
3036600029,False,1,True,True,bin,False,,False
3036610001,False,1,True,True,bin,False,,False
3036610039,False,0,False,False,,False,,False
3036610040,False,0,False,False,,False,,False
3036610041,False,0,False,False,,False,,False
3036610042,False,0,False,False,,False,,False
3036620047,False,0,False,False,,False,,False
3036620048,False,2,True,True,bin,False,,False
3036620049,False,0,False,False,,False,,False
3036620052,False,0,False,False,,False,,False
3036620053,False,0,False,False,,False,,False
3036620054,False,0,False,False,,False,,False
3036620055,False,0,False,False,,False,,False
3036630040,False,0,False,False,,False,,False
3036630042,False,0,False,False,,False,,False
3036630043,False,0,False,False,,False,,False
3036630044,False,0,False,False,,False,,False
3036630046,False,0,False,False,,False,,False
3036630047,False,0,False,False,,False,,False
3036630048,False,1,True,True,bin,False,,False
3036630049,False,0,False,False,,False,,False
3036630050,False,0,False,False,,False,,False
3036640044,False,0,False,False,,False,,False
3036640045,False,0,False,False,,False,,False
3036640046,False,1,True,True,bin,False,,False
3036640047,False,1,True,True,bbl,False,,False
3036640048,False,0,False,False,,False,,False
3036640049,False,0,False,False,,False,,False
3036640050,False,0,False,False,,False,,False
3036640052,False,2,True,True,bin,False,,False
3036690000,True,0,False,False,,False,,False
3036690001,False,0,False,False,,False,,False
3036690003,False,0,False,False,,False,,False
3036690005,False,1,True,True,bin,False,,False
3036690007,False,4,True,True,bin,False,,False
3036690009,False,0,False,False,,False,,False
3036690010,False,1,True,True,bin,False,,False
3036690011,False,0,False,False,,False,,False
3036690012,False,0,False,False,,False,,False
3036690028,False,0,False,False,,False,,False
3036690030,False,0,False,False,,False,,False
3036690033,False,0,False,False,,False,,False
3036690034,False,0,False,False,,False,,False
3036690035,False,0,False,False,,False,,False
3036690037,False,0,False,False,,False,,False
3036690038,False,0,False,False,,False,,False
3036690039,False,0,False,False,,False,,False
3036690040,False,0,False,False,,False,,False
3036697501,False,2,True,True,bbl,False,,False
3036700000,True,0,False,False,,False,,False
3036700001,False,0,False,False,,False,,False
3036700007,False,0,False,False,,False,,False
3036700009,False,0,False,False,,False,,False
3036700013,False,0,False,False,,False,,False
3036700014,False,0,False,False,,False,,False
3036700015,False,0,False,False,,False,,False
3036700016,False,0,False,False,,False,,False
3036700017,False,0,False,False,,False,,False
3036700018,False,0,False,False,,False,,False
3036700025,False,1,True,True,bbl,False,,False
3036700027,False,0,False,False,,False,,False
3036700028,False,0,False,False,,False,,False
3036700029,False,0,False,False,,False,,False
3036700030,False,0,False,False,,False,,False
3036700031,False,0,False,False,,False,,False
3036700033,False,0,False,False,,False,,False
3036700035,False,0,False,False,,False,,False
3036710000,True,0,False,False,,False,,False
3036710003,False,0,False,False,,False,,False
3036710005,False,0,False,False,,False,,False
3036710006,False,0,False,False,,False,,False
3036710007,False,0,False,False,,False,,False
3036710008,False,0,False,False,,False,,False
3036710009,False,0,False,False,,False,,False
3036710010,False,0,False,False,,False,,False
3036710011,False,0,False,False,,False,,False
3036710012,False,0,False,False,,False,,False
3036710013,False,0,False,False,,False,,False
3036710014,False,0,False,False,,False,,False
3036710015,False,0,False,False,,False,,False
3036710016,False,0,False,False,,False,,False
3036710017,False,0,False,False,,False,,False
3036710018,False,0,False,False,,False,,False
3036710019,False,0,False,False,,False,,False
3036710020,False,0,False,False,,False,,False
3036710022,False,1,True,True,bbl,False,,False
3036710023,False,0,False,False,,False,,False
3036710025,False,0,False,False,,False,,False
3036710026,False,0,False,False,,False,,False
3036710027,False,0,False,False,,False,,False
3036710028,False,0,False,False,,False,,False
3036710029,False,0,False,False,,False,,False
3036710034,False,0,False,False,,False,,False
3036710036,False,1,True,True,bin,False,,False
3036710037,False,1,True,True,bin,False,,False
3036710038,False,3,True,True,bin,False,,False
3036710040,False,1,True,True,bin,False,,False
3036710041,False,1,True,True,bin,False,,False
3036710042,False,1,True,True,bin,False,,False
3036710043,False,0,False,False,,False,,False
3036710114,False,0,False,False,,False,,False
3036710130,False,0,False,False,,False,,False
3036710131,False,0,False,False,,False,,False
3036710132,False,0,False,False,,False,,False
3036710133,False,0,False,False,,False,,False
3036710134,False,0,False,False,,False,,False
3036710143,False,1,True,True,bbl,False,,False
3036720000,True,0,False,False,,False,,False
3036720002,False,0,False,False,,False,,False
3036720003,False,0,False,False,,False,,False
3036720004,False,0,False,False,,False,,False
3036720005,False,0,False,False,,False,,False
3036720007,False,0,False,False,,False,,False
3036720008,False,0,False,False,,False,,False
3036720009,False,0,False,False,,False,,False
3036720010,False,0,False,False,,False,,False
3036720011,False,0,False,False,,False,,False
3036720012,False,0,False,False,,False,,False
3036720013,False,0,False,False,,False,,False
3036720020,False,0,False,False,,False,,False
3036720024,False,0,False,False,,False,,False
3036720027,False,0,False,False,,False,,False
3036720028,False,0,False,False,,False,,False
3036720029,False,0,False,False,,False,,False
3036720030,False,0,False,False,,False,,False
3036720031,False,0,False,False,,False,,False
3036720032,False,0,False,False,,False,,False
3036720033,False,0,False,False,,False,,False
3036720034,False,0,False,False,,False,,False
3036720035,False,0,False,False,,False,,False
3036720037,False,0,False,False,,False,,False
3036720040,False,0,False,False,,False,,False
3036720041,False,0,False,False,,False,,False
3036720043,False,0,False,False,,False,,False
3036720046,False,0,False,False,,False,,False
3036720047,False,0,False,False,,False,,False
3036720048,False,1,True,True,bbl,False,,False
3036720049,False,1,True,True,bbl,False,,False
3036720050,False,1,True,True,bin,False,,False
3036720051,False,1,True,True,bin,False,,False
3036720113,False,0,False,False,,False,,False
3036730000,True,0,False,False,,False,,False
3036730001,False,0,False,False,,False,,False
3036730003,False,0,False,False,,False,,False
3036730004,False,2,True,True,bin,False,,False
3036730005,False,1,True,True,bin,False,,False
3036730014,False,1,True,True,bin,False,,False
3036730017,False,0,False,False,,False,,False
3036730018,False,0,False,False,,False,,False
3036730019,False,0,False,False,,False,,False
3036730020,False,0,False,False,,False,,False
3036730021,False,0,False,False,,False,,False
3036730023,False,0,False,False,,False,,False
3036730024,False,0,False,False,,False,,False
3036730025,False,0,False,False,,False,,False
3036730026,False,0,False,False,,False,,False
3036730028,False,0,False,False,,False,,False
3036730029,False,0,False,False,,False,,False
3036730030,False,0,False,False,,False,,False
3036730032,False,0,False,False,,False,,False
3036730033,False,0,False,False,,False,,False
3036730034,False,0,False,False,,False,,False
3036730036,False,0,False,False,,False,,False
3036730037,False,0,False,False,,False,,False
3036730038,False,0,False,False,,False,,False
3036730039,False,0,False,False,,False,,False
3036730040,False,0,False,False,,False,,False
3036730041,False,0,False,False,,False,,False
3036730042,False,0,False,False,,False,,False
3036730043,False,0,False,False,,False,,False
3036730045,False,0,False,False,,False,,False
3036730047,False,0,False,False,,False,,False
3036730049,False,0,False,False,,False,,False
3036730051,False,0,False,False,,False,,False
3036730053,False,0,False,False,,False,,False
3036730055,False,0,False,False,,False,,False
3036730057,False,0,False,False,,False,,False
3036730059,False,0,False,False,,False,,False
3036740000,True,0,False,False,,False,,False
3036740001,False,0,False,False,,False,,False
3036740002,False,0,False,False,,False,,False
3036740003,False,0,False,False,,False,,False
3036740004,False,0,False,False,,False,,False
3036740005,False,0,False,False,,False,,False
3036740007,False,0,False,False,,False,,False
3036740008,False,0,False,False,,False,,False
3036740009,False,0,False,False,,False,,False
3036740010,False,0,False,False,,False,,False
3036740011,False,0,False,False,,False,,False
3036740013,False,0,False,False,,False,,False
3036740015,False,0,False,False,,False,,False
3036740016,False,2,True,True,bin,False,,False
3036740017,False,0,False,False,,False,,False
3036740018,False,0,False,False,,False,,False
3036740019,False,0,False,False,,False,,False
3036740020,False,0,False,False,,False,,False
3036740021,False,0,False,False,,False,,False
3036740022,False,0,False,False,,False,,False
3036740023,False,0,False,False,,False,,False
3036740024,False,0,False,False,,False,,False
3036740025,False,0,False,False,,False,,False
3036740026,False,0,False,False,,False,,False
3036740027,False,0,False,False,,False,,False
3036740028,False,0,False,False,,False,,False
3036740030,False,0,False,False,,False,,False
3036740031,False,0,False,False,,False,,False
3036740032,False,0,False,False,,False,,False
3036740033,False,0,False,False,,False,,False
3036740034,False,0,False,False,,False,,False
3036740035,False,0,False,False,,False,,False
3036740038,False,1,True,True,bin,False,,False
3036740040,False,0,False,False,,False,,False
3036740042,False,4,True,True,bbl+bin,False,,False
3036750000,True,0,False,False,,False,,False
3036750001,False,0,False,False,,False,,False
3036750003,False,1,True,True,bin,False,,False
3036750004,False,0,False,False,,False,,False
3036750005,False,1,True,True,bin,False,,False
3036750007,False,0,False,False,,False,,False
3036750008,False,0,False,False,,False,,False
3036750010,False,0,False,False,,False,,False
3036750011,False,0,False,False,,False,,False
3036750014,False,0,False,False,,False,,False
3036750025,False,1,True,True,bin,False,,False
3036750028,False,0,False,False,,False,,False
3036860000,True,0,False,False,,False,,False
3036860001,False,0,False,False,,False,,False
3036860004,False,0,False,False,,False,,False
3036860005,False,0,False,False,,False,,False
3036860006,False,0,False,False,,False,,False
3036860007,False,0,False,False,,False,,False
3036860008,False,0,False,False,,False,,False
3036860009,False,0,False,False,,False,,False
3036860011,False,0,False,False,,False,,False
3036860012,False,0,False,False,,False,,False
3036860013,False,0,False,False,,False,,False
3036860015,False,0,False,False,,False,,False
3036860016,False,0,False,False,,False,,False
3036860017,False,0,False,False,,False,,False
3036860019,False,0,False,False,,False,,False
3036860021,False,0,False,False,,False,,False
3036860023,False,0,False,False,,False,,False
3036860024,False,0,False,False,,False,,False
3036860025,False,0,False,False,,False,,False
3036860028,False,0,False,False,,False,,False
3036860029,False,0,False,False,,False,,False
3036860030,False,0,False,False,,False,,False
3036860031,False,0,False,False,,False,,False
3036860032,False,0,False,False,,False,,False
3036860033,False,0,False,False,,False,,False
3036860034,False,0,False,False,,False,,False
3036860039,False,0,False,False,,False,,False
3036860040,False,0,False,False,,False,,False
3036860041,False,0,False,False,,False,,False
3036870000,True,0,False,False,,False,,False
3036870001,False,0,False,False,,False,,False
3036870005,False,0,False,False,,False,,False
3036870006,False,0,False,False,,False,,False
3036870012,False,1,True,True,bin,False,,False
3036870034,False,0,False,False,,False,,False
3036870035,False,0,False,False,,False,,False
3036870036,False,0,False,False,,False,,False
3036870037,False,0,False,False,,False,,False
3036870038,False,0,False,False,,False,,False
3036870112,False,0,False,False,,False,,False
3036880000,True,0,False,False,,False,,False
3036880001,False,0,False,False,,False,,False
3036880004,False,1,True,True,bbl,False,,False
3036880005,False,0,False,False,,False,,False
3036880006,False,0,False,False,,False,,False
3036880007,False,0,False,False,,False,,False
3036880008,False,0,False,False,,False,,False
3036880009,False,0,False,False,,False,,False
3036880011,False,0,False,False,,False,,False
3036880018,False,0,False,False,,False,,False
3036880024,False,0,False,False,,False,,False
3036880025,False,0,False,False,,False,,False
3036880027,False,0,False,False,,False,,False
3036880028,False,0,False,False,,False,,False
3036880029,False,0,False,False,,False,,False
3036880030,False,0,False,False,,False,,False
3036880031,False,0,False,False,,False,,False
3036880032,False,0,False,False,,False,,False
3036880033,False,0,False,False,,False,,False
3036880037,False,1,True,True,bin,False,,False
3036880038,False,1,True,True,bin,False,,False
3036880039,False,0,False,False,,False,,False
3036880040,False,0,False,False,,False,,False
3036880108,False,0,False,False,,False,,False
3036890000,True,0,False,False,,False,,False
3036890001,False,0,False,False,,False,,False
3036890011,False,0,False,False,,False,,False
3036890012,False,1,True,True,bbl,False,,False
3036890025,False,0,False,False,,False,,False
3036890026,False,0,False,False,,False,,False
3036900000,True,0,False,False,,False,,False
3036900001,False,0,False,False,,False,,False
3036900002,False,0,False,False,,False,,False
3036900003,False,0,False,False,,False,,False
3036900004,False,0,False,False,,False,,False
3036900005,False,0,False,False,,False,,False
3036900007,False,0,False,False,,False,,False
3036900008,False,0,False,False,,False,,False
3036900009,False,1,True,True,bin,False,,False
3036900010,False,0,False,False,,False,,False
3036900011,False,1,True,True,bin,False,,False
3036900012,False,0,False,False,,False,,False
3036900013,False,1,True,True,bin,False,,False
3036900014,False,0,False,False,,False,,False
3036900015,False,1,True,True,bin,False,,False
3036900017,False,0,False,False,,False,,False
3036900019,False,0,False,False,,False,,False
3036900020,False,0,False,False,,False,,False
3036900021,False,0,False,False,,False,,False
3036900022,False,0,False,False,,False,,False
3036900024,False,0,False,False,,False,,False
3036900025,False,1,True,True,bbl,False,,False
3036900026,False,0,False,False,,False,,False
3036900027,False,2,True,True,bin,False,,False
3036900028,False,0,False,False,,False,,False
3036900029,False,0,False,False,,False,,False
3036900030,False,0,False,False,,False,,False
3036900031,False,0,False,False,,False,,False
3036900032,False,0,False,False,,False,,False
3036900033,False,0,False,False,,False,,False
3036900034,False,0,False,False,,False,,False
3036910000,True,0,False,False,,False,,False
3036910001,False,0,False,False,,False,,False
3036910005,False,0,False,False,,False,,False
3036910006,False,0,False,False,,False,,False
3036910008,False,0,False,False,,False,,False
3036910009,False,0,False,False,,False,,False
3036910010,False,0,False,False,,False,,False
3036910011,False,0,False,False,,False,,False
3036910013,False,0,False,False,,False,,False
3036910014,False,0,False,False,,False,,False
3036910015,False,0,False,False,,False,,False
3036910016,False,0,False,False,,False,,False
3036910018,False,0,False,False,,False,,False
3036910024,False,0,False,False,,False,,False
3036910028,False,0,False,False,,False,,False
3036910029,False,0,False,False,,False,,False
3036910030,False,0,False,False,,False,,False
3036910032,False,0,False,False,,False,,False
3037030000,True,0,False,False,,False,,False
3037030001,False,1,True,True,bin,False,,False
3037030005,False,0,False,False,,False,,False
3037030006,False,0,False,False,,False,,False
3037030007,False,0,False,False,,False,,False
3037030008,False,0,False,False,,False,,False
3037030009,False,0,False,False,,False,,False
3037030010,False,0,False,False,,False,,False
3037030012,False,0,False,False,,False,,False
3037030013,False,0,False,False,,False,,False
3037030015,False,0,False,False,,False,,False
3037030016,False,0,False,False,,False,,False
3037030017,False,0,False,False,,False,,False
3037030018,False,0,False,False,,False,,False
3037030021,False,0,False,False,,False,,False
3037030023,False,0,False,False,,False,,False
3037030025,False,0,False,False,,False,,False
3037030027,False,0,False,False,,False,,False
3037030028,False,0,False,False,,False,,False
3037030029,False,0,False,False,,False,,False
3037030030,False,0,False,False,,False,,False
3037030031,False,0,False,False,,False,,False
3037030032,False,0,False,False,,False,,False
3037030033,False,0,False,False,,False,,False
3037030035,False,2,True,True,bin,False,,False
3037040000,True,0,False,False,,False,,False
3037040001,False,0,False,False,,False,,False
3037040016,False,0,False,False,,False,,False
3037040019,False,0,False,False,,False,,False
3037040020,False,0,False,False,,False,,False
3037040021,False,0,False,False,,False,,False
3037040022,False,0,False,False,,False,,False
3037040023,False,0,False,False,,False,,False
3037040024,False,0,False,False,,False,,False
3037040025,False,0,False,False,,False,,False
3037040026,False,0,False,False,,False,,False
3037040027,False,0,False,False,,False,,False
3037040028,False,0,False,False,,False,,False
3037040029,False,0,False,False,,False,,False
3037040031,False,0,False,False,,False,,False
3037040033,False,0,False,False,,False,,False
3037040035,False,0,False,False,,False,,False
3037040036,False,0,False,False,,False,,False
3037050000,True,0,False,False,,False,,False
3037050001,False,0,False,False,,False,,False
3037050003,False,0,False,False,,False,,False
3037050004,False,0,False,False,,False,,False
3037050005,False,0,False,False,,False,,False
3037050006,False,0,False,False,,False,,False
3037050007,False,0,False,False,,False,,False
3037050008,False,0,False,False,,False,,False
3037050009,False,0,False,False,,False,,False
3037050010,False,0,False,False,,False,,False
3037050014,False,0,False,False,,False,,False
3037050016,False,0,False,False,,False,,False
3037050027,False,0,False,False,,False,,False
3037050028,False,0,False,False,,False,,False
3037050029,False,0,False,False,,False,,False
3037050030,False,0,False,False,,False,,False
3037050031,False,0,False,False,,False,,False
3037050032,False,0,False,False,,False,,False
3037050034,False,0,False,False,,False,,False
3037050035,False,0,False,False,,False,,False
3037050038,False,0,False,False,,False,,False
3037050039,False,0,False,False,,False,,False
3037050040,False,0,False,False,,False,,False
3037050042,False,0,False,False,,False,,False
3037060000,True,0,False,False,,False,,False
3037060001,False,0,False,False,,False,,False
3037060004,False,0,False,False,,False,,False
3037060006,False,0,False,False,,False,,False
3037060007,False,0,False,False,,False,,False
3037060008,False,0,False,False,,False,,False
3037060009,False,0,False,False,,False,,False
3037060010,False,0,False,False,,False,,False
3037060011,False,0,False,False,,False,,False
3037060012,False,1,True,True,bin,False,,False
3037060015,False,0,False,False,,False,,False
3037060018,False,0,False,False,,False,,False
3037060019,False,0,False,False,,False,,False
3037060021,False,0,False,False,,False,,False
3037060022,False,0,False,False,,False,,False
3037060023,False,0,False,False,,False,,False
3037060024,False,0,False,False,,False,,False
3037060025,False,0,False,False,,False,,False
3037060026,False,1,True,True,bin,False,,False
3037060028,False,0,False,False,,False,,False
3037060029,False,0,False,False,,False,,False
3037060031,False,0,False,False,,False,,False
3037060032,False,0,False,False,,False,,False
3037060033,False,1,True,True,bin,False,,False
3037060039,False,0,False,False,,False,,False
3037060042,False,0,False,False,,False,,False
3037060110,False,0,False,False,,False,,False
3037060134,False,0,False,False,,False,,False
3037060135,False,0,False,False,,False,,False
3037060136,False,0,False,False,,False,,False
3037060137,False,0,False,False,,False,,False
3037060142,False,0,False,False,,False,,False
3037070000,True,0,False,False,,False,,False
3037070002,False,0,False,False,,False,,False
3037070003,False,0,False,False,,False,,False
3037070004,False,0,False,False,,False,,False
3037070007,False,0,False,False,,False,,False
3037070015,False,0,False,False,,False,,False
3037070016,False,0,False,False,,False,,False
3037070021,False,0,False,False,,False,,False
3037070022,False,0,False,False,,False,,False
3037070023,False,0,False,False,,False,,False
3037070024,False,0,False,False,,False,,False
3037070025,False,0,False,False,,False,,False
3037070026,False,0,False,False,,False,,False
3037070030,False,0,False,False,,False,,False
3037070031,False,0,False,False,,False,,False
3037070032,False,0,False,False,,False,,False
3037070040,False,0,False,False,,False,,False
3037070042,False,0,False,False,,False,,False
3037070044,False,0,False,False,,False,,False
3037070046,False,0,False,False,,False,,False
3037070128,False,0,False,False,,False,,False
3037070129,False,0,False,False,,False,,False
3037080000,True,0,False,False,,False,,False
3037080001,False,1,True,True,bbl,False,,False
3037080002,False,0,False,False,,False,,False
3037080003,False,0,False,False,,False,,False
3037080004,False,0,False,False,,False,,False
3037080005,False,0,False,False,,False,,False
3037080006,False,0,False,False,,False,,False
3037080007,False,0,False,False,,False,,False
3037080009,False,0,False,False,,False,,False
3037080011,False,0,False,False,,False,,False
3037080015,False,1,True,True,bin,False,,False
3037080020,False,0,False,False,,False,,False
3037080021,False,0,False,False,,False,,False
3037080022,False,0,False,False,,False,,False
3037080024,False,0,False,False,,False,,False
3037080025,False,0,False,False,,False,,False
3037080026,False,0,False,False,,False,,False
3037080027,False,0,False,False,,False,,False
3037080029,False,0,False,False,,False,,False
3037080031,False,0,False,False,,False,,False
3037080032,False,0,False,False,,False,,False
3037080033,False,0,False,False,,False,,False
3037080034,False,0,False,False,,False,,False
3037080035,False,1,True,True,bbl,False,,False
3037200000,True,0,False,False,,False,,False
3037200001,False,0,False,False,,False,,False
3037200002,False,0,False,False,,False,,False
3037200003,False,0,False,False,,False,,False
3037200004,False,0,False,False,,False,,False
3037200005,False,0,False,False,,False,,False
3037200015,False,0,False,False,,False,,False
3037200016,False,0,False,False,,False,,False
3037200017,False,0,False,False,,False,,False
3037200018,False,0,False,False,,False,,False
3037200021,False,0,False,False,,False,,False
3037200023,False,0,False,False,,False,,False
3037200024,False,0,False,False,,False,,False
3037200025,False,0,False,False,,False,,False
3037200026,False,1,True,True,bin,False,,False
3037200027,False,0,False,False,,False,,False
3037200028,False,0,False,False,,False,,False
3037200029,False,1,True,True,bin,False,,False
3037200030,False,0,False,False,,False,,False
3037200031,False,0,False,False,,False,,False
3037200032,False,0,False,False,,False,,False
3037200033,False,0,False,False,,False,,False
3037200034,False,0,False,False,,False,,False
3037200035,False,0,False,False,,False,,False
3037200036,False,0,False,False,,False,,False
3037200037,False,0,False,False,,False,,False
3037200038,False,0,False,False,,False,,False
3037200130,False,0,False,False,,False,,False
3037210000,True,0,False,False,,False,,False
3037210001,False,0,False,False,,False,,False
3037210013,False,0,False,False,,False,,False
3037210018,False,0,False,False,,False,,False
3037210020,False,0,False,False,,False,,False
3037210022,False,0,False,False,,False,,False
3037210024,False,0,False,False,,False,,False
3037210025,False,0,False,False,,False,,False
3037210026,False,0,False,False,,False,,False
3037210027,False,0,False,False,,False,,False
3037220000,True,0,False,False,,False,,False
3037220001,False,0,False,False,,False,,False
3037220002,False,0,False,False,,False,,False
3037220003,False,0,False,False,,False,,False
3037220004,False,0,False,False,,False,,False
3037220005,False,0,False,False,,False,,False
3037220006,False,0,False,False,,False,,False
3037220007,False,0,False,False,,False,,False
3037220008,False,1,True,True,bin,False,,False
3037220009,False,0,False,False,,False,,False
3037220010,False,0,False,False,,False,,False
3037220011,False,0,False,False,,False,,False
3037220012,False,0,False,False,,False,,False
3037220013,False,0,False,False,,False,,False
3037220014,False,0,False,False,,False,,False
3037220016,False,0,False,False,,False,,False
3037220017,False,0,False,False,,False,,False
3037220019,False,0,False,False,,False,,False
3037220020,False,0,False,False,,False,,False
3037220021,False,0,False,False,,False,,False
3037220022,False,0,False,False,,False,,False
3037220023,False,0,False,False,,False,,False
3037220024,False,0,False,False,,False,,False
3037220025,False,0,False,False,,False,,False
3037220026,False,0,False,False,,False,,False
3037220027,False,0,False,False,,False,,False
3037220028,False,0,False,False,,False,,False
3037220114,False,0,False,False,,False,,False
3037230000,True,0,False,False,,False,,False
3037230001,False,0,False,False,,False,,False
3037230002,False,0,False,False,,False,,False
3037230004,False,0,False,False,,False,,False
3037230005,False,0,False,False,,False,,False
3037230006,False,0,False,False,,False,,False
3037230007,False,0,False,False,,False,,False
3037230008,False,0,False,False,,False,,False
3037230009,False,0,False,False,,False,,False
3037230010,False,0,False,False,,False,,False
3037230011,False,2,True,True,bbl,False,,False
3037230012,False,0,False,False,,False,,False
3037230013,False,0,False,False,,False,,False
3037230015,False,1,True,True,bbl,False,,False
3037230016,False,0,False,False,,False,,False
3037230017,False,1,True,True,bin,False,,False
3037230018,False,0,False,False,,False,,False
3037230019,False,0,False,False,,False,,False
3037230020,False,0,False,False,,False,,False
3037230021,False,0,False,False,,False,,False
3037230022,False,0,False,False,,False,,False
3037230023,False,1,True,True,bbl,False,,False
3037230024,False,1,True,True,bbl,False,,False
3037230025,False,0,False,False,,False,,False
3037230026,False,1,True,True,bin,False,,False
3037230027,False,0,False,False,,False,,False
3037230028,False,0,False,False,,False,,False
3037230029,False,0,False,False,,False,,False
3037230030,False,0,False,False,,False,,False
3037230031,False,0,False,False,,False,,False
3037230032,False,0,False,False,,False,,False
3037230034,False,0,False,False,,False,,False
3037230035,False,0,False,False,,False,,False
3037230036,False,0,False,False,,False,,False
3037230037,False,0,False,False,,False,,False
3037230038,False,0,False,False,,False,,False
3037240000,True,0,False,False,,False,,False
3037240001,False,1,True,True,bin,False,,False
3037240002,False,0,False,False,,False,,False
3037240003,False,0,False,False,,False,,False
3037240004,False,0,False,False,,False,,False
3037240005,False,0,False,False,,False,,False
3037240006,False,0,False,False,,False,,False
3037240007,False,0,False,False,,False,,False
3037240012,False,0,False,False,,False,,False
3037240013,False,0,False,False,,False,,False
3037240014,False,0,False,False,,False,,False
3037240015,False,0,False,False,,False,,False
3037240016,False,0,False,False,,False,,False
3037240017,False,0,False,False,,False,,False
3037240019,False,0,False,False,,False,,False
3037240021,False,0,False,False,,False,,False
3037240023,False,0,False,False,,False,,False
3037240024,False,0,False,False,,False,,False
3037240025,False,0,False,False,,False,,False
3037240026,False,0,False,False,,False,,False
3037240027,False,0,False,False,,False,,False
3037240029,False,2,True,True,bin,False,,False
3037240109,False,0,False,False,,False,,False
3037240110,False,0,False,False,,False,,False
3037250000,True,0,False,False,,False,,False
3037250001,False,1,True,True,bin,False,,False
3037250004,False,0,False,False,,False,,False
3037250005,False,0,False,False,,False,,False
3037250006,False,0,False,False,,False,,False
3037250007,False,0,False,False,,False,,False
3037250008,False,0,False,False,,False,,False
3037250010,False,1,True,True,bbl,False,,False
3037250011,False,0,False,False,,False,,False
3037250012,False,1,True,True,bbl,False,,False
3037250014,False,1,True,True,bin,False,,False
3037250015,False,1,True,True,bin,False,,False
3037250016,False,1,True,True,bin,False,,False
3037250017,False,1,True,True,bin,False,,False
3037250019,False,0,False,False,,False,,False
3037250020,False,0,False,False,,False,,False
3037250021,False,0,False,False,,False,,False
3037250022,False,0,False,False,,False,,False
3037380001,False,0,False,False,,False,,False
3037380003,False,0,False,False,,False,,False
3037380004,False,0,False,False,,False,,False
3037380005,False,1,True,True,bin,False,,False
3037380006,False,0,False,False,,False,,False
3037380007,False,0,False,False,,False,,False
3037380010,False,0,False,False,,False,,False
3037380012,False,0,False,False,,False,,False
3037410015,False,1,True,True,bin,False,,False
3037410016,False,0,False,False,,False,,False
3037410017,False,0,False,False,,False,,False
3037410018,False,0,False,False,,False,,False
3037410019,False,0,False,False,,False,,False
3037410020,False,0,False,False,,False,,False
3037410021,False,0,False,False,,False,,False
3037410022,False,0,False,False,,False,,False
3037410023,False,0,False,False,,False,,False
3037410024,False,0,False,False,,False,,False
3037410025,False,0,False,False,,False,,False
3037410028,False,0,False,False,,False,,False
3037420015,False,0,False,False,,False,,False
3037420016,False,1,True,True,bin,False,,False
3037420018,False,1,True,True,bin,False,,False
3037420020,False,0,False,False,,False,,False
3037420021,False,0,False,False,,False,,False
3037420022,False,0,False,False,,False,,False
3037420023,False,0,False,False,,False,,False
3037420024,False,0,False,False,,False,,False
3039310055,False,0,False,False,,False,,False
3039310057,False,0,False,False,,False,,False
3039310058,False,0,False,False,,False,,False
3039310059,False,0,False,False,,False,,False
3039310060,False,0,False,False,,False,,False
3039310061,False,0,False,False,,False,,False
3039310062,False,0,False,False,,False,,False
3039310063,False,0,False,False,,False,,False
3039310064,False,0,False,False,,False,,False
3039310065,False,0,False,False,,False,,False
3039310159,False,0,False,False,,False,,False
3039310160,False,0,False,False,,False,,False
3039310161,False,0,False,False,,False,,False
3039320001,False,1,True,True,bin,False,,False
3039320002,False,0,False,False,,False,,False
3039320003,False,0,False,False,,False,,False
3039320004,False,0,False,False,,False,,False
3039320149,False,0,False,False,,False,,False
3039320150,False,0,False,False,,False,,False
3039320151,False,0,False,False,,False,,False
3039320152,False,0,False,False,,False,,False
3039320153,False,0,False,False,,False,,False
3039330049,False,0,False,False,,False,,False
3039330051,False,0,False,False,,False,,False
3039330055,False,1,True,True,bin,False,,False
3039340001,False,0,False,False,,False,,False
3039340041,False,1,True,True,bin,False,,False
3039340043,False,0,False,False,,False,,False
3039340045,False,0,False,False,,False,,False
3039340046,False,0,False,False,,False,,False
3039340047,False,1,True,True,bin,False,,False
3039340048,False,0,False,False,,False,,False
3039340049,False,0,False,False,,False,,False
3039340050,False,1,True,True,bin,False,,False
3039340149,False,0,False,False,,False,,False
3039350001,False,0,False,False,,False,,False
3039350042,False,0,False,False,,False,,False
3039350043,False,0,False,False,,False,,False
3039350044,False,0,False,False,,False,,False
3039350048,False,0,False,False,,False,,False
3039350049,False,0,False,False,,False,,False
3039350050,False,0,False,False,,False,,False
3039350051,False,0,False,False,,False,,False
3039350052,False,0,False,False,,False,,False
3039350142,False,0,False,False,,False,,False
3039360001,False,0,False,False,,False,,False
3039360040,False,0,False,False,,False,,False
3039360042,False,0,False,False,,False,,False
3039370037,False,0,False,False,,False,,False
3039370039,False,0,False,False,,False,,False
3039370040,False,0,False,False,,False,,False
3039370041,False,0,False,False,,False,,False
3039370042,False,0,False,False,,False,,False
3039370043,False,0,False,False,,False,,False
3039370044,False,0,False,False,,False,,False
3039370045,False,0,False,False,,False,,False
3039370046,False,0,False,False,,False,,False
3039370047,False,0,False,False,,False,,False
3039380001,False,0,False,False,,False,,False
3039380031,False,0,False,False,,False,,False
3039380033,False,0,False,False,,False,,False
3039380034,False,0,False,False,,False,,False
3039380035,False,0,False,False,,False,,False
3039380036,False,0,False,False,,False,,False
3039380037,False,0,False,False,,False,,False
3039380038,False,0,False,False,,False,,False
3039380039,False,0,False,False,,False,,False
3039380040,False,0,False,False,,False,,False
3039380041,False,0,False,False,,False,,False
3039390001,False,0,False,False,,False,,False
3039390002,False,0,False,False,,False,,False
3039390026,False,0,False,False,,False,,False
3039390027,False,0,False,False,,False,,False
3039390030,False,0,False,False,,False,,False
3039390031,False,0,False,False,,False,,False
3039390032,False,0,False,False,,False,,False
3039390033,False,0,False,False,,False,,False
3039390034,False,0,False,False,,False,,False
3039400001,False,0,False,False,,False,,False
3039400019,False,0,False,False,,False,,False
3039400020,False,0,False,False,,False,,False
3039400021,False,0,False,False,,False,,False
3039400022,False,0,False,False,,False,,False
3039400023,False,0,False,False,,False,,False
3039400024,False,0,False,False,,False,,False
3039400025,False,0,False,False,,False,,False
3039400027,False,0,False,False,,False,,False
3039410016,False,0,False,False,,False,,False
3039410018,False,0,False,False,,False,,False
3039410019,False,1,True,True,bin,False,,False
3039410020,False,0,False,False,,False,,False
3039410021,False,0,False,False,,False,,False
3039410022,False,0,False,False,,False,,False
3039410023,False,0,False,False,,False,,False
3039420000,True,0,False,False,,False,,False
3039420001,False,0,False,False,,False,,False
3039420002,False,0,False,False,,False,,False
3039420004,False,0,False,False,,False,,False
3039420005,False,1,True,True,bin,False,,False
3039420006,False,0,False,False,,False,,False
3039420007,False,0,False,False,,False,,False
3039420008,False,0,False,False,,False,,False
3039420009,False,0,False,False,,False,,False
3039420010,False,0,False,False,,False,,False
3039420012,False,0,False,False,,False,,False
3039420016,False,0,False,False,,False,,False
3039420019,False,0,False,False,,False,,False
3039420021,False,0,False,False,,False,,False
3039430000,True,0,False,False,,False,,False
3039430001,False,0,False,False,,False,,False
3039430004,False,0,False,False,,False,,False
3039430005,False,0,False,False,,False,,False
3039430006,False,0,False,False,,False,,False
3039430007,False,0,False,False,,False,,False
3039430008,False,0,False,False,,False,,False
3039430009,False,0,False,False,,False,,False
3039430016,False,1,True,True,bin,False,,False
3039430017,False,0,False,False,,False,,False
3039430018,False,0,False,False,,False,,False
3039430019,False,0,False,False,,False,,False
3039430020,False,0,False,False,,False,,False
3039430021,False,0,False,False,,False,,False
3039430022,False,0,False,False,,False,,False
3039430023,False,0,False,False,,False,,False
3039440000,True,0,False,False,,False,,False
3039440001,False,0,False,False,,False,,False
3039440002,False,0,False,False,,False,,False
3039440003,False,0,False,False,,False,,False
3039440004,False,0,False,False,,False,,False
3039440005,False,1,True,True,bbl,False,,False
3039440007,False,0,False,False,,False,,False
3039440008,False,0,False,False,,False,,False
3039440009,False,0,False,False,,False,,False
3039440010,False,0,False,False,,False,,False
3039450000,True,0,False,False,,False,,False
3039450001,False,0,False,False,,False,,False
3039450002,False,0,False,False,,False,,False
3039450003,False,0,False,False,,False,,False
3039450004,False,0,False,False,,False,,False
3039450005,False,0,False,False,,False,,False
3039460000,True,0,False,False,,False,,False
3039460001,False,0,False,False,,False,,False
3039460002,False,1,True,True,bin,False,,False
3039460003,False,1,True,True,bin,False,,False
3039460004,False,0,False,False,,False,,False
3039460005,False,0,False,False,,False,,False
3039460006,False,0,False,False,,False,,False
3039460007,False,0,False,False,,False,,False
3039460008,False,0,False,False,,False,,False
3039460009,False,0,False,False,,False,,False
3039460010,False,0,False,False,,False,,False
3039460011,False,0,False,False,,False,,False
3039460012,False,0,False,False,,False,,False
3039460014,False,0,False,False,,False,,False
3039460017,False,0,False,False,,False,,False
3039460018,False,0,False,False,,False,,False
3039460019,False,0,False,False,,False,,False
3039460020,False,0,False,False,,False,,False
3039460022,False,0,False,False,,False,,False
3039460023,False,0,False,False,,False,,False
3039460024,False,0,False,False,,False,,False
3039460025,False,0,False,False,,False,,False
3039460026,False,0,False,False,,False,,False
3039460027,False,0,False,False,,False,,False
3039460028,False,0,False,False,,False,,False
3039460029,False,0,False,False,,False,,False
3039460030,False,0,False,False,,False,,False
3039460032,False,0,False,False,,False,,False
3039460033,False,0,False,False,,False,,False
3039460034,False,0,False,False,,False,,False
3039460035,False,0,False,False,,False,,False
3039460036,False,0,False,False,,False,,False
3039460037,False,1,True,True,bin,False,,False
3039460039,False,1,True,True,bin,False,,False
3039460040,False,0,False,False,,False,,False
3039460041,False,0,False,False,,False,,False
3039460042,False,1,True,True,bin,False,,False
3039460045,False,3,True,True,bin,False,,False
3039460047,False,0,False,False,,False,,False
3039460138,False,0,False,False,,False,,False
3039470000,True,0,False,False,,False,,False
3039470001,False,0,False,False,,False,,False
3039470005,False,0,False,False,,False,,False
3039470009,False,1,True,True,bbl,False,,False
3039470010,False,0,False,False,,False,,False
3039470011,False,0,False,False,,False,,False
3039470012,False,0,False,False,,False,,False
3039470017,False,0,False,False,,False,,False
3039470022,False,1,True,True,bin,False,,False
3039470028,False,0,False,False,,False,,False
3039470029,False,0,False,False,,False,,False
3039470030,False,0,False,False,,False,,False
3039470031,False,0,False,False,,False,,False
3039470032,False,0,False,False,,False,,False
3039470033,False,0,False,False,,False,,False
3039470034,False,0,False,False,,False,,False
3039470035,False,0,False,False,,False,,False
3039470036,False,0,False,False,,False,,False
3039470037,False,0,False,False,,False,,False
3039470038,False,0,False,False,,False,,False
3039470110,False,0,False,False,,False,,False
3039480000,True,0,False,False,,False,,False
3039480001,False,0,False,False,,False,,False
3039480002,False,0,False,False,,False,,False
3039480003,False,0,False,False,,False,,False
3039480006,False,0,False,False,,False,,False
3039480007,False,0,False,False,,False,,False
3039480008,False,0,False,False,,False,,False
3039480009,False,0,False,False,,False,,False
3039480011,False,1,True,True,bbl,False,,False
3039480012,False,1,True,True,bin,False,,False
3039480014,False,0,False,False,,False,,False
3039480015,False,0,False,False,,False,,False
3039480016,False,0,False,False,,False,,False
3039480017,False,1,True,True,bin,False,,False
3039480018,False,0,False,False,,False,,False
3039480019,False,0,False,False,,False,,False
3039480020,False,0,False,False,,False,,False
3039480021,False,0,False,False,,False,,False
3039480022,False,0,False,False,,False,,False
3039480023,False,0,False,False,,False,,False
3039480024,False,0,False,False,,False,,False
3039480025,False,0,False,False,,False,,False
3039480026,False,0,False,False,,False,,False
3039480027,False,0,False,False,,False,,False
3039480028,False,0,False,False,,False,,False
3039480029,False,0,False,False,,False,,False
3039480030,False,0,False,False,,False,,False
3039480031,False,0,False,False,,False,,False
3039480032,False,0,False,False,,False,,False
3039480033,False,0,False,False,,False,,False
3039480035,False,0,False,False,,False,,False
3039480036,False,0,False,False,,False,,False
3039480037,False,0,False,False,,False,,False
3039480043,False,1,True,True,bin,False,,False
3039480115,False,0,False,False,,False,,False
3039480116,False,0,False,False,,False,,False
3039480119,False,0,False,False,,False,,False
3039480125,False,0,False,False,,False,,False
3039480126,False,0,False,False,,False,,False
3039480134,False,0,False,False,,False,,False
3039490000,True,0,False,False,,False,,False
3039490001,False,0,False,False,,False,,False
3039490007,False,0,False,False,,False,,False
3039490008,False,0,False,False,,False,,False
3039490009,False,0,False,False,,False,,False
3039490010,False,0,False,False,,False,,False
3039490011,False,0,False,False,,False,,False
3039490012,False,0,False,False,,False,,False
3039490014,False,0,False,False,,False,,False
3039490015,False,0,False,False,,False,,False
3039490018,False,0,False,False,,False,,False
3039490028,False,0,False,False,,False,,False
3039490029,False,0,False,False,,False,,False
3039490030,False,0,False,False,,False,,False
3039490031,False,0,False,False,,False,,False
3039490032,False,0,False,False,,False,,False
3039490033,False,0,False,False,,False,,False
3039490034,False,0,False,False,,False,,False
3039490035,False,0,False,False,,False,,False
3039490036,False,0,False,False,,False,,False
3039490037,False,0,False,False,,False,,False
3039490038,False,0,False,False,,False,,False
3039490039,False,0,False,False,,False,,False
3039490040,False,0,False,False,,False,,False
3039490042,False,0,False,False,,False,,False
3039490044,False,0,False,False,,False,,False
3039490045,False,0,False,False,,False,,False
3039500000,True,0,False,False,,False,,False
3039500001,False,0,False,False,,False,,False
3039500002,False,0,False,False,,False,,False
3039500004,False,0,False,False,,False,,False
3039500005,False,0,False,False,,False,,False
3039500007,False,1,True,True,bbl,False,,False
3039500008,False,0,False,False,,False,,False
3039500011,False,0,False,False,,False,,False
3039500013,False,0,False,False,,False,,False
3039500015,False,0,False,False,,False,,False
3039500016,False,0,False,False,,False,,False
3039500017,False,0,False,False,,False,,False
3039500021,False,0,False,False,,False,,False
3039500022,False,0,False,False,,False,,False
3039500023,False,0,False,False,,False,,False
3039500024,False,0,False,False,,False,,False
3039500025,False,0,False,False,,False,,False
3039500026,False,0,False,False,,False,,False
3039500027,False,0,False,False,,False,,False
3039500028,False,0,False,False,,False,,False
3039500029,False,0,False,False,,False,,False
3039500030,False,0,False,False,,False,,False
3039500031,False,0,False,False,,False,,False
3039500032,False,0,False,False,,False,,False
3039500033,False,0,False,False,,False,,False
3039500034,False,0,False,False,,False,,False
3039500035,False,0,False,False,,False,,False
3039500036,False,0,False,False,,False,,False
3039500037,False,0,False,False,,False,,False
3039500038,False,0,False,False,,False,,False
3039500039,False,0,False,False,,False,,False
3039500041,False,0,False,False,,False,,False
3039500043,False,0,False,False,,False,,False
3039500044,False,0,False,False,,False,,False
3039500046,False,0,False,False,,False,,False
3039500047,False,1,True,True,bbl,False,,False
3039500050,False,0,False,False,,False,,False
3039500125,False,0,False,False,,False,,False
3039510000,True,0,False,False,,False,,False
3039510001,False,0,False,False,,False,,False
3039510002,False,0,False,False,,False,,False
3039510003,False,0,False,False,,False,,False
3039510004,False,0,False,False,,False,,False
3039510005,False,0,False,False,,False,,False
3039510006,False,0,False,False,,False,,False
3039510007,False,0,False,False,,False,,False
3039510008,False,0,False,False,,False,,False
3039510010,False,0,False,False,,False,,False
3039510011,False,0,False,False,,False,,False
3039510012,False,0,False,False,,False,,False
3039510013,False,0,False,False,,False,,False
3039510017,False,0,False,False,,False,,False
3039510018,False,0,False,False,,False,,False
3039510019,False,0,False,False,,False,,False
3039510020,False,0,False,False,,False,,False
3039510021,False,0,False,False,,False,,False
3039510022,False,0,False,False,,False,,False
3039510023,False,0,False,False,,False,,False
3039510024,False,0,False,False,,False,,False
3039510025,False,0,False,False,,False,,False
3039510026,False,0,False,False,,False,,False
3039510027,False,0,False,False,,False,,False
3039510028,False,0,False,False,,False,,False
3039510029,False,0,False,False,,False,,False
3039510030,False,0,False,False,,False,,False
3039510031,False,0,False,False,,False,,False
3039510032,False,0,False,False,,False,,False
3039510033,False,0,False,False,,False,,False
3039510034,False,0,False,False,,False,,False
3039510035,False,0,False,False,,False,,False
3039510036,False,0,False,False,,False,,False
3039510037,False,0,False,False,,False,,False
3039510038,False,0,False,False,,False,,False
3039510039,False,0,False,False,,False,,False
3039510040,False,0,False,False,,False,,False
3039510042,False,0,False,False,,False,,False
3039520000,True,0,False,False,,False,,False
3039520001,False,0,False,False,,False,,False
3039520002,False,0,False,False,,False,,False
3039520003,False,0,False,False,,False,,False
3039520004,False,1,True,True,bin,False,,False
3039520005,False,0,False,False,,False,,False
3039520006,False,0,False,False,,False,,False
3039520007,False,0,False,False,,False,,False
3039520008,False,0,False,False,,False,,False
3039520009,False,0,False,False,,False,,False
3039520010,False,0,False,False,,False,,False
3039520011,False,0,False,False,,False,,False
3039520012,False,0,False,False,,False,,False
3039520013,False,0,False,False,,False,,False
3039520014,False,0,False,False,,False,,False
3039520015,False,0,False,False,,False,,False
3039520016,False,0,False,False,,False,,False
3039520017,False,0,False,False,,False,,False
3039520018,False,0,False,False,,False,,False
3039520019,False,0,False,False,,False,,False
3039520020,False,1,True,True,bin,False,,False
3039520021,False,0,False,False,,False,,False
3039520022,False,1,True,True,bin,False,,False
3039520023,False,2,True,True,bin,False,,False
3039520026,False,0,False,False,,False,,False
3039520027,False,1,True,True,bin,False,,False
3039520028,False,0,False,False,,False,,False
3039520029,False,0,False,False,,False,,False
3039520030,False,0,False,False,,False,,False
3039520031,False,0,False,False,,False,,False
3039520032,False,0,False,False,,False,,False
3039520033,False,0,False,False,,False,,False
3039520034,False,0,False,False,,False,,False
3039520035,False,0,False,False,,False,,False
3039520036,False,0,False,False,,False,,False
3039520037,False,0,False,False,,False,,False
3039520038,False,0,False,False,,False,,False
3039520039,False,0,False,False,,False,,False
3039520040,False,0,False,False,,False,,False
3039520042,False,1,True,True,bin,False,,False
3039520045,False,0,False,False,,False,,False
3039520047,False,0,False,False,,False,,False
3039530000,True,0,False,False,,False,,False
3039530001,False,0,False,False,,False,,False
3039530003,False,0,False,False,,False,,False
3039530004,False,0,False,False,,False,,False
3039530005,False,0,False,False,,False,,False
3039530006,False,0,False,False,,False,,False
3039530007,False,0,False,False,,False,,False
3039530008,False,0,False,False,,False,,False
3039530009,False,0,False,False,,False,,False
3039530010,False,0,False,False,,False,,False
3039530011,False,0,False,False,,False,,False
3039530012,False,0,False,False,,False,,False
3039530013,False,0,False,False,,False,,False
3039530014,False,0,False,False,,False,,False
3039530015,False,0,False,False,,False,,False
3039530016,False,0,False,False,,False,,False
3039530017,False,0,False,False,,False,,False
3039530018,False,0,False,False,,False,,False
3039530020,False,0,False,False,,False,,False
3039530021,False,0,False,False,,False,,False
3039530022,False,0,False,False,,False,,False
3039530023,False,0,False,False,,False,,False
3039530024,False,0,False,False,,False,,False
3039530025,False,0,False,False,,False,,False
3039530026,False,0,False,False,,False,,False
3039530027,False,0,False,False,,False,,False
3039530029,False,0,False,False,,False,,False
3039530030,False,0,False,False,,False,,False
3039530031,False,0,False,False,,False,,False
3039530032,False,0,False,False,,False,,False
3039530033,False,0,False,False,,False,,False
3039530034,False,0,False,False,,False,,False
3039530035,False,0,False,False,,False,,False
3039530036,False,0,False,False,,False,,False
3039530037,False,0,False,False,,False,,False
3039530038,False,0,False,False,,False,,False
3039530039,False,0,False,False,,False,,False
3039530040,False,0,False,False,,False,,False
3039530041,False,0,False,False,,False,,False
3039530042,False,0,False,False,,False,,False
3039530043,False,0,False,False,,False,,False
3039530045,False,0,False,False,,False,,False
3039530051,False,0,False,False,,False,,False
3039530052,False,0,False,False,,False,,False
3039530059,False,1,True,True,bin,False,,False
3039530060,False,0,False,False,,False,,False
3039540000,True,0,False,False,,False,,False
3039540001,False,0,False,False,,False,,False
3039540002,False,0,False,False,,False,,False
3039540003,False,0,False,False,,False,,False
3039540004,False,0,False,False,,False,,False
3039540005,False,0,False,False,,False,,False
3039540006,False,0,False,False,,False,,False
3039540007,False,0,False,False,,False,,False
3039540008,False,0,False,False,,False,,False
3039540010,False,0,False,False,,False,,False
3039540011,False,0,False,False,,False,,False
3039540012,False,0,False,False,,False,,False
3039540014,False,0,False,False,,False,,False
3039540015,False,0,False,False,,False,,False
3039540017,False,0,False,False,,False,,False
3039540018,False,1,True,True,bin,False,,False
3039540019,False,1,True,True,bin,False,,False
3039540020,False,0,False,False,,False,,False
3039540021,False,0,False,False,,False,,False
3039540022,False,0,False,False,,False,,False
3039540023,False,0,False,False,,False,,False
3039540024,False,0,False,False,,False,,False
3039540025,False,0,False,False,,False,,False
3039540027,False,0,False,False,,False,,False
3039540028,False,0,False,False,,False,,False
3039540029,False,0,False,False,,False,,False
3039540030,False,0,False,False,,False,,False
3039540031,False,0,False,False,,False,,False
3039540032,False,0,False,False,,False,,False
3039540033,False,0,False,False,,False,,False
3039540034,False,0,False,False,,False,,False
3039540035,False,0,False,False,,False,,False
3039540036,False,0,False,False,,False,,False
3039540037,False,0,False,False,,False,,False
3039540038,False,0,False,False,,False,,False
3039540039,False,0,False,False,,False,,False
3039540040,False,0,False,False,,False,,False
3039540041,False,0,False,False,,False,,False
3039540042,False,0,False,False,,False,,False
3039540043,False,0,False,False,,False,,False
3039540045,False,0,False,False,,False,,False
3039540055,False,0,False,False,,False,,False
3039550000,True,0,False,False,,False,,False
3039550001,False,0,False,False,,False,,False
3039550002,False,0,False,False,,False,,False
3039550003,False,0,False,False,,False,,False
3039550004,False,0,False,False,,False,,False
3039550005,False,0,False,False,,False,,False
3039550006,False,0,False,False,,False,,False
3039550007,False,0,False,False,,False,,False
3039550008,False,0,False,False,,False,,False
3039550009,False,0,False,False,,False,,False
3039550010,False,0,False,False,,False,,False
3039550011,False,0,False,False,,False,,False
3039550012,False,0,False,False,,False,,False
3039550013,False,0,False,False,,False,,False
3039550014,False,0,False,False,,False,,False
3039550015,False,0,False,False,,False,,False
3039550016,False,0,False,False,,False,,False
3039550018,False,0,False,False,,False,,False
3039550019,False,0,False,False,,False,,False
3039550020,False,0,False,False,,False,,False
3039550021,False,0,False,False,,False,,False
3039550022,False,0,False,False,,False,,False
3039550023,False,0,False,False,,False,,False
3039550024,False,0,False,False,,False,,False
3039550025,False,0,False,False,,False,,False
3039550027,False,0,False,False,,False,,False
3039550028,False,0,False,False,,False,,False
3039550029,False,0,False,False,,False,,False
3039550030,False,0,False,False,,False,,False
3039550031,False,0,False,False,,False,,False
3039550032,False,0,False,False,,False,,False
3039550033,False,0,False,False,,False,,False
3039550034,False,0,False,False,,False,,False
3039550035,False,0,False,False,,False,,False
3039550036,False,0,False,False,,False,,False
3039550037,False,0,False,False,,False,,False
3039550038,False,0,False,False,,False,,False
3039550039,False,0,False,False,,False,,False
3039550040,False,0,False,False,,False,,False
3039550041,False,0,False,False,,False,,False
3039550042,False,0,False,False,,False,,False
3039550044,False,0,False,False,,False,,False
3039550045,False,0,False,False,,False,,False
3039550046,False,0,False,False,,False,,False
3039550047,False,0,False,False,,False,,False
3039550048,False,0,False,False,,False,,False
3039550049,False,0,False,False,,False,,False
3039550052,False,0,False,False,,False,,False
3039550053,False,0,False,False,,False,,False
3039550054,False,0,False,False,,False,,False
3039550154,False,0,False,False,,False,,False
3039560000,True,0,False,False,,False,,False
3039560001,False,0,False,False,,False,,False
3039560005,False,0,False,False,,False,,False
3039560006,False,0,False,False,,False,,False
3039560007,False,0,False,False,,False,,False
3039560008,False,0,False,False,,False,,False
3039560009,False,0,False,False,,False,,False
3039560010,False,0,False,False,,False,,False
3039560012,False,0,False,False,,False,,False
3039560013,False,0,False,False,,False,,False
3039560014,False,0,False,False,,False,,False
3039560015,False,0,False,False,,False,,False
3039560016,False,0,False,False,,False,,False
3039560018,False,0,False,False,,False,,False
3039560019,False,0,False,False,,False,,False
3039560021,False,0,False,False,,False,,False
3039560023,False,0,False,False,,False,,False
3039560024,False,0,False,False,,False,,False
3039560025,False,0,False,False,,False,,False
3039560028,False,0,False,False,,False,,False
3039560031,False,0,False,False,,False,,False
3039560032,False,0,False,False,,False,,False
3039560033,False,0,False,False,,False,,False
3039560034,False,0,False,False,,False,,False
3039560035,False,0,False,False,,False,,False
3039560036,False,0,False,False,,False,,False
3039560037,False,0,False,False,,False,,False
3039560038,False,0,False,False,,False,,False
3039560039,False,0,False,False,,False,,False
3039560040,False,0,False,False,,False,,False
3039560043,False,0,False,False,,False,,False
3039560048,False,0,False,False,,False,,False
3039560050,False,0,False,False,,False,,False
3039560051,False,0,False,False,,False,,False
3039560053,False,0,False,False,,False,,False
3039560054,False,0,False,False,,False,,False
3039560055,False,0,False,False,,False,,False
3039560056,False,0,False,False,,False,,False
3039560057,False,0,False,False,,False,,False
3039560059,False,1,True,True,bin,False,,False
3039560061,False,0,False,False,,False,,False
3039560062,False,0,False,False,,False,,False
3039560063,False,0,False,False,,False,,False
3039560064,False,0,False,False,,False,,False
3039560065,False,0,False,False,,False,,False
3039560066,False,0,False,False,,False,,False
3039560068,False,0,False,False,,False,,False
3039560069,False,0,False,False,,False,,False
3039560070,False,0,False,False,,False,,False
3039560071,False,0,False,False,,False,,False
3039570000,True,0,False,False,,False,,False
3039570001,False,2,True,True,bbl,False,,False
3039570002,False,0,False,False,,False,,False
3039570003,False,0,False,False,,False,,False
3039570004,False,1,True,True,bbl,False,,False
3039570005,False,0,False,False,,False,,False
3039570006,False,0,False,False,,False,,False
3039570007,False,0,False,False,,False,,False
3039570008,False,0,False,False,,False,,False
3039570009,False,0,False,False,,False,,False
3039570010,False,0,False,False,,False,,False
3039570012,False,0,False,False,,False,,False
3039570013,False,0,False,False,,False,,False
3039570014,False,0,False,False,,False,,False
3039570015,False,0,False,False,,False,,False
3039570016,False,0,False,False,,False,,False
3039570017,False,0,False,False,,False,,False
3039570021,False,0,False,False,,False,,False
3039570023,False,0,False,False,,False,,False
3039570024,False,0,False,False,,False,,False
3039570025,False,0,False,False,,False,,False
3039570026,False,0,False,False,,False,,False
3039570029,False,0,False,False,,False,,False
3039570030,False,0,False,False,,False,,False
3039570031,False,0,False,False,,False,,False
3039570032,False,0,False,False,,False,,False
3039570033,False,0,False,False,,False,,False
3039570034,False,0,False,False,,False,,False
3039570035,False,1,True,True,bin,False,,False
3039570036,False,0,False,False,,False,,False
3039570037,False,1,True,True,bin,False,,False
3039570038,False,0,False,False,,False,,False
3039570039,False,0,False,False,,False,,False
3039570040,False,0,False,False,,False,,False
3039570041,False,0,False,False,,False,,False
3039570042,False,0,False,False,,False,,False
3039570045,False,0,False,False,,False,,False
3039570049,False,0,False,False,,False,,False
3039570053,False,1,True,True,bin,False,,False
3039580000,True,0,False,False,,False,,False
3039580001,False,0,False,False,,False,,False
3039580002,False,0,False,False,,False,,False
3039580003,False,0,False,False,,False,,False
3039580005,False,0,False,False,,False,,False
3039580006,False,0,False,False,,False,,False
3039580007,False,0,False,False,,False,,False
3039580008,False,0,False,False,,False,,False
3039580009,False,0,False,False,,False,,False
3039580010,False,0,False,False,,False,,False
3039580011,False,1,True,True,bin,False,,False
3039580012,False,0,False,False,,False,,False
3039580013,False,0,False,False,,False,,False
3039580014,False,0,False,False,,False,,False
3039580015,False,0,False,False,,False,,False
3039580016,False,0,False,False,,False,,False
3039580017,False,0,False,False,,False,,False
3039580018,False,0,False,False,,False,,False
3039580020,False,0,False,False,,False,,False
3039580025,False,0,False,False,,False,,False
3039580026,False,0,False,False,,False,,False
3039580027,False,0,False,False,,False,,False
3039580028,False,0,False,False,,False,,False
3039580029,False,0,False,False,,False,,False
3039580030,False,0,False,False,,False,,False
3039580038,False,0,False,False,,False,,False
3039580039,False,0,False,False,,False,,False
3039580040,False,0,False,False,,False,,False
3039580041,False,0,False,False,,False,,False
3039580042,False,0,False,False,,False,,False
3039580043,False,0,False,False,,False,,False
3039580044,False,0,False,False,,False,,False
3039580045,False,0,False,False,,False,,False
3039580046,False,0,False,False,,False,,False
3039580047,False,0,False,False,,False,,False
3039580049,False,2,True,True,bbl,False,,False
3039580131,False,0,False,False,,False,,False
3039580132,False,0,False,False,,False,,False
3039580133,False,0,False,False,,False,,False
3039580134,False,0,False,False,,False,,False
3039580135,False,0,False,False,,False,,False
3039580136,False,0,False,False,,False,,False
3039580137,False,0,False,False,,False,,False
3039580138,False,0,False,False,,False,,False
3039580139,False,0,False,False,,False,,False
3039580143,False,0,False,False,,False,,False
3039590000,True,0,False,False,,False,,False
3039590001,False,0,False,False,,False,,False
3039590002,False,0,False,False,,False,,False
3039590003,False,0,False,False,,False,,False
3039590004,False,0,False,False,,False,,False
3039590005,False,0,False,False,,False,,False
3039590006,False,0,False,False,,False,,False
3039590007,False,0,False,False,,False,,False
3039590009,False,0,False,False,,False,,False
3039590010,False,0,False,False,,False,,False
3039590011,False,1,True,True,bin,False,,False
3039590014,False,0,False,False,,False,,False
3039590015,False,0,False,False,,False,,False
3039590016,False,0,False,False,,False,,False
3039590018,False,0,False,False,,False,,False
3039590026,False,0,False,False,,False,,False
3039590027,False,0,False,False,,False,,False
3039590028,False,0,False,False,,False,,False
3039590029,False,0,False,False,,False,,False
3039590030,False,0,False,False,,False,,False
3039590031,False,0,False,False,,False,,False
3039590032,False,0,False,False,,False,,False
3039590033,False,0,False,False,,False,,False
3039590034,False,0,False,False,,False,,False
3039590035,False,0,False,False,,False,,False
3039590036,False,0,False,False,,False,,False
3039590037,False,0,False,False,,False,,False
3039590038,False,0,False,False,,False,,False
3039590039,False,0,False,False,,False,,False
3039590040,False,0,False,False,,False,,False
3039590041,False,0,False,False,,False,,False
3039590042,False,0,False,False,,False,,False
3039590043,False,0,False,False,,False,,False
3039590044,False,0,False,False,,False,,False
3039590045,False,0,False,False,,False,,False
3039590046,False,0,False,False,,False,,False
3039590047,False,0,False,False,,False,,False
3039590048,False,0,False,False,,False,,False
3039590052,False,0,False,False,,False,,False
3039590054,False,0,False,False,,False,,False
3039590137,False,0,False,False,,False,,False
3039600000,True,0,False,False,,False,,False
3039600001,False,0,False,False,,False,,False
3039600003,False,0,False,False,,False,,False
3039600005,False,1,True,True,bbl,False,,False
3039600006,False,0,False,False,,False,,False
3039600007,False,0,False,False,,False,,False
3039600008,False,0,False,False,,False,,False
3039600009,False,0,False,False,,False,,False
3039600010,False,0,False,False,,False,,False
3039600011,False,0,False,False,,False,,False
3039600012,False,0,False,False,,False,,False
3039600013,False,0,False,False,,False,,False
3039600014,False,0,False,False,,False,,False
3039600015,False,0,False,False,,False,,False
3039600016,False,0,False,False,,False,,False
3039600017,False,0,False,False,,False,,False
3039600018,False,0,False,False,,False,,False
3039600019,False,0,False,False,,False,,False
3039600021,False,0,False,False,,False,,False
3039600025,False,0,False,False,,False,,False
3039600026,False,0,False,False,,False,,False
3039600027,False,0,False,False,,False,,False
3039600028,False,0,False,False,,False,,False
3039600029,False,0,False,False,,False,,False
3039600030,False,0,False,False,,False,,False
3039600031,False,0,False,False,,False,,False
3039600033,False,0,False,False,,False,,False
3039600034,False,0,False,False,,False,,False
3039600035,False,0,False,False,,False,,False
3039600036,False,0,False,False,,False,,False
3039600037,False,0,False,False,,False,,False
3039600038,False,0,False,False,,False,,False
3039600039,False,0,False,False,,False,,False
3039600040,False,0,False,False,,False,,False
3039600041,False,0,False,False,,False,,False
3039600042,False,0,False,False,,False,,False
3039600043,False,0,False,False,,False,,False
3039600044,False,0,False,False,,False,,False
3039600045,False,0,False,False,,False,,False
3039600046,False,1,True,True,bin,False,,False
3039600047,False,0,False,False,,False,,False
3039600050,False,0,False,False,,False,,False
3039600058,False,0,False,False,,False,,False
3039600065,False,1,True,True,bin,False,,False
3039600068,False,0,False,False,,False,,False
3039600069,False,0,False,False,,False,,False
3039600070,False,0,False,False,,False,,False
3039600071,False,0,False,False,,False,,False
3039600072,False,0,False,False,,False,,False
3039600108,False,0,False,False,,False,,False
3039600109,False,0,False,False,,False,,False
3039600127,False,0,False,False,,False,,False
3039610000,True,0,False,False,,False,,False
3039610001,False,0,False,False,,False,,False
3039610003,False,0,False,False,,False,,False
3039610005,False,0,False,False,,False,,False
3039610007,False,0,False,False,,False,,False
3039610009,False,1,True,True,bin,False,,False
3039610010,False,0,False,False,,False,,False
3039610011,False,0,False,False,,False,,False
3039610012,False,0,False,False,,False,,False
3039610015,False,0,False,False,,False,,False
3039610016,False,0,False,False,,False,,False
3039610018,False,0,False,False,,False,,False
3039610020,False,0,False,False,,False,,False
3039610021,False,0,False,False,,False,,False
3039610022,False,0,False,False,,False,,False
3039610023,False,0,False,False,,False,,False
3039610024,False,0,False,False,,False,,False
3039610026,False,0,False,False,,False,,False
3039610027,False,0,False,False,,False,,False
3039610029,False,0,False,False,,False,,False
3039610030,False,0,False,False,,False,,False
3039610031,False,0,False,False,,False,,False
3039610032,False,1,True,True,bin,False,,False
3039610033,False,0,False,False,,False,,False
3039610113,False,0,False,False,,False,,False
3039620000,True,0,False,False,,False,,False
3039620001,False,0,False,False,,False,,False
3039620002,False,0,False,False,,False,,False
3039620004,False,0,False,False,,False,,False
3039620005,False,0,False,False,,False,,False
3039620006,False,0,False,False,,False,,False
3039620008,False,0,False,False,,False,,False
3039620009,False,0,False,False,,False,,False
3039620030,False,0,False,False,,False,,False
3039620031,False,0,False,False,,False,,False
3039620032,False,0,False,False,,False,,False
3039620033,False,0,False,False,,False,,False
3039620034,False,0,False,False,,False,,False
3039630000,True,0,False,False,,False,,False
3039630001,False,0,False,False,,False,,False
3039630002,False,0,False,False,,False,,False
3039630003,False,0,False,False,,False,,False
3039630005,False,0,False,False,,False,,False
3039630006,False,0,False,False,,False,,False
3039630007,False,0,False,False,,False,,False
3039630008,False,0,False,False,,False,,False
3039630014,False,0,False,False,,False,,False
3039630015,False,0,False,False,,False,,False
3039630016,False,0,False,False,,False,,False
3039630018,False,0,False,False,,False,,False
3039630020,False,0,False,False,,False,,False
3039630021,False,2,True,True,bbl,False,,False
3039630022,False,0,False,False,,False,,False
3039630023,False,0,False,False,,False,,False
3039630024,False,0,False,False,,False,,False
3039630026,False,1,True,True,bin,False,,False
3039630029,False,0,False,False,,False,,False
3039630030,False,0,False,False,,False,,False
3039630031,False,0,False,False,,False,,False
3039630032,False,0,False,False,,False,,False
3039630033,False,1,True,True,bin,False,,False
3039640000,True,0,False,False,,False,,False
3039640001,False,0,False,False,,False,,False
3039640002,False,0,False,False,,False,,False
3039640003,False,0,False,False,,False,,False
3039640024,False,0,False,False,,False,,False
3039640025,False,0,False,False,,False,,False
3039640026,False,0,False,False,,False,,False
3039640027,False,0,False,False,,False,,False
3039640029,False,0,False,False,,False,,False
3039640030,False,0,False,False,,False,,False
3039640031,False,0,False,False,,False,,False
3039640033,False,0,False,False,,False,,False
3039640034,False,0,False,False,,False,,False
3039640035,False,0,False,False,,False,,False
3039647501,False,1,True,True,bbl,False,,False
3039650000,True,0,False,False,,False,,False
3039650001,False,0,False,False,,False,,False
3039650003,False,0,False,False,,False,,False
3039650004,False,0,False,False,,False,,False
3039650005,False,0,False,False,,False,,False
3039650006,False,0,False,False,,False,,False
3039650007,False,0,False,False,,False,,False
3039650009,False,0,False,False,,False,,False
3039650010,False,0,False,False,,False,,False
3039650011,False,1,True,True,bin,False,,False
3039650020,False,0,False,False,,False,,False
3039650021,False,0,False,False,,False,,False
3039650022,False,0,False,False,,False,,False
3039650023,False,0,False,False,,False,,False
3039650024,False,0,False,False,,False,,False
3039650025,False,0,False,False,,False,,False
3039650026,False,0,False,False,,False,,False
3039650027,False,0,False,False,,False,,False
3039650028,False,0,False,False,,False,,False
3039650030,False,0,False,False,,False,,False
3039650031,False,1,True,True,bin,False,,False
3039650032,False,0,False,False,,False,,False
3039650033,False,0,False,False,,False,,False
3039660000,True,0,False,False,,False,,False
3039660001,False,0,False,False,,False,,False
3039660012,False,0,False,False,,False,,False
3039660013,False,0,False,False,,False,,False
3039660014,False,0,False,False,,False,,False
3039660015,False,0,False,False,,False,,False
3039660016,False,0,False,False,,False,,False
3039660019,False,0,False,False,,False,,False
3039670000,True,0,False,False,,False,,False
3039670001,False,0,False,False,,False,,False
3039670007,False,0,False,False,,False,,False
3039670008,False,0,False,False,,False,,False
3039670009,False,0,False,False,,False,,False
3039670010,False,1,True,True,bbl,False,,False
3039670013,False,0,False,False,,False,,False
3039670015,False,1,True,True,bin,False,,False
3039670019,False,0,False,False,,False,,False
3039670020,False,0,False,False,,False,,False
3039670021,False,0,False,False,,False,,False
3039670022,False,0,False,False,,False,,False
3039670024,False,0,False,False,,False,,False
3039670025,False,0,False,False,,False,,False
3039670029,False,0,False,False,,False,,False
3039670030,False,0,False,False,,False,,False
3039670033,False,1,True,True,bin,False,,False
3039670037,False,2,True,True,bbl,False,,False
3039670038,False,1,True,True,bbl,False,,False
3039680000,True,0,False,False,,False,,False
3039680001,False,0,False,False,,False,,False
3039680002,False,0,False,False,,False,,False
3039680003,False,0,False,False,,False,,False
3039680005,False,0,False,False,,False,,False
3039680036,False,0,False,False,,False,,False
3039680037,False,1,True,True,bin,False,,False
3039680038,False,0,False,False,,False,,False
3039680039,False,0,False,False,,False,,False
3039680040,False,0,False,False,,False,,False
3039680041,False,0,False,False,,False,,False
3039680042,False,0,False,False,,False,,False
3039690000,True,0,False,False,,False,,False
3039690001,False,0,False,False,,False,,False
3039690016,False,0,False,False,,False,,False
3039690020,False,0,False,False,,False,,False
3039690022,False,0,False,False,,False,,False
3039690025,False,0,False,False,,False,,False
3039710000,True,0,False,False,,False,,False
3039710001,False,0,False,False,,False,,False
3039710002,False,0,False,False,,False,,False
3039710003,False,0,False,False,,False,,False
3039710004,False,0,False,False,,False,,False
3039710005,False,0,False,False,,False,,False
3039710006,False,0,False,False,,False,,False
3039710007,False,0,False,False,,False,,False
3039710008,False,0,False,False,,False,,False
3039710009,False,0,False,False,,False,,False
3039710010,False,0,False,False,,False,,False
3039710011,False,0,False,False,,False,,False
3039710013,False,0,False,False,,False,,False
3039710014,False,0,False,False,,False,,False
3039710015,False,0,False,False,,False,,False
3039710016,False,0,False,False,,False,,False
3039710019,False,1,True,True,bin,False,,False
3039710024,False,0,False,False,,False,,False
3039710025,False,0,False,False,,False,,False
3039710026,False,0,False,False,,False,,False
3039710029,False,0,False,False,,False,,False
3039710030,False,0,False,False,,False,,False
3039710031,False,1,True,True,bbl,False,,False
3039710033,False,0,False,False,,False,,False
3039710034,False,0,False,False,,False,,False
3039710035,False,0,False,False,,False,,False
3039710036,False,0,False,False,,False,,False
3039710037,False,0,False,False,,False,,False
3039710038,False,0,False,False,,False,,False
3039710039,False,0,False,False,,False,,False
3039710040,False,0,False,False,,False,,False
3039710041,False,0,False,False,,False,,False
3039710042,False,0,False,False,,False,,False
3039710043,False,0,False,False,,False,,False
3039710044,False,0,False,False,,False,,False
3039710045,False,0,False,False,,False,,False
3039710046,False,0,False,False,,False,,False
3039710047,False,2,True,True,bin,False,,False
3039710049,False,3,True,True,bin,False,,False
3039710050,False,2,True,True,bin,False,,False
3039710051,False,2,True,True,bin,False,,False
3039710052,False,0,False,False,,False,,False
3039710053,False,0,False,False,,False,,False
3039710054,False,0,False,False,,False,,False
3039720000,True,0,False,False,,False,,False
3039720001,False,1,True,True,bin,False,,False
3039720004,False,0,False,False,,False,,False
3039720005,False,1,True,True,bin,False,,False
3039720007,False,0,False,False,,False,,False
3039720008,False,0,False,False,,False,,False
3039720009,False,0,False,False,,False,,False
3039720011,False,0,False,False,,False,,False
3039720012,False,0,False,False,,False,,False
3039720017,False,0,False,False,,False,,False
3039720018,False,0,False,False,,False,,False
3039720020,False,1,True,True,bin,False,,False
3039720022,False,0,False,False,,False,,False
3039720045,False,0,False,False,,False,,False
3039720046,False,0,False,False,,False,,False
3039720047,False,0,False,False,,False,,False
3039720048,False,0,False,False,,False,,False
3039720049,False,0,False,False,,False,,False
3039720050,False,0,False,False,,False,,False
3039720051,False,0,False,False,,False,,False
3039720052,False,0,False,False,,False,,False
3039720053,False,0,False,False,,False,,False
3039720054,False,0,False,False,,False,,False
3039720055,False,0,False,False,,False,,False
3039720056,False,0,False,False,,False,,False
3039720057,False,0,False,False,,False,,False
3039720059,False,0,False,False,,False,,False
3039720105,False,1,True,True,bin,False,,False
3039720152,False,0,False,False,,False,,False
3039730000,True,0,False,False,,False,,False
3039730001,False,0,False,False,,False,,False
3039730004,False,0,False,False,,False,,False
3039730005,False,0,False,False,,False,,False
3039730006,False,0,False,False,,False,,False
3039730007,False,0,False,False,,False,,False
3039730008,False,0,False,False,,False,,False
3039730009,False,0,False,False,,False,,False
3039730010,False,0,False,False,,False,,False
3039730011,False,0,False,False,,False,,False
3039730012,False,0,False,False,,False,,False
3039730013,False,0,False,False,,False,,False
3039730014,False,0,False,False,,False,,False
3039730015,False,0,False,False,,False,,False
3039730022,False,0,False,False,,False,,False
3039730024,False,0,False,False,,False,,False
3039730038,False,0,False,False,,False,,False
3039730045,False,0,False,False,,False,,False
3039730046,False,0,False,False,,False,,False
3039730050,False,2,True,True,bbl,False,,False
3039730052,False,0,False,False,,False,,False
3039730053,False,0,False,False,,False,,False
3039730055,False,0,False,False,,False,,False
3039730057,False,0,False,False,,False,,False
3039730058,False,0,False,False,,False,,False
3039730060,False,0,False,False,,False,,False
3039730061,False,0,False,False,,False,,False
3039730062,False,0,False,False,,False,,False
3039730063,False,0,False,False,,False,,False
3039730107,False,0,False,False,,False,,False
3039730110,False,0,False,False,,False,,False
3039730161,False,0,False,False,,False,,False
3039740000,True,0,False,False,,False,,False
3039740001,False,0,False,False,,False,,False
3039750000,True,0,False,False,,False,,False
3039750001,False,0,False,False,,False,,False
3039760000,True,0,False,False,,False,,False
3039760001,False,0,False,False,,False,,False
3039760002,False,0,False,False,,False,,False
3039760003,False,0,False,False,,False,,False
3039760004,False,0,False,False,,False,,False
3039760005,False,0,False,False,,False,,False
3039760006,False,0,False,False,,False,,False
3039760007,False,0,False,False,,False,,False
3039760009,False,2,True,True,bin,False,,False
3039760010,False,0,False,False,,False,,False
3039760011,False,0,False,False,,False,,False
3039760012,False,0,False,False,,False,,False
3039760013,False,0,False,False,,False,,False
3039760015,False,2,True,True,bin,False,,False
3039760016,False,1,True,True,bin,False,,False
3039760017,False,0,False,False,,False,,False
3039760018,False,0,False,False,,False,,False
3039760019,False,0,False,False,,False,,False
3039760020,False,0,False,False,,False,,False
3039760021,False,0,False,False,,False,,False
3039760022,False,0,False,False,,False,,False
3039760023,False,0,False,False,,False,,False
3039760024,False,0,False,False,,False,,False
3039760027,False,1,True,True,bin,False,,False
3039760031,False,0,False,False,,False,,False
3039760035,False,0,False,False,,False,,False
3039760043,False,1,True,True,bin,False,,False
3039760045,False,0,False,False,,False,,False
3039760046,False,0,False,False,,False,,False
3039760047,False,0,False,False,,False,,False
3039760050,False,0,False,False,,False,,False
3039760051,False,0,False,False,,False,,False
3039760052,False,0,False,False,,False,,False
3039760053,False,1,True,True,bin,False,,False
3039760054,False,0,False,False,,False,,False
3039760055,False,0,False,False,,False,,False
3039760056,False,0,False,False,,False,,False
3039760057,False,0,False,False,,False,,False
3039760058,False,0,False,False,,False,,False
3039760059,False,0,False,False,,False,,False
3039760060,False,0,False,False,,False,,False
3039760061,False,0,False,False,,False,,False
3039760062,False,0,False,False,,False,,False
3039760063,False,0,False,False,,False,,False
3039760065,False,1,True,True,bin,False,,False
3039760066,False,0,False,False,,False,,False
3039760067,False,1,True,True,bin,False,,False
3039760068,False,0,False,False,,False,,False
3039760070,False,0,False,False,,False,,False
3039760075,False,0,False,False,,False,,False
3039760081,False,1,True,True,bin,False,,False
3039760114,False,1,True,True,bin,False,,False
3039770000,True,0,False,False,,False,,False
3039770001,False,1,True,True,bin,False,,False
3039770003,False,0,False,False,,False,,False
3039770004,False,0,False,False,,False,,False
3039770005,False,0,False,False,,False,,False
3039770006,False,0,False,False,,False,,False
3039770007,False,0,False,False,,False,,False
3039770008,False,0,False,False,,False,,False
3039770009,False,0,False,False,,False,,False
3039770010,False,0,False,False,,False,,False
3039770012,False,0,False,False,,False,,False
3039770013,False,0,False,False,,False,,False
3039770014,False,0,False,False,,False,,False
3039770015,False,0,False,False,,False,,False
3039770016,False,0,False,False,,False,,False
3039770017,False,0,False,False,,False,,False
3039770018,False,0,False,False,,False,,False
3039770019,False,0,False,False,,False,,False
3039770020,False,0,False,False,,False,,False
3039770021,False,0,False,False,,False,,False
3039770023,False,0,False,False,,False,,False
3039770024,False,0,False,False,,False,,False
3039770025,False,0,False,False,,False,,False
3039770026,False,0,False,False,,False,,False
3039770027,False,0,False,False,,False,,False
3039770028,False,0,False,False,,False,,False
3039770029,False,0,False,False,,False,,False
3039770032,False,1,True,True,bbl,False,,False
3039770033,False,1,True,True,bin,False,,False
3039770034,False,0,False,False,,False,,False
3039770035,False,0,False,False,,False,,False
3039770129,False,0,False,False,,False,,False
3039777501,False,1,True,True,bbl,False,,False
3039780000,True,0,False,False,,False,,False
3039780001,False,0,False,False,,False,,False
3039780002,False,0,False,False,,False,,False
3039780003,False,0,False,False,,False,,False
3039780004,False,0,False,False,,False,,False
3039780005,False,0,False,False,,False,,False
3039780006,False,0,False,False,,False,,False
3039780007,False,0,False,False,,False,,False
3039780008,False,0,False,False,,False,,False
3039780009,False,0,False,False,,False,,False
3039780010,False,0,False,False,,False,,False
3039780011,False,0,False,False,,False,,False
3039780012,False,0,False,False,,False,,False
3039780013,False,0,False,False,,False,,False
3039780014,False,0,False,False,,False,,False
3039780015,False,0,False,False,,False,,False
3039780019,False,0,False,False,,False,,False
3039780020,False,0,False,False,,False,,False
3039780021,False,0,False,False,,False,,False
3039780022,False,0,False,False,,False,,False
3039780023,False,0,False,False,,False,,False
3039780024,False,0,False,False,,False,,False
3039780025,False,0,False,False,,False,,False
3039780026,False,0,False,False,,False,,False
3039780027,False,0,False,False,,False,,False
3039780029,False,0,False,False,,False,,False
3039780030,False,0,False,False,,False,,False
3039780031,False,0,False,False,,False,,False
3039780032,False,0,False,False,,False,,False
3039780033,False,1,True,True,bin,False,,False
3039780034,False,0,False,False,,False,,False
3039780035,False,0,False,False,,False,,False
3039780036,False,0,False,False,,False,,False
3039780037,False,0,False,False,,False,,False
3039780038,False,0,False,False,,False,,False
3039790000,True,0,False,False,,False,,False
3039790001,False,0,False,False,,False,,False
3039790002,False,0,False,False,,False,,False
3039790003,False,0,False,False,,False,,False
3039790004,False,0,False,False,,False,,False
3039790005,False,0,False,False,,False,,False
3039790006,False,0,False,False,,False,,False
3039790008,False,0,False,False,,False,,False
3039790009,False,0,False,False,,False,,False
3039790011,False,0,False,False,,False,,False
3039790012,False,0,False,False,,False,,False
3039790013,False,0,False,False,,False,,False
3039790015,False,0,False,False,,False,,False
3039790016,False,0,False,False,,False,,False
3039790017,False,0,False,False,,False,,False
3039790018,False,0,False,False,,False,,False
3039790019,False,0,False,False,,False,,False
3039790021,False,0,False,False,,False,,False
3039790022,False,0,False,False,,False,,False
3039790023,False,0,False,False,,False,,False
3039790024,False,0,False,False,,False,,False
3039790025,False,0,False,False,,False,,False
3039790026,False,0,False,False,,False,,False
3039790027,False,0,False,False,,False,,False
3039790028,False,0,False,False,,False,,False
3039790029,False,0,False,False,,False,,False
3039790031,False,0,False,False,,False,,False
3039790032,False,0,False,False,,False,,False
3039790033,False,0,False,False,,False,,False
3039790034,False,0,False,False,,False,,False
3039790035,False,0,False,False,,False,,False
3039790036,False,0,False,False,,False,,False
3039790037,False,0,False,False,,False,,False
3039790038,False,0,False,False,,False,,False
3039790039,False,0,False,False,,False,,False
3039790040,False,0,False,False,,False,,False
3039800000,True,0,False,False,,False,,False
3039800001,False,0,False,False,,False,,False
3039800002,False,0,False,False,,False,,False
3039800003,False,1,True,True,bin,False,,False
3039800004,False,1,True,True,bin,False,,False
3039800005,False,1,True,True,bin,False,,False
3039800006,False,0,False,False,,False,,False
3039800007,False,0,False,False,,False,,False
3039800008,False,0,False,False,,False,,False
3039800009,False,0,False,False,,False,,False
3039800011,False,0,False,False,,False,,False
3039800012,False,0,False,False,,False,,False
3039800013,False,0,False,False,,False,,False
3039800014,False,0,False,False,,False,,False
3039800015,False,0,False,False,,False,,False
3039800017,False,0,False,False,,False,,False
3039800019,False,0,False,False,,False,,False
3039800020,False,0,False,False,,False,,False
3039800021,False,0,False,False,,False,,False
3039800022,False,0,False,False,,False,,False
3039800023,False,0,False,False,,False,,False
3039800026,False,0,False,False,,False,,False
3039800027,False,0,False,False,,False,,False
3039800029,False,0,False,False,,False,,False
3039800030,False,0,False,False,,False,,False
3039800031,False,0,False,False,,False,,False
3039800032,False,0,False,False,,False,,False
3039800033,False,0,False,False,,False,,False
3039800034,False,0,False,False,,False,,False
3039800035,False,0,False,False,,False,,False
3039800036,False,0,False,False,,False,,False
3039800105,False,1,True,True,bin,False,,False
3039810000,True,0,False,False,,False,,False
3039810001,False,0,False,False,,False,,False
3039810003,False,0,False,False,,False,,False
3039810004,False,0,False,False,,False,,False
3039810005,False,0,False,False,,False,,False
3039810006,False,0,False,False,,False,,False
3039810007,False,0,False,False,,False,,False
3039810008,False,0,False,False,,False,,False
3039810010,False,0,False,False,,False,,False
3039810011,False,0,False,False,,False,,False
3039810012,False,0,False,False,,False,,False
3039810013,False,0,False,False,,False,,False
3039810014,False,0,False,False,,False,,False
3039810015,False,0,False,False,,False,,False
3039810016,False,0,False,False,,False,,False
3039810019,False,0,False,False,,False,,False
3039810020,False,0,False,False,,False,,False
3039810022,False,0,False,False,,False,,False
3039810023,False,0,False,False,,False,,False
3039810024,False,0,False,False,,False,,False
3039810025,False,0,False,False,,False,,False
3039810026,False,0,False,False,,False,,False
3039810028,False,0,False,False,,False,,False
3039810030,False,0,False,False,,False,,False
3039810031,False,0,False,False,,False,,False
3039810032,False,0,False,False,,False,,False
3039810033,False,0,False,False,,False,,False
3039810034,False,0,False,False,,False,,False
3039810035,False,1,True,True,bbl,False,,False
3039810104,False,0,False,False,,False,,False
3039810115,False,0,False,False,,False,,False
3039820000,True,0,False,False,,False,,False
3039820001,False,0,False,False,,False,,False
3039820002,False,0,False,False,,False,,False
3039820003,False,0,False,False,,False,,False
3039820004,False,0,False,False,,False,,False
3039820005,False,0,False,False,,False,,False
3039820006,False,0,False,False,,False,,False
3039820007,False,0,False,False,,False,,False
3039820008,False,0,False,False,,False,,False
3039820011,False,0,False,False,,False,,False
3039820013,False,0,False,False,,False,,False
3039820014,False,0,False,False,,False,,False
3039820015,False,0,False,False,,False,,False
3039820016,False,0,False,False,,False,,False
3039820017,False,0,False,False,,False,,False
3039820018,False,0,False,False,,False,,False
3039820020,False,0,False,False,,False,,False
3039820021,False,0,False,False,,False,,False
3039820022,False,0,False,False,,False,,False
3039820023,False,0,False,False,,False,,False
3039820024,False,1,True,True,bin,False,,False
3039820025,False,0,False,False,,False,,False
3039820026,False,0,False,False,,False,,False
3039820027,False,0,False,False,,False,,False
3039820028,False,0,False,False,,False,,False
3039820029,False,0,False,False,,False,,False
3039820031,False,0,False,False,,False,,False
3039820032,False,0,False,False,,False,,False
3039820033,False,0,False,False,,False,,False
3039820034,False,0,False,False,,False,,False
3039820035,False,0,False,False,,False,,False
3039820036,False,0,False,False,,False,,False
3039830000,True,0,False,False,,False,,False
3039830001,False,0,False,False,,False,,False
3039830002,False,0,False,False,,False,,False
3039830003,False,0,False,False,,False,,False
3039830004,False,0,False,False,,False,,False
3039830005,False,0,False,False,,False,,False
3039830006,False,0,False,False,,False,,False
3039830007,False,0,False,False,,False,,False
3039830008,False,0,False,False,,False,,False
3039830009,False,0,False,False,,False,,False
3039830010,False,1,True,True,bin,False,,False
3039830011,False,1,True,True,bin,False,,False
3039830012,False,1,True,True,bin,False,,False
3039830013,False,1,True,True,bin,False,,False
3039830014,False,1,True,True,bin,False,,False
3039830015,False,0,False,False,,False,,False
3039830017,False,0,False,False,,False,,False
3039830018,False,0,False,False,,False,,False
3039830019,False,0,False,False,,False,,False
3039830020,False,0,False,False,,False,,False
3039830021,False,0,False,False,,False,,False
3039830022,False,0,False,False,,False,,False
3039830023,False,0,False,False,,False,,False
3039830024,False,0,False,False,,False,,False
3039830026,False,0,False,False,,False,,False
3039830027,False,0,False,False,,False,,False
3039830028,False,0,False,False,,False,,False
3039830029,False,0,False,False,,False,,False
3039830030,False,0,False,False,,False,,False
3039830031,False,0,False,False,,False,,False
3039830032,False,0,False,False,,False,,False
3039830033,False,0,False,False,,False,,False
3039830034,False,0,False,False,,False,,False
3039830035,False,0,False,False,,False,,False
3039830119,False,0,False,False,,False,,False
3039830125,False,1,True,True,bin,False,,False
3039830128,False,0,False,False,,False,,False
3039840000,True,0,False,False,,False,,False
3039840005,False,0,False,False,,False,,False
3039840006,False,0,False,False,,False,,False
3039840007,False,0,False,False,,False,,False
3039840008,False,0,False,False,,False,,False
3039840010,False,0,False,False,,False,,False
3039840011,False,0,False,False,,False,,False
3039840012,False,0,False,False,,False,,False
3039840013,False,0,False,False,,False,,False
3039840014,False,0,False,False,,False,,False
3039840015,False,0,False,False,,False,,False
3039840018,False,0,False,False,,False,,False
3039840019,False,1,True,True,bin,False,,False
3039840020,False,0,False,False,,False,,False
3039840027,False,0,False,False,,False,,False
3039840028,False,1,True,True,bin,False,,False
3039840029,False,0,False,False,,False,,False
3039840030,False,0,False,False,,False,,False
3039840031,False,0,False,False,,False,,False
3039840032,False,0,False,False,,False,,False
3039840033,False,0,False,False,,False,,False
3039840101,False,0,False,False,,False,,False
3039840102,False,0,False,False,,False,,False
3039840103,False,0,False,False,,False,,False
3039840104,False,0,False,False,,False,,False
3039840121,False,0,False,False,,False,,False
3039840122,False,0,False,False,,False,,False
3039840123,False,0,False,False,,False,,False
3039840124,False,0,False,False,,False,,False
3039840125,False,0,False,False,,False,,False
3039850000,True,0,False,False,,False,,False
3039850001,False,1,True,True,bin,False,,False
3039850003,False,1,True,True,bbl,False,,False
3039850004,False,0,False,False,,False,,False
3039850005,False,0,False,False,,False,,False
3039850009,False,0,False,False,,False,,False
3039850010,False,0,False,False,,False,,False
3039850012,False,0,False,False,,False,,False
3039850013,False,0,False,False,,False,,False
3039850014,False,0,False,False,,False,,False
3039850015,False,0,False,False,,False,,False
3039850016,False,0,False,False,,False,,False
3039850017,False,0,False,False,,False,,False
3039850018,False,0,False,False,,False,,False
3039850020,False,0,False,False,,False,,False
3039850022,False,0,False,False,,False,,False
3039850032,False,0,False,False,,False,,False
3039850033,False,0,False,False,,False,,False
3039850034,False,0,False,False,,False,,False
3039850035,False,0,False,False,,False,,False
3039860000,True,0,False,False,,False,,False
3039860001,False,0,False,False,,False,,False
3039860005,False,0,False,False,,False,,False
3039860006,False,0,False,False,,False,,False
3039860007,False,0,False,False,,False,,False
3039860008,False,0,False,False,,False,,False
3039860010,False,0,False,False,,False,,False
3039860011,False,0,False,False,,False,,False
3039860018,False,0,False,False,,False,,False
3039860019,False,0,False,False,,False,,False
3039860020,False,0,False,False,,False,,False
3039860021,False,0,False,False,,False,,False
3039860022,False,1,True,True,bin,False,,False
3039860023,False,0,False,False,,False,,False
3039860024,False,0,False,False,,False,,False
3039860025,False,0,False,False,,False,,False
3039860026,False,0,False,False,,False,,False
3039860027,False,0,False,False,,False,,False
3039860028,False,0,False,False,,False,,False
3039860029,False,0,False,False,,False,,False
3039860030,False,0,False,False,,False,,False
3039870000,True,0,False,False,,False,,False
3039870001,False,0,False,False,,False,,False
3039870002,False,0,False,False,,False,,False
3039870004,False,0,False,False,,False,,False
3039870005,False,0,False,False,,False,,False
3039870006,False,0,False,False,,False,,False
3039870007,False,0,False,False,,False,,False
3039870008,False,0,False,False,,False,,False
3039870010,False,1,True,True,bin,False,,False
3039870011,False,0,False,False,,False,,False
3039870012,False,0,False,False,,False,,False
3039870013,False,0,False,False,,False,,False
3039870014,False,1,True,True,bin,False,,False
3039870017,False,0,False,False,,False,,False
3039870019,False,0,False,False,,False,,False
3039870020,False,0,False,False,,False,,False
3039870021,False,0,False,False,,False,,False
3039870022,False,0,False,False,,False,,False
3039870023,False,0,False,False,,False,,False
3039870024,False,0,False,False,,False,,False
3039870025,False,0,False,False,,False,,False
3039870026,False,0,False,False,,False,,False
3039870028,False,0,False,False,,False,,False
3039870029,False,0,False,False,,False,,False
3039870030,False,0,False,False,,False,,False
3039870031,False,0,False,False,,False,,False
3039870032,False,0,False,False,,False,,False
3039870033,False,0,False,False,,False,,False
3039870034,False,0,False,False,,False,,False
3039870035,False,0,False,False,,False,,False
3039880000,True,0,False,False,,False,,False
3039880001,False,0,False,False,,False,,False
3039880003,False,0,False,False,,False,,False
3039880004,False,0,False,False,,False,,False
3039880005,False,0,False,False,,False,,False
3039880006,False,0,False,False,,False,,False
3039880007,False,0,False,False,,False,,False
3039880008,False,0,False,False,,False,,False
3039880009,False,0,False,False,,False,,False
3039880012,False,0,False,False,,False,,False
3039880013,False,0,False,False,,False,,False
3039880014,False,0,False,False,,False,,False
3039880015,False,0,False,False,,False,,False
3039880017,False,0,False,False,,False,,False
3039880019,False,0,False,False,,False,,False
3039880020,False,0,False,False,,False,,False
3039880021,False,0,False,False,,False,,False
3039880022,False,0,False,False,,False,,False
3039880023,False,0,False,False,,False,,False
3039880024,False,0,False,False,,False,,False
3039880025,False,0,False,False,,False,,False
3039880026,False,0,False,False,,False,,False
3039880028,False,1,True,True,bbl,False,,False
3039880034,False,0,False,False,,False,,False
3039880035,False,1,True,True,bin,False,,False
3039880107,False,0,False,False,,False,,False
3039880108,False,0,False,False,,False,,False
3039880111,False,0,False,False,,False,,False
3039880122,False,0,False,False,,False,,False
3039890000,True,0,False,False,,False,,False
3039890001,False,3,True,True,bin,False,,False
3039890005,False,0,False,False,,False,,False
3039890006,False,0,False,False,,False,,False
3039890007,False,1,True,True,bbl,False,,False
3039890009,False,1,True,True,bin,False,,False
3039890010,False,0,False,False,,False,,False
3039890012,False,0,False,False,,False,,False
3039890016,False,1,True,True,bbl,False,,False
3039890018,False,1,True,True,bin,False,,False
3039890019,False,0,False,False,,False,,False
3039890020,False,0,False,False,,False,,False
3039890024,False,0,False,False,,False,,False
3039890025,False,0,False,False,,False,,False
3039890027,False,0,False,False,,False,,False
3039890028,False,0,False,False,,False,,False
3039890030,False,0,False,False,,False,,False
3039890032,False,1,True,True,bbl,False,,False
3039890033,False,0,False,False,,False,,False
3039900000,True,0,False,False,,False,,False
3039900001,False,0,False,False,,False,,False
3039910000,True,0,False,False,,False,,False
3039910001,False,0,False,False,,False,,False
3039910002,False,0,False,False,,False,,False
3039910005,False,0,False,False,,False,,False
3039910006,False,0,False,False,,False,,False
3039910007,False,0,False,False,,False,,False
3039910008,False,0,False,False,,False,,False
3039910026,False,0,False,False,,False,,False
3039910027,False,0,False,False,,False,,False
3039910028,False,0,False,False,,False,,False
3039910029,False,0,False,False,,False,,False
3039910030,False,0,False,False,,False,,False
3039910031,False,0,False,False,,False,,False
3039910033,False,0,False,False,,False,,False
3039910034,False,0,False,False,,False,,False
3039910035,False,0,False,False,,False,,False
3039910036,False,0,False,False,,False,,False
3039910037,False,1,True,True,bin,False,,False
3039910038,False,0,False,False,,False,,False
3039910039,False,0,False,False,,False,,False
3039910040,False,0,False,False,,False,,False
3039910041,False,0,False,False,,False,,False
3039920000,True,0,False,False,,False,,False
3039920001,False,0,False,False,,False,,False
3039920002,False,0,False,False,,False,,False
3039920003,False,0,False,False,,False,,False
3039920004,False,0,False,False,,False,,False
3039920005,False,0,False,False,,False,,False
3039920006,False,0,False,False,,False,,False
3039920007,False,0,False,False,,False,,False
3039920008,False,0,False,False,,False,,False
3039920009,False,0,False,False,,False,,False
3039920010,False,0,False,False,,False,,False
3039920011,False,0,False,False,,False,,False
3039920013,False,0,False,False,,False,,False
3039920014,False,1,True,True,bin,False,,False
3039920015,False,0,False,False,,False,,False
3039920017,False,0,False,False,,False,,False
3039920018,False,0,False,False,,False,,False
3039920020,False,0,False,False,,False,,False
3039920022,False,0,False,False,,False,,False
3039920024,False,0,False,False,,False,,False
3039920026,False,0,False,False,,False,,False
3039920027,False,0,False,False,,False,,False
3039920028,False,0,False,False,,False,,False
3039920030,False,0,False,False,,False,,False
3039920032,False,0,False,False,,False,,False
3039920034,False,0,False,False,,False,,False
3039920035,False,0,False,False,,False,,False
3039920036,False,0,False,False,,False,,False
3039920038,False,0,False,False,,False,,False
3039920039,False,0,False,False,,False,,False
3039920040,False,0,False,False,,False,,False
3039920041,False,0,False,False,,False,,False
3039920042,False,0,False,False,,False,,False
3039920043,False,0,False,False,,False,,False
3039920044,False,0,False,False,,False,,False
3039920045,False,0,False,False,,False,,False
3039920046,False,0,False,False,,False,,False
3039920047,False,0,False,False,,False,,False
3039920048,False,0,False,False,,False,,False
3039930000,True,0,False,False,,False,,False
3039930001,False,1,True,True,bin,False,,False
3039930010,False,0,False,False,,False,,False
3039930011,False,0,False,False,,False,,False
3039930012,False,0,False,False,,False,,False
3039930013,False,0,False,False,,False,,False
3039930014,False,0,False,False,,False,,False
3039930015,False,0,False,False,,False,,False
3039930016,False,0,False,False,,False,,False
3039930017,False,0,False,False,,False,,False
3039930018,False,0,False,False,,False,,False
3039930019,False,0,False,False,,False,,False
3039930020,False,0,False,False,,False,,False
3039930021,False,0,False,False,,False,,False
3039930022,False,0,False,False,,False,,False
3039930104,False,0,False,False,,False,,False
3039930105,False,0,False,False,,False,,False
3039930106,False,0,False,False,,False,,False
3039930107,False,0,False,False,,False,,False
3039930108,False,0,False,False,,False,,False
3039940000,True,0,False,False,,False,,False
3039940001,False,0,False,False,,False,,False
3039940002,False,0,False,False,,False,,False
3039940004,False,1,True,True,bin,False,,False
3039940005,False,0,False,False,,False,,False
3039940007,False,0,False,False,,False,,False
3039940010,False,0,False,False,,False,,False
3039940013,False,0,False,False,,False,,False
3039940014,False,0,False,False,,False,,False
3039940015,False,0,False,False,,False,,False
3039940016,False,0,False,False,,False,,False
3039940017,False,0,False,False,,False,,False
3039940020,False,0,False,False,,False,,False
3039940021,False,0,False,False,,False,,False
3039940022,False,0,False,False,,False,,False
3039940023,False,0,False,False,,False,,False
3039940024,False,0,False,False,,False,,False
3039940025,False,0,False,False,,False,,False
3039940026,False,0,False,False,,False,,False
3039940028,False,0,False,False,,False,,False
3039940030,False,0,False,False,,False,,False
3039940031,False,0,False,False,,False,,False
3039940032,False,0,False,False,,False,,False
3039940033,False,0,False,False,,False,,False
3039940034,False,0,False,False,,False,,False
3039940035,False,1,True,True,bin,False,,False
3039940115,False,0,False,False,,False,,False
3039940116,False,1,True,True,bin,False,,False
3039940117,False,0,False,False,,False,,False
3039940132,False,0,False,False,,False,,False
3039950000,True,0,False,False,,False,,False
3039950001,False,0,False,False,,False,,False
3039950008,False,0,False,False,,False,,False
3039950010,False,0,False,False,,False,,False
3039950012,False,0,False,False,,False,,False
3039950017,False,0,False,False,,False,,False
3039950020,False,0,False,False,,False,,False
3039950021,False,0,False,False,,False,,False
3039950022,False,0,False,False,,False,,False
3039950023,False,0,False,False,,False,,False
3039950024,False,0,False,False,,False,,False
3039950025,False,0,False,False,,False,,False
3039950026,False,0,False,False,,False,,False
3039950027,False,0,False,False,,False,,False
3039950029,False,0,False,False,,False,,False
3039950031,False,0,False,False,,False,,False
3039950032,False,1,True,True,bin,False,,False
3039950110,False,0,False,False,,False,,False
3039950114,False,0,False,False,,False,,False
3039950115,False,0,False,False,,False,,False
3039950116,False,0,False,False,,False,,False
3039950123,False,0,False,False,,False,,False
3039950129,False,0,False,False,,False,,False
3039960000,True,0,False,False,,False,,False
3039960001,False,0,False,False,,False,,False
3039960002,False,0,False,False,,False,,False
3039960003,False,0,False,False,,False,,False
3039960004,False,0,False,False,,False,,False
3039960006,False,0,False,False,,False,,False
3039960007,False,0,False,False,,False,,False
3039960008,False,0,False,False,,False,,False
3039960009,False,0,False,False,,False,,False
3039960011,False,0,False,False,,False,,False
3039960013,False,0,False,False,,False,,False
3039960015,False,0,False,False,,False,,False
3039960017,False,0,False,False,,False,,False
3039960022,False,0,False,False,,False,,False
3039960023,False,0,False,False,,False,,False
3039960024,False,0,False,False,,False,,False
3039960025,False,0,False,False,,False,,False
3039960026,False,0,False,False,,False,,False
3039960027,False,0,False,False,,False,,False
3039960028,False,0,False,False,,False,,False
3039960029,False,0,False,False,,False,,False
3039960030,False,3,True,True,bin,False,,False
3039960031,False,0,False,False,,False,,False
3039960033,False,0,False,False,,False,,False
3039960034,False,0,False,False,,False,,False
3039960035,False,0,False,False,,False,,False
3039960036,False,0,False,False,,False,,False
3039960037,False,0,False,False,,False,,False
3039960039,False,0,False,False,,False,,False
3039960104,False,0,False,False,,False,,False
3039960122,False,0,False,False,,False,,False
3039970000,True,0,False,False,,False,,False
3039970001,False,0,False,False,,False,,False
3039970002,False,0,False,False,,False,,False
3039970003,False,0,False,False,,False,,False
3039970004,False,0,False,False,,False,,False
3039970005,False,0,False,False,,False,,False
3039970006,False,0,False,False,,False,,False
3039970007,False,0,False,False,,False,,False
3039970008,False,0,False,False,,False,,False
3039970010,False,0,False,False,,False,,False
3039970011,False,0,False,False,,False,,False
3039970012,False,0,False,False,,False,,False
3039970013,False,0,False,False,,False,,False
3039970014,False,0,False,False,,False,,False
3039970015,False,0,False,False,,False,,False
3039970016,False,0,False,False,,False,,False
3039970017,False,0,False,False,,False,,False
3039970019,False,0,False,False,,False,,False
3039970020,False,0,False,False,,False,,False
3039970021,False,0,False,False,,False,,False
3039970022,False,0,False,False,,False,,False
3039970023,False,0,False,False,,False,,False
3039970024,False,0,False,False,,False,,False
3039970025,False,0,False,False,,False,,False
3039970026,False,0,False,False,,False,,False
3039970027,False,0,False,False,,False,,False
3039970028,False,0,False,False,,False,,False
3039970029,False,0,False,False,,False,,False
3039970030,False,0,False,False,,False,,False
3039970032,False,0,False,False,,False,,False
3039970033,False,0,False,False,,False,,False
3039970034,False,0,False,False,,False,,False
3039970035,False,0,False,False,,False,,False
3039970036,False,0,False,False,,False,,False
3039970120,False,0,False,False,,False,,False
3039970130,False,0,False,False,,False,,False
3039970133,False,0,False,False,,False,,False
3039980000,True,0,False,False,,False,,False
3039980001,False,0,False,False,,False,,False
3039980002,False,0,False,False,,False,,False
3039980003,False,0,False,False,,False,,False
3039980004,False,0,False,False,,False,,False
3039980005,False,0,False,False,,False,,False
3039980006,False,3,True,True,bbl+bin,False,,False
3039980011,False,0,False,False,,False,,False
3039980013,False,0,False,False,,False,,False
3039980014,False,0,False,False,,False,,False
3039980015,False,2,True,True,bin,False,,False
3039980016,False,0,False,False,,False,,False
3039980017,False,0,False,False,,False,,False
3039980020,False,0,False,False,,False,,False
3039980021,False,0,False,False,,False,,False
3039980023,False,0,False,False,,False,,False
3039980024,False,0,False,False,,False,,False
3039980025,False,1,True,True,bin,False,,False
3039980026,False,0,False,False,,False,,False
3039980030,False,1,True,True,bin,False,,False
3039980033,False,0,False,False,,False,,False
3039980037,False,0,False,False,,False,,False
3039990000,True,0,False,False,,False,,False
3039990001,False,0,False,False,,False,,False
3039990002,False,0,False,False,,False,,False
3039990003,False,0,False,False,,False,,False
3039990004,False,1,True,True,bbl,False,,False
3039990005,False,0,False,False,,False,,False
3039990006,False,0,False,False,,False,,False
3039990007,False,0,False,False,,False,,False
3039990008,False,0,False,False,,False,,False
3039990009,False,0,False,False,,False,,False
3039990010,False,0,False,False,,False,,False
3039990011,False,0,False,False,,False,,False
3039990013,False,0,False,False,,False,,False
3039990015,False,0,False,False,,False,,False
3039990016,False,0,False,False,,False,,False
3039990019,False,0,False,False,,False,,False
3039990021,False,0,False,False,,False,,False
3039990022,False,0,False,False,,False,,False
3039990024,False,0,False,False,,False,,False
3039990025,False,0,False,False,,False,,False
3039990027,False,0,False,False,,False,,False
3039990028,False,0,False,False,,False,,False
3039990030,False,0,False,False,,False,,False
3039990031,False,0,False,False,,False,,False
3039990032,False,1,True,True,bin,False,,False
3039990033,False,0,False,False,,False,,False
3039990034,False,0,False,False,,False,,False
3039990035,False,1,True,True,bin,False,,False
3039990036,False,0,False,False,,False,,False
3039990037,False,0,False,False,,False,,False
3039990040,False,0,False,False,,False,,False
3040000000,True,0,False,False,,False,,False
3040000001,False,0,False,False,,False,,False
3040000002,False,0,False,False,,False,,False
3040000003,False,0,False,False,,False,,False
3040000005,False,0,False,False,,False,,False
3040000006,False,0,False,False,,False,,False
3040000007,False,0,False,False,,False,,False
3040000008,False,0,False,False,,False,,False
3040000009,False,0,False,False,,False,,False
3040000010,False,0,False,False,,False,,False
3040000011,False,0,False,False,,False,,False
3040000012,False,0,False,False,,False,,False
3040000013,False,0,False,False,,False,,False
3040000014,False,0,False,False,,False,,False
3040000015,False,0,False,False,,False,,False
3040000016,False,0,False,False,,False,,False
3040000017,False,0,False,False,,False,,False
3040000018,False,0,False,False,,False,,False
3040000019,False,0,False,False,,False,,False
3040000020,False,0,False,False,,False,,False
3040000021,False,0,False,False,,False,,False
3040000022,False,0,False,False,,False,,False
3040000023,False,0,False,False,,False,,False
3040000024,False,0,False,False,,False,,False
3040000025,False,0,False,False,,False,,False
3040000026,False,0,False,False,,False,,False
3040000027,False,1,True,True,bin,False,,False
3040000028,False,0,False,False,,False,,False
3040000029,False,0,False,False,,False,,False
3040000030,False,0,False,False,,False,,False
3040000031,False,0,False,False,,False,,False
3040000032,False,0,False,False,,False,,False
3040000033,False,0,False,False,,False,,False
3040000035,False,0,False,False,,False,,False
3040000107,False,0,False,False,,False,,False
3040000128,False,0,False,False,,False,,False
3040000130,False,0,False,False,,False,,False
3040010000,True,0,False,False,,False,,False
3040010001,False,1,True,True,bin,False,,False
3040010002,False,0,False,False,,False,,False
3040010003,False,0,False,False,,False,,False
3040010004,False,0,False,False,,False,,False
3040010006,False,0,False,False,,False,,False
3040010007,False,0,False,False,,False,,False
3040010008,False,0,False,False,,False,,False
3040010016,False,0,False,False,,False,,False
3040010019,False,0,False,False,,False,,False
3040010020,False,0,False,False,,False,,False
3040010021,False,0,False,False,,False,,False
3040010022,False,0,False,False,,False,,False
3040010024,False,0,False,False,,False,,False
3040010025,False,0,False,False,,False,,False
3040010026,False,0,False,False,,False,,False
3040010027,False,0,False,False,,False,,False
3040010028,False,0,False,False,,False,,False
3040010037,False,0,False,False,,False,,False
3040010038,False,0,False,False,,False,,False
3040010039,False,0,False,False,,False,,False
3040010040,False,0,False,False,,False,,False
3040010041,False,0,False,False,,False,,False
3040010109,False,0,False,False,,False,,False
3040010110,False,0,False,False,,False,,False
3040010111,False,0,False,False,,False,,False
3040010112,False,0,False,False,,False,,False
3040010113,False,0,False,False,,False,,False
3040010114,False,0,False,False,,False,,False
3040010117,False,0,False,False,,False,,False
3040010118,False,0,False,False,,False,,False
3040010129,False,0,False,False,,False,,False
3040010131,False,0,False,False,,False,,False
3040020000,True,0,False,False,,False,,False
3040020001,False,0,False,False,,False,,False
3040020002,False,0,False,False,,False,,False
3040020003,False,0,False,False,,False,,False
3040020004,False,0,False,False,,False,,False
3040020005,False,0,False,False,,False,,False
3040020006,False,0,False,False,,False,,False
3040020007,False,0,False,False,,False,,False
3040020008,False,0,False,False,,False,,False
3040020009,False,0,False,False,,False,,False
3040020010,False,0,False,False,,False,,False
3040020011,False,0,False,False,,False,,False
3040020013,False,1,True,True,bin,False,,False
3040020014,False,2,True,True,bin,False,,False
3040020015,False,0,False,False,,False,,False
3040020016,False,0,False,False,,False,,False
3040020018,False,0,False,False,,False,,False
3040020019,False,0,False,False,,False,,False
3040020020,False,0,False,False,,False,,False
3040020021,False,0,False,False,,False,,False
3040020022,False,0,False,False,,False,,False
3040020023,False,0,False,False,,False,,False
3040020024,False,0,False,False,,False,,False
3040020025,False,0,False,False,,False,,False
3040020026,False,0,False,False,,False,,False
3040020027,False,0,False,False,,False,,False
3040020028,False,1,True,True,bin,False,,False
3040020029,False,1,True,True,bin,False,,False
3040020030,False,0,False,False,,False,,False
3040020032,False,0,False,False,,False,,False
3040020033,False,0,False,False,,False,,False
3040020102,False,0,False,False,,False,,False
3040020110,False,0,False,False,,False,,False
3040020111,False,1,True,True,bin,False,,False
3040020121,False,0,False,False,,False,,False
3040020124,False,0,False,False,,False,,False
3040020127,False,0,False,False,,False,,False
3040020210,False,0,False,False,,False,,False
3040030000,True,0,False,False,,False,,False
3040030001,False,2,True,True,bbl,False,,False
3040030002,False,0,False,False,,False,,False
3040030003,False,1,True,True,bbl,False,,False
3040030004,False,0,False,False,,False,,False
3040030005,False,0,False,False,,False,,False
3040030006,False,0,False,False,,False,,False
3040030007,False,0,False,False,,False,,False
3040030008,False,0,False,False,,False,,False
3040030009,False,0,False,False,,False,,False
3040030010,False,0,False,False,,False,,False
3040030012,False,0,False,False,,False,,False
3040030013,False,0,False,False,,False,,False
3040030014,False,0,False,False,,False,,False
3040030015,False,0,False,False,,False,,False
3040030016,False,0,False,False,,False,,False
3040030017,False,0,False,False,,False,,False
3040030019,False,0,False,False,,False,,False
3040030020,False,0,False,False,,False,,False
3040030021,False,0,False,False,,False,,False
3040030022,False,0,False,False,,False,,False
3040030023,False,0,False,False,,False,,False
3040030024,False,0,False,False,,False,,False
3040030025,False,0,False,False,,False,,False
3040030026,False,0,False,False,,False,,False
3040030027,False,0,False,False,,False,,False
3040030028,False,0,False,False,,False,,False
3040030031,False,0,False,False,,False,,False
3040030032,False,0,False,False,,False,,False
3040030035,False,1,True,True,bin,False,,False
3040030113,False,0,False,False,,False,,False
3040030125,False,0,False,False,,False,,False
3040040000,True,0,False,False,,False,,False
3040040003,False,0,False,False,,False,,False
3040040004,False,0,False,False,,False,,False
3040040005,False,0,False,False,,False,,False
3040040006,False,1,True,True,bin,False,,False
3040040007,False,0,False,False,,False,,False
3040040008,False,0,False,False,,False,,False
3040040009,False,0,False,False,,False,,False
3040040010,False,0,False,False,,False,,False
3040040011,False,0,False,False,,False,,False
3040040012,False,0,False,False,,False,,False
3040040017,False,0,False,False,,False,,False
3040040018,False,0,False,False,,False,,False
3040040019,False,0,False,False,,False,,False
3040040020,False,0,False,False,,False,,False
3040040021,False,1,True,True,bin,False,,False
3040040022,False,1,True,True,bin,False,,False
3040040023,False,0,False,False,,False,,False
3040040025,False,0,False,False,,False,,False
3040040026,False,0,False,False,,False,,False
3040040027,False,0,False,False,,False,,False
3040040028,False,0,False,False,,False,,False
3040040029,False,0,False,False,,False,,False
3040040030,False,0,False,False,,False,,False
3040040031,False,0,False,False,,False,,False
3040040032,False,0,False,False,,False,,False
3040040033,False,0,False,False,,False,,False
3040040034,False,0,False,False,,False,,False
3040040035,False,0,False,False,,False,,False
3040040036,False,0,False,False,,False,,False
3040040102,False,0,False,False,,False,,False
3040040103,False,0,False,False,,False,,False
3040040135,False,0,False,False,,False,,False
3040040136,False,0,False,False,,False,,False
3040040137,False,0,False,False,,False,,False
3040040138,False,0,False,False,,False,,False
3040040139,False,0,False,False,,False,,False
3040040140,False,0,False,False,,False,,False
3040050001,False,1,True,True,bin,False,,False
3040050002,False,0,False,False,,False,,False
3040050003,False,0,False,False,,False,,False
3040050004,False,0,False,False,,False,,False
3040050005,False,0,False,False,,False,,False
3040050007,False,0,False,False,,False,,False
3040050014,False,0,False,False,,False,,False
3040050015,False,0,False,False,,False,,False
3040050016,False,0,False,False,,False,,False
3040050017,False,0,False,False,,False,,False
3040050019,False,0,False,False,,False,,False
3040050020,False,0,False,False,,False,,False
3040050021,False,0,False,False,,False,,False
3040050023,False,0,False,False,,False,,False
3040050024,False,0,False,False,,False,,False
3040050028,False,1,True,False,bin,True,3040057501,True
3040050110,False,0,False,False,,False,,False
3040060000,True,0,False,False,,False,,False
3040060001,False,0,False,False,,False,,False
3040060002,False,0,False,False,,False,,False
3040060003,False,0,False,False,,False,,False
3040060004,False,0,False,False,,False,,False
3040060005,False,0,False,False,,False,,False
3040060006,False,0,False,False,,False,,False
3040060007,False,0,False,False,,False,,False
3040060008,False,0,False,False,,False,,False
3040060009,False,0,False,False,,False,,False
3040060011,False,0,False,False,,False,,False
3040060013,False,1,True,True,bin,False,,False
3040060022,False,0,False,False,,False,,False
3040060023,False,0,False,False,,False,,False
3040060024,False,0,False,False,,False,,False
3040060025,False,0,False,False,,False,,False
3040060026,False,0,False,False,,False,,False
3040060027,False,0,False,False,,False,,False
3040060028,False,0,False,False,,False,,False
3040060029,False,0,False,False,,False,,False
3040060030,False,0,False,False,,False,,False
3040060031,False,1,True,True,bin,False,,False
3040060032,False,0,False,False,,False,,False
3040060033,False,0,False,False,,False,,False
3040060034,False,0,False,False,,False,,False
3040060035,False,0,False,False,,False,,False
3040060036,False,0,False,False,,False,,False
3040060037,False,0,False,False,,False,,False
3040060102,False,0,False,False,,False,,False
3040060103,False,0,False,False,,False,,False
3040060133,False,0,False,False,,False,,False
3040070000,True,0,False,False,,False,,False
3040070001,False,0,False,False,,False,,False
3040070002,False,0,False,False,,False,,False
3040070003,False,0,False,False,,False,,False
3040070004,False,0,False,False,,False,,False
3040070005,False,0,False,False,,False,,False
3040070006,False,0,False,False,,False,,False
3040070007,False,0,False,False,,False,,False
3040070008,False,0,False,False,,False,,False
3040070009,False,0,False,False,,False,,False
3040070010,False,0,False,False,,False,,False
3040070011,False,0,False,False,,False,,False
3040070013,False,1,True,True,bin,False,,False
3040070014,False,0,False,False,,False,,False
3040070015,False,0,False,False,,False,,False
3040070016,False,0,False,False,,False,,False
3040070017,False,0,False,False,,False,,False
3040070018,False,0,False,False,,False,,False
3040070019,False,0,False,False,,False,,False
3040070020,False,0,False,False,,False,,False
3040070021,False,0,False,False,,False,,False
3040070022,False,0,False,False,,False,,False
3040070024,False,0,False,False,,False,,False
3040070025,False,0,False,False,,False,,False
3040070026,False,0,False,False,,False,,False
3040070027,False,0,False,False,,False,,False
3040070028,False,0,False,False,,False,,False
3040070029,False,0,False,False,,False,,False
3040070030,False,0,False,False,,False,,False
3040070031,False,0,False,False,,False,,False
3040070032,False,0,False,False,,False,,False
3040070033,False,1,True,True,bin,False,,False
3040070034,False,0,False,False,,False,,False
3040070035,False,0,False,False,,False,,False
3040070036,False,0,False,False,,False,,False
3040070037,False,0,False,False,,False,,False
3040070038,False,0,False,False,,False,,False
3040070040,False,0,False,False,,False,,False
3040070041,False,0,False,False,,False,,False
3040070043,False,0,False,False,,False,,False
3040070044,False,0,False,False,,False,,False
3040070045,False,0,False,False,,False,,False
3040080000,True,0,False,False,,False,,False
3040080001,False,0,False,False,,False,,False
3040080002,False,0,False,False,,False,,False
3040080003,False,0,False,False,,False,,False
3040080004,False,0,False,False,,False,,False
3040080005,False,0,False,False,,False,,False
3040080006,False,0,False,False,,False,,False
3040080007,False,0,False,False,,False,,False
3040080008,False,0,False,False,,False,,False
3040080009,False,0,False,False,,False,,False
3040080010,False,0,False,False,,False,,False
3040080011,False,0,False,False,,False,,False
3040080013,False,0,False,False,,False,,False
3040080014,False,0,False,False,,False,,False
3040080015,False,0,False,False,,False,,False
3040080016,False,0,False,False,,False,,False
3040080017,False,0,False,False,,False,,False
3040080018,False,0,False,False,,False,,False
3040080019,False,0,False,False,,False,,False
3040080021,False,1,True,True,bin,False,,False
3040080022,False,0,False,False,,False,,False
3040080024,False,0,False,False,,False,,False
3040080025,False,0,False,False,,False,,False
3040080026,False,0,False,False,,False,,False
3040080027,False,0,False,False,,False,,False
3040080028,False,0,False,False,,False,,False
3040080029,False,0,False,False,,False,,False
3040080030,False,0,False,False,,False,,False
3040080031,False,0,False,False,,False,,False
3040080033,False,0,False,False,,False,,False
3040080034,False,0,False,False,,False,,False
3040080036,False,0,False,False,,False,,False
3040080037,False,0,False,False,,False,,False
3040080038,False,0,False,False,,False,,False
3040080039,False,0,False,False,,False,,False
3040080040,False,0,False,False,,False,,False
3040080041,False,0,False,False,,False,,False
3040080042,False,0,False,False,,False,,False
3040080043,False,0,False,False,,False,,False
3040080044,False,0,False,False,,False,,False
3040080045,False,0,False,False,,False,,False
3040090021,False,0,False,False,,False,,False
3040090022,False,0,False,False,,False,,False
3040090023,False,0,False,False,,False,,False
3040090024,False,0,False,False,,False,,False
3040090025,False,0,False,False,,False,,False
3040090026,False,0,False,False,,False,,False
3040090027,False,0,False,False,,False,,False
3040090030,False,0,False,False,,False,,False
3040090119,False,0,False,False,,False,,False
3040090120,False,0,False,False,,False,,False
3040090121,False,0,False,False,,False,,False
3040100014,False,1,True,True,bin,False,,False
3040100024,False,0,False,False,,False,,False
3040100025,False,1,True,True,bin,False,,False
3040100026,False,0,False,False,,False,,False
3040120008,False,0,False,False,,False,,False
3040120014,False,1,True,True,bin,False,,False
3040120015,False,0,False,False,,False,,False
3040120016,False,0,False,False,,False,,False
3040120017,False,0,False,False,,False,,False
3040120018,False,0,False,False,,False,,False
3040120019,False,0,False,False,,False,,False
3040120111,False,0,False,False,,False,,False
3040120112,False,0,False,False,,False,,False
3040120113,False,0,False,False,,False,,False
3040120114,False,0,False,False,,False,,False
3040130008,False,0,False,False,,False,,False
3040130009,False,1,True,True,bin,False,,False
3040130010,False,0,False,False,,False,,False
3040130011,False,0,False,False,,False,,False
3040130012,False,0,False,False,,False,,False
3040130013,False,0,False,False,,False,,False
3040130014,False,0,False,False,,False,,False
3040130015,False,0,False,False,,False,,False
3040130016,False,1,True,True,bbl,False,,False
3040130017,False,0,False,False,,False,,False
3040130018,False,0,False,False,,False,,False
3040130019,False,0,False,False,,False,,False
3040130109,False,0,False,False,,False,,False
3040130115,False,0,False,False,,False,,False
3040130117,False,0,False,False,,False,,False
3040140009,False,0,False,False,,False,,False
3040140011,False,1,True,True,bin,False,,False
3040140012,False,0,False,False,,False,,False
3040140020,False,0,False,False,,False,,False
3040150015,False,2,True,True,bbl,False,,False
3040150017,False,0,False,False,,False,,False
3040150018,False,0,False,False,,False,,False
3040150019,False,0,False,False,,False,,False
3040150020,False,0,False,False,,False,,False
3040150021,False,0,False,False,,False,,False
3040150022,False,1,True,True,bbl,False,,False
3040150023,False,0,False,False,,False,,False
3040150024,False,0,False,False,,False,,False
3040150025,False,0,False,False,,False,,False
3040150027,False,0,False,False,,False,,False
3040160021,False,0,False,False,,False,,False
3040160022,False,1,True,True,bin,False,,False
3040160023,False,1,True,True,bin,False,,False
3040160024,False,1,True,True,bin,False,,False
3040160025,False,1,True,True,bin,False,,False
3040160026,False,0,False,False,,False,,False
3040160117,False,0,False,False,,False,,False
3040160118,False,0,False,False,,False,,False
3040160119,False,0,False,False,,False,,False
3040160120,False,0,False,False,,False,,False
3040170015,False,0,False,False,,False,,False
3040170019,False,0,False,False,,False,,False
3040170022,False,0,False,False,,False,,False
3040170025,False,0,False,False,,False,,False
3040180008,False,0,False,False,,False,,False
3040180009,False,0,False,False,,False,,False
3040180011,False,0,False,False,,False,,False
3040180012,False,0,False,False,,False,,False
3040180013,False,0,False,False,,False,,False
3040180014,False,0,False,False,,False,,False
3040180015,False,0,False,False,,False,,False
3040180016,False,0,False,False,,False,,False
3040180017,False,0,False,False,,False,,False
3040180018,False,0,False,False,,False,,False
3040180019,False,0,False,False,,False,,False
3040180111,False,0,False,False,,False,,False
3040180118,False,0,False,False,,False,,False
3040190010,False,0,False,False,,False,,False
3040190015,False,0,False,False,,False,,False
3040190020,False,0,False,False,,False,,False
3040190111,False,0,False,False,,False,,False
3040190112,False,0,False,False,,False,,False
3040190113,False,0,False,False,,False,,False
3040190116,False,0,False,False,,False,,False
3040190117,False,0,False,False,,False,,False
3040190118,False,0,False,False,,False,,False
3040190120,False,0,False,False,,False,,False
3040200008,False,0,False,False,,False,,False
3040200010,False,0,False,False,,False,,False
3040200011,False,0,False,False,,False,,False
3040200012,False,0,False,False,,False,,False
3040200013,False,0,False,False,,False,,False
3040200015,False,0,False,False,,False,,False
3040200016,False,1,True,True,bin,False,,False
3040200017,False,0,False,False,,False,,False
3040200018,False,0,False,False,,False,,False
3040200019,False,0,False,False,,False,,False
3040200020,False,0,False,False,,False,,False
3040210014,False,0,False,False,,False,,False
3040210015,False,0,False,False,,False,,False
3040210016,False,0,False,False,,False,,False
3040210017,False,0,False,False,,False,,False
3040210018,False,0,False,False,,False,,False
3040210019,False,0,False,False,,False,,False
3040210122,False,0,False,False,,False,,False
3040210123,False,0,False,False,,False,,False
3040210124,False,0,False,False,,False,,False
3040210125,False,0,False,False,,False,,False
3040230011,False,0,False,False,,False,,False
3040230012,False,1,True,True,bin,False,,False
3040230013,False,0,False,False,,False,,False
3040230014,False,0,False,False,,False,,False
3040230015,False,0,False,False,,False,,False
3040230016,False,0,False,False,,False,,False
3040230017,False,0,False,False,,False,,False
3040230018,False,0,False,False,,False,,False
3040230019,False,0,False,False,,False,,False
3040230020,False,0,False,False,,False,,False
3040230021,False,0,False,False,,False,,False
3040230022,False,0,False,False,,False,,False
3040230024,False,0,False,False,,False,,False
3040240010,False,0,False,False,,False,,False
3040240015,False,0,False,False,,False,,False
3040240016,False,0,False,False,,False,,False
3040240017,False,0,False,False,,False,,False
3040240018,False,0,False,False,,False,,False
3041370000,True,0,False,False,,False,,False
3041370001,False,0,False,False,,False,,False
3041370002,False,0,False,False,,False,,False
3041370003,False,0,False,False,,False,,False
3041370004,False,0,False,False,,False,,False
3041370005,False,0,False,False,,False,,False
3041370006,False,0,False,False,,False,,False
3041370007,False,0,False,False,,False,,False
3041370008,False,0,False,False,,False,,False
3041370009,False,0,False,False,,False,,False
3041370010,False,0,False,False,,False,,False
3041370012,False,0,False,False,,False,,False
3041370013,False,0,False,False,,False,,False
3041370014,False,0,False,False,,False,,False
3041370016,False,0,False,False,,False,,False
3041370017,False,0,False,False,,False,,False
3041370018,False,0,False,False,,False,,False
3041370019,False,0,False,False,,False,,False
3041370020,False,0,False,False,,False,,False
3041370021,False,0,False,False,,False,,False
3041370022,False,0,False,False,,False,,False
3041370023,False,0,False,False,,False,,False
3041370024,False,0,False,False,,False,,False
3041370025,False,0,False,False,,False,,False
3041370026,False,0,False,False,,False,,False
3041370027,False,0,False,False,,False,,False
3041370028,False,0,False,False,,False,,False
3041370029,False,0,False,False,,False,,False
3041370030,False,0,False,False,,False,,False
3041370031,False,0,False,False,,False,,False
3041370032,False,0,False,False,,False,,False
3041370033,False,0,False,False,,False,,False
3041370034,False,0,False,False,,False,,False
3041370035,False,0,False,False,,False,,False
3041370036,False,0,False,False,,False,,False
3041370037,False,0,False,False,,False,,False
3041370038,False,0,False,False,,False,,False
3041370039,False,0,False,False,,False,,False
3041370043,False,0,False,False,,False,,False
3041370044,False,0,False,False,,False,,False
3041370056,False,0,False,False,,False,,False
3041370063,False,0,False,False,,False,,False
3041370118,False,0,False,False,,False,,False
3041370119,False,0,False,False,,False,,False
3041370121,False,0,False,False,,False,,False
3041370122,False,0,False,False,,False,,False
3041370133,False,0,False,False,,False,,False
3041370134,False,0,False,False,,False,,False
3041390000,True,0,False,False,,False,,False
3041390001,False,0,False,False,,False,,False
3041390002,False,0,False,False,,False,,False
3041390003,False,0,False,False,,False,,False
3041390004,False,0,False,False,,False,,False
3041390005,False,0,False,False,,False,,False
3041390006,False,0,False,False,,False,,False
3041390007,False,0,False,False,,False,,False
3041390008,False,0,False,False,,False,,False
3041390009,False,0,False,False,,False,,False
3041390010,False,0,False,False,,False,,False
3041390011,False,0,False,False,,False,,False
3041390012,False,0,False,False,,False,,False
3041390025,False,0,False,False,,False,,False
3041390029,False,0,False,False,,False,,False
3041390103,False,0,False,False,,False,,False
3041400000,True,0,False,False,,False,,False
3041400001,False,0,False,False,,False,,False
3041400005,False,0,False,False,,False,,False
3041400010,False,0,False,False,,False,,False
3041400012,False,0,False,False,,False,,False
3041400013,False,0,False,False,,False,,False
3041400022,False,0,False,False,,False,,False
3041400023,False,0,False,False,,False,,False
3041400024,False,0,False,False,,False,,False
3041400025,False,0,False,False,,False,,False
3041400026,False,0,False,False,,False,,False
3041400027,False,0,False,False,,False,,False
3041400028,False,0,False,False,,False,,False
3041410000,True,0,False,False,,False,,False
3041410001,False,0,False,False,,False,,False
3041410004,False,0,False,False,,False,,False
3041410006,False,0,False,False,,False,,False
3041410007,False,0,False,False,,False,,False
3041410008,False,0,False,False,,False,,False
3041410009,False,0,False,False,,False,,False
3041410010,False,0,False,False,,False,,False
3041410011,False,0,False,False,,False,,False
3041410014,False,0,False,False,,False,,False
3041410016,False,0,False,False,,False,,False
3041410017,False,0,False,False,,False,,False
3041410018,False,0,False,False,,False,,False
3041410019,False,0,False,False,,False,,False
3041410020,False,0,False,False,,False,,False
3041410021,False,0,False,False,,False,,False
3041410022,False,0,False,False,,False,,False
3041410023,False,0,False,False,,False,,False
3041410024,False,0,False,False,,False,,False
3041410025,False,0,False,False,,False,,False
3041410026,False,0,False,False,,False,,False
3041410027,False,0,False,False,,False,,False
3041410030,False,0,False,False,,False,,False
3041410033,False,0,False,False,,False,,False
3041410035,False,0,False,False,,False,,False
3041410039,False,0,False,False,,False,,False
3041410122,False,0,False,False,,False,,False
3041410123,False,0,False,False,,False,,False
3041410124,False,0,False,False,,False,,False
3041420000,True,0,False,False,,False,,False
3041420001,False,0,False,False,,False,,False
3041420032,False,0,False,False,,False,,False
3041427501,False,1,True,True,bbl,False,,False
3041430000,True,0,False,False,,False,,False
3041430003,False,1,True,True,bbl,False,,False
3041437501,False,1,True,True,bbl,False,,False
3041437502,False,1,True,True,bbl,False,,False
3041530000,True,0,False,False,,False,,False
3041530001,False,0,False,False,,False,,False
3041530002,False,0,False,False,,False,,False
3041530003,False,0,False,False,,False,,False
3041530004,False,0,False,False,,False,,False
3041530005,False,0,False,False,,False,,False
3041530006,False,0,False,False,,False,,False
3041530007,False,0,False,False,,False,,False
3041530008,False,0,False,False,,False,,False
3041530009,False,0,False,False,,False,,False
3041530010,False,0,False,False,,False,,False
3041530011,False,0,False,False,,False,,False
3041530012,False,0,False,False,,False,,False
3041530013,False,0,False,False,,False,,False
3041530014,False,0,False,False,,False,,False
3041530015,False,0,False,False,,False,,False
3041530016,False,0,False,False,,False,,False
3041530017,False,0,False,False,,False,,False
3041530018,False,0,False,False,,False,,False
3041530019,False,0,False,False,,False,,False
3041530020,False,0,False,False,,False,,False
3041530021,False,1,True,True,bin,False,,False
3041530022,False,0,False,False,,False,,False
3041530023,False,0,False,False,,False,,False
3041530024,False,0,False,False,,False,,False
3041530025,False,1,True,True,bin,False,,False
3041530026,False,0,False,False,,False,,False
3041530027,False,1,True,True,bbl,False,,False
3041530028,False,1,True,True,bbl,False,,False
3041530029,False,0,False,False,,False,,False
3041530030,False,0,False,False,,False,,False
3041530031,False,0,False,False,,False,,False
3041530032,False,0,False,False,,False,,False
3041530033,False,0,False,False,,False,,False
3041530034,False,0,False,False,,False,,False
3041530040,False,2,True,True,bin,False,,False
3041530044,False,1,True,True,bbl,False,,False
3041530051,False,0,False,False,,False,,False
3041530052,False,0,False,False,,False,,False
3041530053,False,0,False,False,,False,,False
3041530054,False,0,False,False,,False,,False
3041530055,False,0,False,False,,False,,False
3041530056,False,0,False,False,,False,,False
3041530057,False,0,False,False,,False,,False
3041530058,False,0,False,False,,False,,False
3041530059,False,0,False,False,,False,,False
3041530060,False,0,False,False,,False,,False
3041530061,False,0,False,False,,False,,False
3041530062,False,0,False,False,,False,,False
3041530063,False,0,False,False,,False,,False
3041530064,False,0,False,False,,False,,False
3041530067,False,0,False,False,,False,,False
3041530068,False,0,False,False,,False,,False
3041530069,False,0,False,False,,False,,False
3041530070,False,0,False,False,,False,,False
3041530071,False,0,False,False,,False,,False
3041530073,False,0,False,False,,False,,False
3041530074,False,0,False,False,,False,,False
3041530075,False,0,False,False,,False,,False
3041530076,False,0,False,False,,False,,False
3041530078,False,0,False,False,,False,,False
3041530079,False,0,False,False,,False,,False
3041530080,False,0,False,False,,False,,False
3041530081,False,0,False,False,,False,,False
3041530082,False,0,False,False,,False,,False
3041530146,False,0,False,False,,False,,False
3041530147,False,0,False,False,,False,,False
3041530148,False,0,False,False,,False,,False
3041530149,False,0,False,False,,False,,False
3041530155,False,0,False,False,,False,,False
3041540000,True,0,False,False,,False,,False
3041540001,False,0,False,False,,False,,False
3041540003,False,0,False,False,,False,,False
3041540004,False,0,False,False,,False,,False
3041540007,False,1,True,True,bin,False,,False
3041540008,False,1,True,True,bin,False,,False
3041540009,False,0,False,False,,False,,False
3041540010,False,0,False,False,,False,,False
3041540011,False,0,False,False,,False,,False
3041540012,False,0,False,False,,False,,False
3041540013,False,0,False,False,,False,,False
3041540014,False,0,False,False,,False,,False
3041540017,False,0,False,False,,False,,False
3041540018,False,0,False,False,,False,,False
3041540019,False,1,True,True,bin,False,,False
3041540021,False,0,False,False,,False,,False
3041540022,False,0,False,False,,False,,False
3041540023,False,0,False,False,,False,,False
3041540024,False,0,False,False,,False,,False
3041540025,False,0,False,False,,False,,False
3041540026,False,0,False,False,,False,,False
3041540027,False,1,True,True,bin,False,,False
3041540059,False,0,False,False,,False,,False
3041540060,False,0,False,False,,False,,False
3041540061,False,1,True,True,bin,False,,False
3041540063,False,0,False,False,,False,,False
3041540064,False,0,False,False,,False,,False
3041540065,False,0,False,False,,False,,False
3041540066,False,0,False,False,,False,,False
3041540067,False,0,False,False,,False,,False
3041540068,False,0,False,False,,False,,False
3041540069,False,0,False,False,,False,,False
3041540070,False,0,False,False,,False,,False
3041540071,False,0,False,False,,False,,False
3041540072,False,0,False,False,,False,,False
3041540073,False,0,False,False,,False,,False
3041540074,False,0,False,False,,False,,False
3041540075,False,0,False,False,,False,,False
3041540076,False,0,False,False,,False,,False
3041540077,False,0,False,False,,False,,False
3041540078,False,0,False,False,,False,,False
3041540079,False,0,False,False,,False,,False
3041540080,False,0,False,False,,False,,False
3041540081,False,0,False,False,,False,,False
3041540082,False,0,False,False,,False,,False
3041540083,False,0,False,False,,False,,False
3041540084,False,0,False,False,,False,,False
3041540085,False,0,False,False,,False,,False
3041540086,False,0,False,False,,False,,False
3041540087,False,1,True,True,bin,False,,False
3041540088,False,0,False,False,,False,,False
3041540089,False,0,False,False,,False,,False
3041540090,False,0,False,False,,False,,False
3041540091,False,0,False,False,,False,,False
3041540092,False,0,False,False,,False,,False
3041540094,False,0,False,False,,False,,False
3041540095,False,0,False,False,,False,,False
3041540098,False,0,False,False,,False,,False
3041540099,False,0,False,False,,False,,False
3041540100,False,0,False,False,,False,,False
3041547501,False,1,True,True,bbl,False,,False
3041570000,True,0,False,False,,False,,False
3041570001,False,0,False,False,,False,,False
3041570004,False,0,False,False,,False,,False
3041570005,False,0,False,False,,False,,False
3041570006,False,0,False,False,,False,,False
3041570007,False,0,False,False,,False,,False
3041570008,False,0,False,False,,False,,False
3041570009,False,0,False,False,,False,,False
3041570010,False,0,False,False,,False,,False
3041570011,False,0,False,False,,False,,False
3041570012,False,0,False,False,,False,,False
3041570014,False,0,False,False,,False,,False
3041570015,False,0,False,False,,False,,False
3041570032,False,2,True,True,bin,False,,False
3041570045,False,0,False,False,,False,,False
3041570046,False,0,False,False,,False,,False
3041570047,False,0,False,False,,False,,False
3041570048,False,0,False,False,,False,,False
3041570049,False,0,False,False,,False,,False
3041570050,False,0,False,False,,False,,False
3041570051,False,0,False,False,,False,,False
3041570052,False,0,False,False,,False,,False
3041570053,False,0,False,False,,False,,False
3041570056,False,0,False,False,,False,,False
3041570057,False,0,False,False,,False,,False
3041570058,False,0,False,False,,False,,False
3041570059,False,0,False,False,,False,,False
3041570060,False,0,False,False,,False,,False
3041570061,False,0,False,False,,False,,False
3041570062,False,0,False,False,,False,,False
3041570063,False,0,False,False,,False,,False
3041570064,False,0,False,False,,False,,False
3041570065,False,0,False,False,,False,,False
3041570066,False,0,False,False,,False,,False
3041570067,False,0,False,False,,False,,False
3041570068,False,0,False,False,,False,,False
3041570069,False,0,False,False,,False,,False
3041570070,False,0,False,False,,False,,False
3041570071,False,0,False,False,,False,,False
3041620000,True,0,False,False,,False,,False
3041620001,False,0,False,False,,False,,False
3041620002,False,2,True,True,bin,False,,False
3041620010,False,0,False,False,,False,,False
3041620011,False,0,False,False,,False,,False
3041620012,False,0,False,False,,False,,False
3041620013,False,0,False,False,,False,,False
3041620014,False,0,False,False,,False,,False
3041620015,False,0,False,False,,False,,False
3041620016,False,0,False,False,,False,,False
3041620018,False,0,False,False,,False,,False
3041620022,False,0,False,False,,False,,False
3041620029,False,0,False,False,,False,,False
3041620033,False,0,False,False,,False,,False
3041620035,False,0,False,False,,False,,False
3041620036,False,0,False,False,,False,,False
3041620037,False,0,False,False,,False,,False
3041620038,False,0,False,False,,False,,False
3041620039,False,0,False,False,,False,,False
3041620040,False,0,False,False,,False,,False
3041620041,False,0,False,False,,False,,False
3041620044,False,0,False,False,,False,,False
3041620047,False,0,False,False,,False,,False
3041620049,False,0,False,False,,False,,False
3041620050,False,0,False,False,,False,,False
3041620051,False,0,False,False,,False,,False
3041620052,False,0,False,False,,False,,False
3041620053,False,0,False,False,,False,,False
3041620054,False,0,False,False,,False,,False
3041620140,False,0,False,False,,False,,False
3041890000,True,0,False,False,,False,,False
3041890001,False,0,False,False,,False,,False
3041890005,False,0,False,False,,False,,False
3041890006,False,0,False,False,,False,,False
3041890007,False,0,False,False,,False,,False
3041890008,False,0,False,False,,False,,False
3041890009,False,0,False,False,,False,,False
3041890010,False,0,False,False,,False,,False
3041890011,False,0,False,False,,False,,False
3041890012,False,0,False,False,,False,,False
3041890013,False,0,False,False,,False,,False
3041890014,False,0,False,False,,False,,False
3041890034,False,0,False,False,,False,,False
3041890036,False,0,False,False,,False,,False
3041890038,False,0,False,False,,False,,False
3041890039,False,0,False,False,,False,,False
3041890041,False,0,False,False,,False,,False
3041890045,False,0,False,False,,False,,False
3041890046,False,0,False,False,,False,,False
3041890047,False,0,False,False,,False,,False
3041890048,False,0,False,False,,False,,False
3041890049,False,0,False,False,,False,,False
3041890142,False,0,False,False,,False,,False
3041890143,False,0,False,False,,False,,False
3041890144,False,0,False,False,,False,,False
3041900000,True,0,False,False,,False,,False
3041900001,False,0,False,False,,False,,False
3041900006,False,0,False,False,,False,,False
3041900007,False,0,False,False,,False,,False
3041900010,False,0,False,False,,False,,False
3041900011,False,0,False,False,,False,,False
3041900012,False,1,True,True,bbl,False,,False
3041900013,False,0,False,False,,False,,False
3041900014,False,0,False,False,,False,,False
3041900015,False,0,False,False,,False,,False
3041900017,False,0,False,False,,False,,False
3041900025,False,1,True,True,bin,False,,False
3041900040,False,1,True,True,bin,False,,False
3041900041,False,0,False,False,,False,,False
3041900042,False,0,False,False,,False,,False
3041900044,False,0,False,False,,False,,False
3041900045,False,0,False,False,,False,,False
3041900046,False,0,False,False,,False,,False
3041900051,False,0,False,False,,False,,False
3041900108,False,0,False,False,,False,,False
3041900131,False,0,False,False,,False,,False
3041900132,False,0,False,False,,False,,False
3041900133,False,0,False,False,,False,,False
3041900134,False,0,False,False,,False,,False
3041900135,False,0,False,False,,False,,False
3041900136,False,0,False,False,,False,,False
3041900137,False,0,False,False,,False,,False
3041900138,False,0,False,False,,False,,False
3041900141,False,0,False,False,,False,,False
3041900147,False,0,False,False,,False,,False
3041900148,False,0,False,False,,False,,False
3041900149,False,0,False,False,,False,,False
3041920000,True,0,False,False,,False,,False
3041920001,False,1,True,True,bin,False,,False
3041920005,False,0,False,False,,False,,False
3041920006,False,0,False,False,,False,,False
3041920007,False,0,False,False,,False,,False
3041920008,False,1,True,True,bin,False,,False
3041920009,False,0,False,False,,False,,False
3041920010,False,0,False,False,,False,,False
3041920011,False,0,False,False,,False,,False
3041920012,False,1,True,True,bin,False,,False
3041920013,False,0,False,False,,False,,False
3041920014,False,0,False,False,,False,,False
3041920015,False,0,False,False,,False,,False
3041920016,False,0,False,False,,False,,False
3041920021,False,0,False,False,,False,,False
3041920027,False,0,False,False,,False,,False
3041920028,False,0,False,False,,False,,False
3041920029,False,0,False,False,,False,,False
3041920030,False,0,False,False,,False,,False
3041920031,False,0,False,False,,False,,False
3041920032,False,0,False,False,,False,,False
3041920033,False,0,False,False,,False,,False
3041920034,False,0,False,False,,False,,False
3041920035,False,0,False,False,,False,,False
3041920036,False,1,True,True,bin,False,,False
3041920037,False,0,False,False,,False,,False
3041920039,False,0,False,False,,False,,False
3041920040,False,1,True,True,bbl,False,,False
3041920041,False,0,False,False,,False,,False
3041920044,False,0,False,False,,False,,False
3041920045,False,0,False,False,,False,,False
3041920046,False,0,False,False,,False,,False
3041920047,False,1,True,True,bin,False,,False
3041920117,False,0,False,False,,False,,False
3041920118,False,0,False,False,,False,,False
3041920119,False,0,False,False,,False,,False
3041920122,False,0,False,False,,False,,False
3041920123,False,0,False,False,,False,,False
3041920124,False,0,False,False,,False,,False
3041920125,False,0,False,False,,False,,False
3041920142,False,0,False,False,,False,,False
3041920143,False,0,False,False,,False,,False
3041930000,True,0,False,False,,False,,False
3041930001,False,0,False,False,,False,,False
3041930003,False,0,False,False,,False,,False
3041930005,False,0,False,False,,False,,False
3041930007,False,0,False,False,,False,,False
3041930009,False,0,False,False,,False,,False
3041930010,False,0,False,False,,False,,False
3041930012,False,0,False,False,,False,,False
3041930017,False,0,False,False,,False,,False
3041930021,False,0,False,False,,False,,False
3041930022,False,0,False,False,,False,,False
3041930023,False,0,False,False,,False,,False
3041930025,False,0,False,False,,False,,False
3041930027,False,0,False,False,,False,,False
3041930028,False,0,False,False,,False,,False
3041930029,False,0,False,False,,False,,False
3041930031,False,0,False,False,,False,,False
3041930039,False,0,False,False,,False,,False
3041930129,False,2,True,True,bbl,False,,False
3041930132,False,0,False,False,,False,,False
3041930133,False,0,False,False,,False,,False
3041930134,False,0,False,False,,False,,False
3041930136,False,0,False,False,,False,,False
3041930137,False,0,False,False,,False,,False
3041930138,False,0,False,False,,False,,False
3041940000,True,0,False,False,,False,,False
3041940001,False,0,False,False,,False,,False
3041940006,False,0,False,False,,False,,False
3041940008,False,0,False,False,,False,,False
3041940010,False,0,False,False,,False,,False
3041940012,False,0,False,False,,False,,False
3041940014,False,0,False,False,,False,,False
3041940017,False,0,False,False,,False,,False
3041940020,False,0,False,False,,False,,False
3041940023,False,0,False,False,,False,,False
3041940024,False,0,False,False,,False,,False
3041940025,False,0,False,False,,False,,False
3041940028,False,0,False,False,,False,,False
3041940029,False,0,False,False,,False,,False
3041940030,False,0,False,False,,False,,False
3041940031,False,0,False,False,,False,,False
3041940033,False,0,False,False,,False,,False
3041940035,False,0,False,False,,False,,False
3041940037,False,0,False,False,,False,,False
3041940039,False,0,False,False,,False,,False
3041940041,False,0,False,False,,False,,False
3041940042,False,0,False,False,,False,,False
3041940110,False,0,False,False,,False,,False
3041950000,True,0,False,False,,False,,False
3041950001,False,0,False,False,,False,,False
3041950006,False,0,False,False,,False,,False
3041950021,False,0,False,False,,False,,False
3041950030,False,0,False,False,,False,,False
3041950034,False,0,False,False,,False,,False
3041950035,False,0,False,False,,False,,False
3041950036,False,0,False,False,,False,,False
3041950037,False,0,False,False,,False,,False
3041950038,False,0,False,False,,False,,False
3041950040,False,0,False,False,,False,,False
3041950041,False,0,False,False,,False,,False
3041950042,False,0,False,False,,False,,False
3041950043,False,0,False,False,,False,,False
3041970000,True,0,False,False,,False,,False
3041970001,False,0,False,False,,False,,False
3041970006,False,0,False,False,,False,,False
3041970023,False,0,False,False,,False,,False
3041970024,False,0,False,False,,False,,False
3041970025,False,0,False,False,,False,,False
3041970026,False,0,False,False,,False,,False
3041970027,False,0,False,False,,False,,False
3042080000,True,0,False,False,,False,,False
3042080005,False,0,False,False,,False,,False
3042080007,False,0,False,False,,False,,False
3042080009,False,0,False,False,,False,,False
3042080010,False,1,True,True,bbl,False,,False
3042080011,False,0,False,False,,False,,False
3042080013,False,0,False,False,,False,,False
3042080014,False,0,False,False,,False,,False
3042080017,False,1,True,True,bin,False,,False
3042080018,False,0,False,False,,False,,False
3042080019,False,0,False,False,,False,,False
3042080020,False,0,False,False,,False,,False
3042080022,False,0,False,False,,False,,False
3042080023,False,0,False,False,,False,,False
3042080024,False,0,False,False,,False,,False
3042080025,False,0,False,False,,False,,False
3042080026,False,0,False,False,,False,,False
3042080028,False,0,False,False,,False,,False
3042080029,False,0,False,False,,False,,False
3042080031,False,0,False,False,,False,,False
3042080032,False,0,False,False,,False,,False
3042080033,False,0,False,False,,False,,False
3042080035,False,1,True,True,bbl,False,,False
3042080036,False,0,False,False,,False,,False
3042080037,False,0,False,False,,False,,False
3042080038,False,0,False,False,,False,,False
3042080039,False,0,False,False,,False,,False
3042080040,False,0,False,False,,False,,False
3042080041,False,0,False,False,,False,,False
3042080042,False,0,False,False,,False,,False
3042080044,False,0,False,False,,False,,False
3042080045,False,0,False,False,,False,,False
3042080048,False,0,False,False,,False,,False
3042080049,False,0,False,False,,False,,False
3042090000,True,0,False,False,,False,,False
3042090001,False,0,False,False,,False,,False
3042090002,False,0,False,False,,False,,False
3042090003,False,0,False,False,,False,,False
3042090004,False,0,False,False,,False,,False
3042090005,False,0,False,False,,False,,False
3042090006,False,0,False,False,,False,,False
3042090007,False,0,False,False,,False,,False
3042090008,False,0,False,False,,False,,False
3042090009,False,0,False,False,,False,,False
3042090010,False,0,False,False,,False,,False
3042090011,False,0,False,False,,False,,False
3042090012,False,0,False,False,,False,,False
3042090013,False,0,False,False,,False,,False
3042090014,False,0,False,False,,False,,False
3042090015,False,0,False,False,,False,,False
3042090016,False,0,False,False,,False,,False
3042090018,False,0,False,False,,False,,False
3042090020,False,0,False,False,,False,,False
3042090021,False,0,False,False,,False,,False
3042090022,False,0,False,False,,False,,False
3042090023,False,0,False,False,,False,,False
3042090024,False,0,False,False,,False,,False
3042090025,False,0,False,False,,False,,False
3042090026,False,0,False,False,,False,,False
3042090027,False,1,True,True,bin,False,,False
3042090028,False,0,False,False,,False,,False
3042090029,False,0,False,False,,False,,False
3042090030,False,1,True,True,bin,False,,False
3042090031,False,0,False,False,,False,,False
3042090032,False,0,False,False,,False,,False
3042090033,False,0,False,False,,False,,False
3042090034,False,0,False,False,,False,,False
3042090035,False,0,False,False,,False,,False
3042090036,False,0,False,False,,False,,False
3042090037,False,0,False,False,,False,,False
3042090038,False,0,False,False,,False,,False
3042090039,False,2,True,True,bbl,False,,False
3042090040,False,1,True,True,bbl,False,,False
3042090041,False,1,True,True,bbl,False,,False
3042090042,False,0,False,False,,False,,False
3042090043,False,0,False,False,,False,,False
3042090044,False,0,False,False,,False,,False
3042090137,False,0,False,False,,False,,False
3042100000,True,0,False,False,,False,,False
3042100001,False,0,False,False,,False,,False
3042100002,False,0,False,False,,False,,False
3042100003,False,0,False,False,,False,,False
3042100004,False,0,False,False,,False,,False
3042100005,False,0,False,False,,False,,False
3042100007,False,0,False,False,,False,,False
3042100008,False,0,False,False,,False,,False
3042100009,False,0,False,False,,False,,False
3042100010,False,0,False,False,,False,,False
3042100011,False,0,False,False,,False,,False
3042100012,False,0,False,False,,False,,False
3042100013,False,0,False,False,,False,,False
3042100014,False,0,False,False,,False,,False
3042100015,False,0,False,False,,False,,False
3042100016,False,0,False,False,,False,,False
3042100017,False,1,True,True,bin,False,,False
3042100023,False,0,False,False,,False,,False
3042100024,False,0,False,False,,False,,False
3042100025,False,0,False,False,,False,,False
3042100026,False,0,False,False,,False,,False
3042100027,False,0,False,False,,False,,False
3042100028,False,0,False,False,,False,,False
3042100029,False,0,False,False,,False,,False
3042100030,False,0,False,False,,False,,False
3042100031,False,0,False,False,,False,,False
3042100032,False,0,False,False,,False,,False
3042100034,False,1,True,True,bbl,False,,False
3042100035,False,0,False,False,,False,,False
3042100043,False,0,False,False,,False,,False
3042110000,True,0,False,False,,False,,False
3042110001,False,0,False,False,,False,,False
3042110003,False,1,True,True,bin,False,,False
3042110005,False,0,False,False,,False,,False
3042110006,False,0,False,False,,False,,False
3042110007,False,0,False,False,,False,,False
3042110008,False,0,False,False,,False,,False
3042110009,False,1,True,True,bin,False,,False
3042110011,False,0,False,False,,False,,False
3042110014,False,0,False,False,,False,,False
3042110017,False,0,False,False,,False,,False
3042110018,False,0,False,False,,False,,False
3042110019,False,1,True,True,bin,False,,False
3042110020,False,0,False,False,,False,,False
3042110021,False,0,False,False,,False,,False
3042110022,False,0,False,False,,False,,False
3042110025,False,0,False,False,,False,,False
3042110026,False,0,False,False,,False,,False
3042110027,False,0,False,False,,False,,False
3042110028,False,0,False,False,,False,,False
3042110029,False,0,False,False,,False,,False
3042110030,False,0,False,False,,False,,False
3042110031,False,0,False,False,,False,,False
3042110032,False,0,False,False,,False,,False
3042110033,False,0,False,False,,False,,False
3042110034,False,1,True,True,bbl,False,,False
3042110036,False,0,False,False,,False,,False
3042110037,False,0,False,False,,False,,False
3042110038,False,0,False,False,,False,,False
3042110039,False,0,False,False,,False,,False
3042110040,False,0,False,False,,False,,False
3042110041,False,0,False,False,,False,,False
3042110042,False,0,False,False,,False,,False
3042110043,False,0,False,False,,False,,False
3042110045,False,0,False,False,,False,,False
3042120000,True,0,False,False,,False,,False
3042120001,False,0,False,False,,False,,False
3042120002,False,0,False,False,,False,,False
3042120003,False,0,False,False,,False,,False
3042120004,False,0,False,False,,False,,False
3042120005,False,0,False,False,,False,,False
3042120006,False,0,False,False,,False,,False
3042120007,False,0,False,False,,False,,False
3042120008,False,0,False,False,,False,,False
3042120009,False,0,False,False,,False,,False
3042120010,False,0,False,False,,False,,False
3042120011,False,0,False,False,,False,,False
3042120012,False,0,False,False,,False,,False
3042120013,False,0,False,False,,False,,False
3042120015,False,1,True,True,bin,False,,False
3042120016,False,0,False,False,,False,,False
3042120017,False,0,False,False,,False,,False
3042120018,False,0,False,False,,False,,False
3042120020,False,0,False,False,,False,,False
3042120026,False,0,False,False,,False,,False
3042120028,False,1,True,True,bin,False,,False
3042120030,False,0,False,False,,False,,False
3042120031,False,0,False,False,,False,,False
3042120032,False,0,False,False,,False,,False
3042120033,False,0,False,False,,False,,False
3042120034,False,1,True,True,bin,False,,False
3042120035,False,1,True,True,bbl,False,,False
3042120037,False,0,False,False,,False,,False
3042120038,False,0,False,False,,False,,False
3042120039,False,0,False,False,,False,,False
3042120040,False,0,False,False,,False,,False
3042120041,False,0,False,False,,False,,False
3042120042,False,0,False,False,,False,,False
3042120043,False,0,False,False,,False,,False
3042120044,False,0,False,False,,False,,False
3042130000,True,0,False,False,,False,,False
3042130001,False,0,False,False,,False,,False
3042130007,False,0,False,False,,False,,False
3042130008,False,0,False,False,,False,,False
3042130009,False,0,False,False,,False,,False
3042130012,False,0,False,False,,False,,False
3042130013,False,0,False,False,,False,,False
3042130014,False,0,False,False,,False,,False
3042130016,False,0,False,False,,False,,False
3042140000,True,0,False,False,,False,,False
3042140001,False,0,False,False,,False,,False
3042140006,False,0,False,False,,False,,False
3042140027,False,0,False,False,,False,,False
3042140028,False,0,False,False,,False,,False
3042140029,False,0,False,False,,False,,False
3042140030,False,0,False,False,,False,,False
3042140031,False,0,False,False,,False,,False
3042140032,False,0,False,False,,False,,False
3042140033,False,0,False,False,,False,,False
3042140034,False,0,False,False,,False,,False
3042140035,False,0,False,False,,False,,False
3042147501,False,1,True,True,bbl,False,,False
3042150000,True,0,False,False,,False,,False
3042150001,False,0,False,False,,False,,False
3042150006,False,0,False,False,,False,,False
3042150007,False,1,True,True,bin,False,,False
3042150008,False,1,True,True,bin,False,,False
3042150009,False,0,False,False,,False,,False
3042150010,False,0,False,False,,False,,False
3042150011,False,0,False,False,,False,,False
3042150012,False,0,False,False,,False,,False
3042150013,False,0,False,False,,False,,False
3042150014,False,0,False,False,,False,,False
3042150015,False,0,False,False,,False,,False
3042150016,False,0,False,False,,False,,False
3042150017,False,0,False,False,,False,,False
3042150018,False,0,False,False,,False,,False
3042150020,False,0,False,False,,False,,False
3042150021,False,0,False,False,,False,,False
3042150022,False,0,False,False,,False,,False
3042150023,False,0,False,False,,False,,False
3042150024,False,0,False,False,,False,,False
3042150025,False,0,False,False,,False,,False
3042150026,False,0,False,False,,False,,False
3042150027,False,0,False,False,,False,,False
3042150028,False,0,False,False,,False,,False
3042150029,False,0,False,False,,False,,False
3042150030,False,0,False,False,,False,,False
3042150031,False,0,False,False,,False,,False
3042150032,False,0,False,False,,False,,False
3042150034,False,1,True,True,bin,False,,False
3042150037,False,0,False,False,,False,,False
3042150038,False,0,False,False,,False,,False
3042150039,False,0,False,False,,False,,False
3042150040,False,0,False,False,,False,,False
3042150042,False,0,False,False,,False,,False
3042150043,False,0,False,False,,False,,False
3042150044,False,0,False,False,,False,,False
3042150045,False,0,False,False,,False,,False
