coundist,borough,month,evictions,evictions_12mo,yoy_diff,yoy_change
1,Manhattan,2017-01,23,,,
1,Manhattan,2017-02,12,,,
1,Manhattan,2017-03,12,,,
1,Manhattan,2017-04,10,,,
1,Manhattan,2017-05,10,,,
1,Manhattan,2017-06,11,,,
1,Manhattan,2017-07,15,,,
1,Manhattan,2017-08,16,,,
1,Manhattan,2017-09,8,,,
1,Manhattan,2017-10,13,,,
1,Manhattan,2017-11,11,,,
1,Manhattan,2017-12,4,145,,
1,Manhattan,2018-01,13,135,-10,-0.4348
1,Manhattan,2018-02,15,138,3,0.25
1,Manhattan,2018-03,11,137,-1,-0.0833
1,Manhattan,2018-04,16,143,6,0.6
1,Manhattan,2018-05,14,147,4,0.4
1,Manhattan,2018-06,12,148,1,0.0909
1,Manhattan,2018-07,8,141,-7,-0.4667
1,Manhattan,2018-08,10,135,-6,-0.375
1,Manhattan,2018-09,10,137,2,0.25
1,Manhattan,2018-10,13,137,0,0.0
1,Manhattan,2018-11,9,135,-2,-0.1818
1,Manhattan,2018-12,7,138,3,0.75
1,Manhattan,2019-01,13,138,0,0.0
1,Manhattan,2019-02,12,135,-3,-0.2
1,Manhattan,2019-03,6,130,-5,-0.4545
1,Manhattan,2019-04,9,123,-7,-0.4375
1,Manhattan,2019-05,12,121,-2,-0.1429
1,Manhattan,2019-06,20,129,8,0.6667
1,Manhattan,2019-07,16,137,8,1.0
1,Manhattan,2019-08,9,136,-1,-0.1
1,Manhattan,2019-09,9,135,-1,-0.1
1,Manhattan,2019-10,9,131,-4,-0.3077
1,Manhattan,2019-11,5,127,-4,-0.4444
1,Manhattan,2019-12,5,125,-2,-0.2857
1,Manhattan,2020-01,11,123,-2,-0.1538
1,Manhattan,2020-02,8,119,-4,-0.3333
1,Manhattan,2020-03,5,118,-1,-0.1667
1,Manhattan,2020-04,0,109,-9,-1.0
1,Manhattan,2020-05,0,97,-12,-1.0
1,Manhattan,2020-06,0,77,-20,-1.0
1,Manhattan,2020-07,0,61,-16,-1.0
1,Manhattan,2020-08,0,52,-9,-1.0
1,Manhattan,2020-09,0,43,-9,-1.0
1,Manhattan,2020-10,0,34,-9,-1.0
1,Manhattan,2020-11,0,29,-5,-1.0
1,Manhattan,2020-12,0,24,-5,-1.0
1,Manhattan,2021-01,0,13,-11,-1.0
1,Manhattan,2021-02,0,5,-8,-1.0
1,Manhattan,2021-03,0,0,-5,-1.0
1,Manhattan,2021-04,0,0,0,
1,Manhattan,2021-05,0,0,0,
1,Manhattan,2021-06,0,0,0,
1,Manhattan,2021-07,4,4,4,
1,Manhattan,2021-08,0,4,0,
1,Manhattan,2021-09,0,4,0,
1,Manhattan,2021-10,0,4,0,
1,Manhattan,2021-11,0,4,0,
1,Manhattan,2021-12,0,4,0,
1,Manhattan,2022-01,1,5,1,
1,Manhattan,2022-02,0,5,0,
1,Manhattan,2022-03,1,6,1,
1,Manhattan,2022-04,1,7,1,
1,Manhattan,2022-05,3,10,3,
1,Manhattan,2022-06,3,13,3,
1,Manhattan,2022-07,2,11,-2,-0.5
1,Manhattan,2022-08,3,14,3,
1,Manhattan,2022-09,7,21,7,
1,Manhattan,2022-10,11,32,11,
1,Manhattan,2022-11,11,43,11,
1,Manhattan,2022-12,6,49,6,
1,Manhattan,2023-01,14,62,13,13.0
1,Manhattan,2023-02,13,75,13,
1,Manhattan,2023-03,5,79,4,4.0
1,Manhattan,2023-04,11,89,10,10.0
1,Manhattan,2023-05,11,97,8,2.6667
1,Manhattan,2023-06,25,119,22,7.3333
1,Manhattan,2023-07,9,126,7,3.5
1,Manhattan,2023-08,21,144,18,6.0
1,Manhattan,2023-09,10,147,3,0.4286
1,Manhattan,2023-10,12,148,1,0.0909
1,Manhattan,2023-11,11,148,0,0.0
1,Manhattan,2023-12,11,153,5,0.8333
1,Manhattan,2024-01,16,155,2,0.1429
1,Manhattan,2024-02,15,157,2,0.1538
1,Manhattan,2024-03,11,163,6,1.2
1,Manhattan,2024-04,15,167,4,0.3636
1,Manhattan,2024-05,12,168,1,0.0909
1,Manhattan,2024-06,7,150,-18,-0.72
1,Manhattan,2024-07,8,149,-1,-0.1111
1,Manhattan,2024-08,7,135,-14,-0.6667
1,Manhattan,2024-09,5,130,-5,-0.5
1,Manhattan,2024-10,17,135,5,0.4167
1,Manhattan,2024-11,18,142,7,0.6364
1,Manhattan,2024-12,17,148,6,0.5455
1,Manhattan,2025-01,15,147,-1,-0.0625
1,Manhattan,2025-02,6,138,-9,-0.6
1,Manhattan,2025-03,13,140,2,0.1818
1,Manhattan,2025-04,11,136,-4,-0.2667
1,Manhattan,2025-05,8,132,-4,-0.3333
1,Manhattan,2025-06,9,134,2,0.2857
1,Manhattan,2025-07,12,138,4,0.5
1,Manhattan,2025-08,16,147,9,1.2857
1,Manhattan,2025-09,14,156,9,1.8
1,Manhattan,2025-10,9,148,-8,-0.4706
1,Manhattan,2025-11,15,145,-3,-0.1667
1,Manhattan,2025-12,16,144,-1,-0.0588
1,Manhattan,2026-01,13,142,-2,-0.1333
1,Manhattan,2026-02,3,139,-3,-0.5
1,Manhattan,2026-03,11,137,-2,-0.1538
1,Manhattan,2026-04,5,131,-6,-0.5455
1,Manhattan,2026-05,9,132,1,0.125
1,Manhattan,2026-06,12,135,3,0.3333
2,Manhattan,2017-01,23,,,
2,Manhattan,2017-02,17,,,
2,Manhattan,2017-03,15,,,
2,Manhattan,2017-04,16,,,
2,Manhattan,2017-05,16,,,
2,Manhattan,2017-06,15,,,
2,Manhattan,2017-07,16,,,
2,Manhattan,2017-08,14,,,
2,Manhattan,2017-09,18,,,
2,Manhattan,2017-10,21,,,
2,Manhattan,2017-11,12,,,
2,Manhattan,2017-12,7,190,,
2,Manhattan,2018-01,16,183,-7,-0.3043
2,Manhattan,2018-02,16,182,-1,-0.0588
2,Manhattan,2018-03,12,179,-3,-0.2
2,Manhattan,2018-04,15,178,-1,-0.0625
2,Manhattan,2018-05,14,176,-2,-0.125
2,Manhattan,2018-06,18,179,3,0.2
2,Manhattan,2018-07,19,182,3,0.1875
2,Manhattan,2018-08,13,181,-1,-0.0714
2,Manhattan,2018-09,12,175,-6,-0.3333
2,Manhattan,2018-10,12,166,-9,-0.4286
2,Manhattan,2018-11,10,164,-2,-0.1667
2,Manhattan,2018-12,11,168,4,0.5714
2,Manhattan,2019-01,11,163,-5,-0.3125
2,Manhattan,2019-02,18,165,2,0.125
2,Manhattan,2019-03,16,169,4,0.3333
2,Manhattan,2019-04,18,172,3,0.2
2,Manhattan,2019-05,11,169,-3,-0.2143
2,Manhattan,2019-06,5,156,-13,-0.7222
2,Manhattan,2019-07,16,153,-3,-0.1579
2,Manhattan,2019-08,11,151,-2,-0.1538
2,Manhattan,2019-09,9,148,-3,-0.25
2,Manhattan,2019-10,10,146,-2,-0.1667
2,Manhattan,2019-11,4,140,-6,-0.6
2,Manhattan,2019-12,9,138,-2,-0.1818
2,Manhattan,2020-01,10,137,-1,-0.0909
2,Manhattan,2020-02,10,129,-8,-0.4444
2,Manhattan,2020-03,3,116,-13,-0.8125
2,Manhattan,2020-04,0,98,-18,-1.0
2,Manhattan,2020-05,0,87,-11,-1.0
2,Manhattan,2020-06,0,82,-5,-1.0
2,Manhattan,2020-07,0,66,-16,-1.0
2,Manhattan,2020-08,0,55,-11,-1.0
2,Manhattan,2020-09,0,46,-9,-1.0
2,Manhattan,2020-10,0,36,-10,-1.0
2,Manhattan,2020-11,0,32,-4,-1.0
2,Manhattan,2020-12,0,23,-9,-1.0
2,Manhattan,2021-01,0,13,-10,-1.0
2,Manhattan,2021-02,0,3,-10,-1.0
2,Manhattan,2021-03,0,0,-3,-1.0
2,Manhattan,2021-04,0,0,0,
2,Manhattan,2021-05,0,0,0,
2,Manhattan,2021-06,0,0,0,
2,Manhattan,2021-07,1,1,1,
2,Manhattan,2021-08,0,1,0,
2,Manhattan,2021-09,0,1,0,
2,Manhattan,2021-10,0,1,0,
2,Manhattan,2021-11,1,2,1,
2,Manhattan,2021-12,0,2,0,
2,Manhattan,2022-01,0,2,0,
2,Manhattan,2022-02,2,4,2,
2,Manhattan,2022-03,1,5,1,
2,Manhattan,2022-04,0,5,0,
2,Manhattan,2022-05,3,8,3,
2,Manhattan,2022-06,5,13,5,
2,Manhattan,2022-07,6,18,5,5.0
2,Manhattan,2022-08,4,22,4,
2,Manhattan,2022-09,7,29,7,
2,Manhattan,2022-10,7,36,7,
2,Manhattan,2022-11,8,43,7,7.0
2,Manhattan,2022-12,5,48,5,
2,Manhattan,2023-01,7,55,7,
2,Manhattan,2023-02,8,61,6,3.0
2,Manhattan,2023-03,7,67,6,6.0
2,Manhattan,2023-04,6,73,6,
2,Manhattan,2023-05,10,80,7,2.3333
2,Manhattan,2023-06,19,94,14,2.8
2,Manhattan,2023-07,12,100,6,1.0
2,Manhattan,2023-08,13,109,9,2.25
2,Manhattan,2023-09,10,112,3,0.4286
2,Manhattan,2023-10,12,117,5,0.7143
2,Manhattan,2023-11,12,121,4,0.5
2,Manhattan,2023-12,5,121,0,0.0
2,Manhattan,2024-01,14,128,7,1.0
2,Manhattan,2024-02,9,129,1,0.125
2,Manhattan,2024-03,9,131,2,0.2857
2,Manhattan,2024-04,5,130,-1,-0.1667
2,Manhattan,2024-05,8,128,-2,-0.2
2,Manhattan,2024-06,3,112,-16,-0.8421
2,Manhattan,2024-07,9,109,-3,-0.25
2,Manhattan,2024-08,7,103,-6,-0.4615
2,Manhattan,2024-09,7,100,-3,-0.3
2,Manhattan,2024-10,16,104,4,0.3333
2,Manhattan,2024-11,7,99,-5,-0.4167
2,Manhattan,2024-12,8,102,3,0.6
2,Manhattan,2025-01,20,108,6,0.4286
2,Manhattan,2025-02,13,112,4,0.4444
2,Manhattan,2025-03,7,110,-2,-0.2222
2,Manhattan,2025-04,10,115,5,1.0
2,Manhattan,2025-05,10,117,2,0.25
2,Manhattan,2025-06,7,121,4,1.3333
2,Manhattan,2025-07,8,120,-1,-0.1111
2,Manhattan,2025-08,9,122,2,0.2857
2,Manhattan,2025-09,12,127,5,0.7143
2,Manhattan,2025-10,13,124,-3,-0.1875
2,Manhattan,2025-11,5,122,-2,-0.2857
2,Manhattan,2025-12,11,125,3,0.375
2,Manhattan,2026-01,8,113,-12,-0.6
2,Manhattan,2026-02,7,107,-6,-0.4615
2,Manhattan,2026-03,12,112,5,0.7143
2,Manhattan,2026-04,11,113,1,0.1
2,Manhattan,2026-05,8,111,-2,-0.2
2,Manhattan,2026-06,11,115,4,0.5714
3,Manhattan,2017-01,23,,,
3,Manhattan,2017-02,26,,,
3,Manhattan,2017-03,30,,,
3,Manhattan,2017-04,22,,,
3,Manhattan,2017-05,29,,,
3,Manhattan,2017-06,20,,,
3,Manhattan,2017-07,26,,,
3,Manhattan,2017-08,21,,,
3,Manhattan,2017-09,30,,,
3,Manhattan,2017-10,37,,,
3,Manhattan,2017-11,13,,,
3,Manhattan,2017-12,13,290,,
3,Manhattan,2018-01,16,283,-7,-0.3043
3,Manhattan,2018-02,17,274,-9,-0.3462
3,Manhattan,2018-03,28,272,-2,-0.0667
3,Manhattan,2018-04,29,279,7,0.3182
3,Manhattan,2018-05,27,277,-2,-0.069
3,Manhattan,2018-06,16,273,-4,-0.2
3,Manhattan,2018-07,20,267,-6,-0.2308
3,Manhattan,2018-08,33,279,12,0.5714
3,Manhattan,2018-09,19,268,-11,-0.3667
3,Manhattan,2018-10,22,253,-15,-0.4054
3,Manhattan,2018-11,22,262,9,0.6923
3,Manhattan,2018-12,18,267,5,0.3846
3,Manhattan,2019-01,36,287,20,1.25
3,Manhattan,2019-02,27,297,10,0.5882
3,Manhattan,2019-03,23,292,-5,-0.1786
3,Manhattan,2019-04,34,297,5,0.1724
3,Manhattan,2019-05,21,291,-6,-0.2222
3,Manhattan,2019-06,25,300,9,0.5625
3,Manhattan,2019-07,19,299,-1,-0.05
3,Manhattan,2019-08,16,282,-17,-0.5152
3,Manhattan,2019-09,16,279,-3,-0.1579
3,Manhattan,2019-10,15,272,-7,-0.3182
3,Manhattan,2019-11,6,256,-16,-0.7273
3,Manhattan,2019-12,15,253,-3,-0.1667
3,Manhattan,2020-01,22,239,-14,-0.3889
3,Manhattan,2020-02,18,230,-9,-0.3333
3,Manhattan,2020-03,11,218,-12,-0.5217
3,Manhattan,2020-04,0,184,-34,-1.0
3,Manhattan,2020-05,0,163,-21,-1.0
3,Manhattan,2020-06,0,138,-25,-1.0
3,Manhattan,2020-07,0,119,-19,-1.0
3,Manhattan,2020-08,0,103,-16,-1.0
3,Manhattan,2020-09,0,87,-16,-1.0
3,Manhattan,2020-10,0,72,-15,-1.0
3,Manhattan,2020-11,0,66,-6,-1.0
3,Manhattan,2020-12,0,51,-15,-1.0
3,Manhattan,2021-01,0,29,-22,-1.0
3,Manhattan,2021-02,0,11,-18,-1.0
3,Manhattan,2021-03,0,0,-11,-1.0
3,Manhattan,2021-04,0,0,0,
3,Manhattan,2021-05,1,1,1,
3,Manhattan,2021-06,0,1,0,
3,Manhattan,2021-07,2,3,2,
3,Manhattan,2021-08,1,4,1,
3,Manhattan,2021-09,0,4,0,
3,Manhattan,2021-10,0,4,0,
3,Manhattan,2021-11,0,4,0,
3,Manhattan,2021-12,0,4,0,
3,Manhattan,2022-01,1,5,1,
3,Manhattan,2022-02,7,12,7,
3,Manhattan,2022-03,4,16,4,
3,Manhattan,2022-04,5,21,5,
3,Manhattan,2022-05,4,24,3,3.0
3,Manhattan,2022-06,6,30,6,
3,Manhattan,2022-07,8,36,6,3.0
3,Manhattan,2022-08,14,49,13,13.0
3,Manhattan,2022-09,14,63,14,
3,Manhattan,2022-10,19,82,19,
3,Manhattan,2022-11,11,93,11,
3,Manhattan,2022-12,11,104,11,
3,Manhattan,2023-01,24,127,23,23.0
3,Manhattan,2023-02,11,131,4,0.5714
3,Manhattan,2023-03,16,143,12,3.0
3,Manhattan,2023-04,8,146,3,0.6
3,Manhattan,2023-05,13,155,9,2.25
3,Manhattan,2023-06,24,173,18,3.0
3,Manhattan,2023-07,20,185,12,1.5
3,Manhattan,2023-08,31,202,17,1.2143
3,Manhattan,2023-09,25,213,11,0.7857
3,Manhattan,2023-10,28,222,9,0.4737
3,Manhattan,2023-11,25,236,14,1.2727
3,Manhattan,2023-12,14,239,3,0.2727
3,Manhattan,2024-01,26,241,2,0.0833
3,Manhattan,2024-02,26,256,15,1.3636
3,Manhattan,2024-03,11,251,-5,-0.3125
3,Manhattan,2024-04,17,260,9,1.125
3,Manhattan,2024-05,15,262,2,0.1538
3,Manhattan,2024-06,17,255,-7,-0.2917
3,Manhattan,2024-07,37,272,17,0.85
3,Manhattan,2024-08,24,265,-7,-0.2258
3,Manhattan,2024-09,38,278,13,0.52
3,Manhattan,2024-10,46,296,18,0.6429
3,Manhattan,2024-11,19,290,-6,-0.24
3,Manhattan,2024-12,24,300,10,0.7143
3,Manhattan,2025-01,30,304,4,0.1538
3,Manhattan,2025-02,22,300,-4,-0.1538
3,Manhattan,2025-03,16,305,5,0.4545
3,Manhattan,2025-04,41,329,24,1.4118
3,Manhattan,2025-05,22,336,7,0.4667
3,Manhattan,2025-06,19,338,2,0.1176
3,Manhattan,2025-07,29,330,-8,-0.2162
3,Manhattan,2025-08,25,331,1,0.0417
3,Manhattan,2025-09,34,327,-4,-0.1053
3,Manhattan,2025-10,31,312,-15,-0.3261
3,Manhattan,2025-11,22,315,3,0.1579
3,Manhattan,2025-12,22,313,-2,-0.0833
3,Manhattan,2026-01,19,302,-11,-0.3667
3,Manhattan,2026-02,24,304,2,0.0909
3,Manhattan,2026-03,23,311,7,0.4375
3,Manhattan,2026-04,18,288,-23,-0.561
3,Manhattan,2026-05,22,288,0,0.0
3,Manhattan,2026-06,11,280,-8,-0.4211
4,Manhattan,2017-01,10,,,
4,Manhattan,2017-02,12,,,
4,Manhattan,2017-03,12,,,
4,Manhattan,2017-04,13,,,
4,Manhattan,2017-05,16,,,
4,Manhattan,2017-06,17,,,
4,Manhattan,2017-07,12,,,
4,Manhattan,2017-08,21,,,
4,Manhattan,2017-09,11,,,
4,Manhattan,2017-10,9,,,
4,Manhattan,2017-11,6,,,
4,Manhattan,2017-12,6,145,,
4,Manhattan,2018-01,14,149,4,0.4
4,Manhattan,2018-02,13,150,1,0.0833
4,Manhattan,2018-03,12,150,0,0.0
4,Manhattan,2018-04,10,147,-3,-0.2308
4,Manhattan,2018-05,14,145,-2,-0.125
4,Manhattan,2018-06,13,141,-4,-0.2353
4,Manhattan,2018-07,10,139,-2,-0.1667
4,Manhattan,2018-08,12,130,-9,-0.4286
4,Manhattan,2018-09,12,131,1,0.0909
4,Manhattan,2018-10,17,139,8,0.8889
4,Manhattan,2018-11,16,149,10,1.6667
4,Manhattan,2018-12,9,152,3,0.5
4,Manhattan,2019-01,12,150,-2,-0.1429
4,Manhattan,2019-02,8,145,-5,-0.3846
4,Manhattan,2019-03,7,140,-5,-0.4167
4,Manhattan,2019-04,10,140,0,0.0
4,Manhattan,2019-05,10,136,-4,-0.2857
4,Manhattan,2019-06,9,132,-4,-0.3077
4,Manhattan,2019-07,5,127,-5,-0.5
4,Manhattan,2019-08,9,124,-3,-0.25
4,Manhattan,2019-09,6,118,-6,-0.5
4,Manhattan,2019-10,11,112,-6,-0.3529
4,Manhattan,2019-11,6,102,-10,-0.625
4,Manhattan,2019-12,3,96,-6,-0.6667
4,Manhattan,2020-01,11,95,-1,-0.0833
4,Manhattan,2020-02,8,95,0,0.0
4,Manhattan,2020-03,6,94,-1,-0.1429
4,Manhattan,2020-04,0,84,-10,-1.0
4,Manhattan,2020-05,0,74,-10,-1.0
4,Manhattan,2020-06,0,65,-9,-1.0
4,Manhattan,2020-07,0,60,-5,-1.0
4,Manhattan,2020-08,0,51,-9,-1.0
4,Manhattan,2020-09,0,45,-6,-1.0
4,Manhattan,2020-10,0,34,-11,-1.0
4,Manhattan,2020-11,0,28,-6,-1.0
4,Manhattan,2020-12,0,25,-3,-1.0
4,Manhattan,2021-01,0,14,-11,-1.0
4,Manhattan,2021-02,0,6,-8,-1.0
4,Manhattan,2021-03,0,0,-6,-1.0
4,Manhattan,2021-04,0,0,0,
4,Manhattan,2021-05,0,0,0,
4,Manhattan,2021-06,0,0,0,
4,Manhattan,2021-07,0,0,0,
4,Manhattan,2021-08,1,1,1,
4,Manhattan,2021-09,0,1,0,
4,Manhattan,2021-10,1,2,1,
4,Manhattan,2021-11,0,2,0,
4,Manhattan,2021-12,0,2,0,
4,Manhattan,2022-01,0,2,0,
4,Manhattan,2022-02,0,2,0,
4,Manhattan,2022-03,1,3,1,
4,Manhattan,2022-04,1,4,1,
4,Manhattan,2022-05,1,5,1,
4,Manhattan,2022-06,8,13,8,
4,Manhattan,2022-07,4,17,4,
4,Manhattan,2022-08,4,20,3,3.0
4,Manhattan,2022-09,2,22,2,
4,Manhattan,2022-10,4,25,3,3.0
4,Manhattan,2022-11,2,27,2,
4,Manhattan,2022-12,1,28,1,
4,Manhattan,2023-01,10,38,10,
4,Manhattan,2023-02,14,52,14,
4,Manhattan,2023-03,11,62,10,10.0
4,Manhattan,2023-04,9,70,8,8.0
4,Manhattan,2023-05,6,75,5,5.0
4,Manhattan,2023-06,12,79,4,0.5
4,Manhattan,2023-07,20,95,16,4.0
4,Manhattan,2023-08,16,107,12,3.0
4,Manhattan,2023-09,9,114,7,3.5
4,Manhattan,2023-10,7,117,3,0.75
4,Manhattan,2023-11,10,125,8,4.0
4,Manhattan,2023-12,5,129,4,4.0
4,Manhattan,2024-01,15,134,5,0.5
4,Manhattan,2024-02,11,131,-3,-0.2143
4,Manhattan,2024-03,12,132,1,0.0909
4,Manhattan,2024-04,11,134,2,0.2222
4,Manhattan,2024-05,10,138,4,0.6667
4,Manhattan,2024-06,8,134,-4,-0.3333
4,Manhattan,2024-07,7,121,-13,-0.65
4,Manhattan,2024-08,7,112,-9,-0.5625
4,Manhattan,2024-09,4,107,-5,-0.5556
4,Manhattan,2024-10,9,109,2,0.2857
4,Manhattan,2024-11,8,107,-2,-0.2
4,Manhattan,2024-12,11,113,6,1.2
4,Manhattan,2025-01,10,108,-5,-0.3333
4,Manhattan,2025-02,9,106,-2,-0.1818
4,Manhattan,2025-03,5,99,-7,-0.5833
4,Manhattan,2025-04,8,96,-3,-0.2727
4,Manhattan,2025-05,9,95,-1,-0.1
4,Manhattan,2025-06,15,102,7,0.875
4,Manhattan,2025-07,12,107,5,0.7143
4,Manhattan,2025-08,13,113,6,0.8571
4,Manhattan,2025-09,12,121,8,2.0
4,Manhattan,2025-10,11,123,2,0.2222
4,Manhattan,2025-11,5,120,-3,-0.375
4,Manhattan,2025-12,9,118,-2,-0.1818
4,Manhattan,2026-01,14,122,4,0.4
4,Manhattan,2026-02,4,117,-5,-0.5556
4,Manhattan,2026-03,12,124,7,1.4
4,Manhattan,2026-04,8,124,0,0.0
4,Manhattan,2026-05,11,126,2,0.2222
4,Manhattan,2026-06,6,117,-9,-0.6
5,Manhattan,2017-01,20,,,
5,Manhattan,2017-02,10,,,
5,Manhattan,2017-03,9,,,
5,Manhattan,2017-04,12,,,
5,Manhattan,2017-05,13,,,
5,Manhattan,2017-06,11,,,
5,Manhattan,2017-07,13,,,
5,Manhattan,2017-08,20,,,
5,Manhattan,2017-09,13,,,
5,Manhattan,2017-10,29,,,
5,Manhattan,2017-11,10,,,
5,Manhattan,2017-12,3,163,,
5,Manhattan,2018-01,13,156,-7,-0.35
5,Manhattan,2018-02,13,159,3,0.3
5,Manhattan,2018-03,10,160,1,0.1111
5,Manhattan,2018-04,13,161,1,0.0833
5,Manhattan,2018-05,15,163,2,0.1538
5,Manhattan,2018-06,10,162,-1,-0.0909
5,Manhattan,2018-07,19,168,6,0.4615
5,Manhattan,2018-08,22,170,2,0.1
5,Manhattan,2018-09,9,166,-4,-0.3077
5,Manhattan,2018-10,9,146,-20,-0.6897
5,Manhattan,2018-11,8,144,-2,-0.2
5,Manhattan,2018-12,4,145,1,0.3333
5,Manhattan,2019-01,14,146,1,0.0769
5,Manhattan,2019-02,12,145,-1,-0.0769
5,Manhattan,2019-03,9,144,-1,-0.1
5,Manhattan,2019-04,23,154,10,0.7692
5,Manhattan,2019-05,16,155,1,0.0667
5,Manhattan,2019-06,9,154,-1,-0.1
5,Manhattan,2019-07,11,146,-8,-0.4211
5,Manhattan,2019-08,7,131,-15,-0.6818
5,Manhattan,2019-09,8,130,-1,-0.1111
5,Manhattan,2019-10,6,127,-3,-0.3333
5,Manhattan,2019-11,12,131,4,0.5
5,Manhattan,2019-12,13,140,9,2.25
5,Manhattan,2020-01,12,138,-2,-0.1429
5,Manhattan,2020-02,5,131,-7,-0.5833
5,Manhattan,2020-03,5,127,-4,-0.4444
5,Manhattan,2020-04,0,104,-23,-1.0
5,Manhattan,2020-05,0,88,-16,-1.0
5,Manhattan,2020-06,0,79,-9,-1.0
5,Manhattan,2020-07,0,68,-11,-1.0
5,Manhattan,2020-08,0,61,-7,-1.0
5,Manhattan,2020-09,0,53,-8,-1.0
5,Manhattan,2020-10,0,47,-6,-1.0
5,Manhattan,2020-11,0,35,-12,-1.0
5,Manhattan,2020-12,0,22,-13,-1.0
5,Manhattan,2021-01,0,10,-12,-1.0
5,Manhattan,2021-02,0,5,-5,-1.0
5,Manhattan,2021-03,0,0,-5,-1.0
5,Manhattan,2021-04,0,0,0,
5,Manhattan,2021-05,0,0,0,
5,Manhattan,2021-06,0,0,0,
5,Manhattan,2021-07,1,1,1,
5,Manhattan,2021-08,0,1,0,
5,Manhattan,2021-09,0,1,0,
5,Manhattan,2021-10,1,2,1,
5,Manhattan,2021-11,0,2,0,
5,Manhattan,2021-12,0,2,0,
5,Manhattan,2022-01,2,4,2,
5,Manhattan,2022-02,2,6,2,
5,Manhattan,2022-03,1,7,1,
5,Manhattan,2022-04,3,10,3,
5,Manhattan,2022-05,3,13,3,
5,Manhattan,2022-06,6,19,6,
5,Manhattan,2022-07,3,21,2,2.0
5,Manhattan,2022-08,8,29,8,
5,Manhattan,2022-09,8,37,8,
5,Manhattan,2022-10,2,38,1,1.0
5,Manhattan,2022-11,11,49,11,
5,Manhattan,2022-12,8,57,8,
5,Manhattan,2023-01,5,60,3,1.5
5,Manhattan,2023-02,13,71,11,5.5
5,Manhattan,2023-03,10,80,9,9.0
5,Manhattan,2023-04,9,86,6,2.0
5,Manhattan,2023-05,14,97,11,3.6667
5,Manhattan,2023-06,22,113,16,2.6667
5,Manhattan,2023-07,14,124,11,3.6667
5,Manhattan,2023-08,17,133,9,1.125
5,Manhattan,2023-09,15,140,7,0.875
5,Manhattan,2023-10,10,148,8,4.0
5,Manhattan,2023-11,12,149,1,0.0909
5,Manhattan,2023-12,6,147,-2,-0.25
5,Manhattan,2024-01,18,160,13,2.6
5,Manhattan,2024-02,10,157,-3,-0.2308
5,Manhattan,2024-03,13,160,3,0.3
5,Manhattan,2024-04,9,160,0,0.0
5,Manhattan,2024-05,10,156,-4,-0.2857
5,Manhattan,2024-06,8,142,-14,-0.6364
5,Manhattan,2024-07,13,141,-1,-0.0714
5,Manhattan,2024-08,11,135,-6,-0.3529
5,Manhattan,2024-09,15,135,0,0.0
5,Manhattan,2024-10,20,145,10,1.0
5,Manhattan,2024-11,8,141,-4,-0.3333
5,Manhattan,2024-12,10,145,4,0.6667
5,Manhattan,2025-01,15,142,-3,-0.1667
5,Manhattan,2025-02,8,140,-2,-0.2
5,Manhattan,2025-03,10,137,-3,-0.2308
5,Manhattan,2025-04,14,142,5,0.5556
5,Manhattan,2025-05,9,141,-1,-0.1
5,Manhattan,2025-06,7,140,-1,-0.125
5,Manhattan,2025-07,13,140,0,0.0
5,Manhattan,2025-08,12,141,1,0.0909
5,Manhattan,2025-09,13,139,-2,-0.1333
5,Manhattan,2025-10,11,130,-9,-0.45
5,Manhattan,2025-11,9,131,1,0.125
5,Manhattan,2025-12,11,132,1,0.1
5,Manhattan,2026-01,5,122,-10,-0.6667
5,Manhattan,2026-02,9,123,1,0.125
5,Manhattan,2026-03,14,127,4,0.4
5,Manhattan,2026-04,9,122,-5,-0.3571
5,Manhattan,2026-05,6,119,-3,-0.3333
5,Manhattan,2026-06,5,117,-2,-0.2857
6,Manhattan,2017-01,9,,,
6,Manhattan,2017-02,10,,,
6,Manhattan,2017-03,9,,,
6,Manhattan,2017-04,21,,,
6,Manhattan,2017-05,15,,,
6,Manhattan,2017-06,10,,,
6,Manhattan,2017-07,6,,,
6,Manhattan,2017-08,9,,,
6,Manhattan,2017-09,11,,,
6,Manhattan,2017-10,10,,,
6,Manhattan,2017-11,14,,,
6,Manhattan,2017-12,9,133,,
6,Manhattan,2018-01,3,127,-6,-0.6667
6,Manhattan,2018-02,13,130,3,0.3
6,Manhattan,2018-03,12,133,3,0.3333
6,Manhattan,2018-04,15,127,-6,-0.2857
6,Manhattan,2018-05,14,126,-1,-0.0667
6,Manhattan,2018-06,15,131,5,0.5
6,Manhattan,2018-07,15,140,9,1.5
6,Manhattan,2018-08,13,144,4,0.4444
6,Manhattan,2018-09,8,141,-3,-0.2727
6,Manhattan,2018-10,8,139,-2,-0.2
6,Manhattan,2018-11,5,130,-9,-0.6429
6,Manhattan,2018-12,9,130,0,0.0
6,Manhattan,2019-01,12,139,9,3.0
6,Manhattan,2019-02,11,137,-2,-0.1538
6,Manhattan,2019-03,8,133,-4,-0.3333
6,Manhattan,2019-04,11,129,-4,-0.2667
6,Manhattan,2019-05,7,122,-7,-0.5
6,Manhattan,2019-06,9,116,-6,-0.4
6,Manhattan,2019-07,10,111,-5,-0.3333
6,Manhattan,2019-08,5,103,-8,-0.6154
6,Manhattan,2019-09,7,102,-1,-0.125
6,Manhattan,2019-10,13,107,5,0.625
6,Manhattan,2019-11,3,105,-2,-0.4
6,Manhattan,2019-12,7,103,-2,-0.2222
6,Manhattan,2020-01,6,97,-6,-0.5
6,Manhattan,2020-02,10,96,-1,-0.0909
6,Manhattan,2020-03,1,89,-7,-0.875
6,Manhattan,2020-04,0,78,-11,-1.0
6,Manhattan,2020-05,0,71,-7,-1.0
6,Manhattan,2020-06,0,62,-9,-1.0
6,Manhattan,2020-07,0,52,-10,-1.0
6,Manhattan,2020-08,0,47,-5,-1.0
6,Manhattan,2020-09,0,40,-7,-1.0
6,Manhattan,2020-10,0,27,-13,-1.0
6,Manhattan,2020-11,0,24,-3,-1.0
6,Manhattan,2020-12,0,17,-7,-1.0
6,Manhattan,2021-01,0,11,-6,-1.0
6,Manhattan,2021-02,0,1,-10,-1.0
6,Manhattan,2021-03,0,0,-1,-1.0
6,Manhattan,2021-04,0,0,0,
6,Manhattan,2021-05,0,0,0,
6,Manhattan,2021-06,0,0,0,
6,Manhattan,2021-07,0,0,0,
6,Manhattan,2021-08,0,0,0,
6,Manhattan,2021-09,0,0,0,
6,Manhattan,2021-10,0,0,0,
6,Manhattan,2021-11,0,0,0,
6,Manhattan,2021-12,0,0,0,
6,Manhattan,2022-01,0,0,0,
6,Manhattan,2022-02,1,1,1,
6,Manhattan,2022-03,0,1,0,
6,Manhattan,2022-04,1,2,1,
6,Manhattan,2022-05,1,3,1,
6,Manhattan,2022-06,5,8,5,
6,Manhattan,2022-07,7,15,7,
6,Manhattan,2022-08,7,22,7,
6,Manhattan,2022-09,1,23,1,
6,Manhattan,2022-10,8,31,8,
6,Manhattan,2022-11,8,39,8,
6,Manhattan,2022-12,5,44,5,
6,Manhattan,2023-01,8,52,8,
6,Manhattan,2023-02,10,61,9,9.0
6,Manhattan,2023-03,8,69,8,
6,Manhattan,2023-04,7,75,6,6.0
6,Manhattan,2023-05,6,80,5,5.0
6,Manhattan,2023-06,9,84,4,0.8
6,Manhattan,2023-07,10,87,3,0.4286
6,Manhattan,2023-08,11,91,4,0.5714
6,Manhattan,2023-09,8,98,7,7.0
6,Manhattan,2023-10,7,97,-1,-0.125
6,Manhattan,2023-11,8,97,0,0.0
6,Manhattan,2023-12,6,98,1,0.2
6,Manhattan,2024-01,17,107,9,1.125
6,Manhattan,2024-02,8,105,-2,-0.2
6,Manhattan,2024-03,3,100,-5,-0.625
6,Manhattan,2024-04,10,103,3,0.4286
6,Manhattan,2024-05,13,110,7,1.1667
6,Manhattan,2024-06,3,104,-6,-0.6667
6,Manhattan,2024-07,8,102,-2,-0.2
6,Manhattan,2024-08,10,101,-1,-0.0909
6,Manhattan,2024-09,11,104,3,0.375
6,Manhattan,2024-10,22,119,15,2.1429
6,Manhattan,2024-11,10,121,2,0.25
6,Manhattan,2024-12,7,122,1,0.1667
6,Manhattan,2025-01,10,115,-7,-0.4118
6,Manhattan,2025-02,9,116,1,0.125
6,Manhattan,2025-03,6,119,3,1.0
6,Manhattan,2025-04,7,116,-3,-0.3
6,Manhattan,2025-05,10,113,-3,-0.2308
6,Manhattan,2025-06,12,122,9,3.0
6,Manhattan,2025-07,10,124,2,0.25
6,Manhattan,2025-08,12,126,2,0.2
6,Manhattan,2025-09,12,127,1,0.0909
6,Manhattan,2025-10,6,111,-16,-0.7273
6,Manhattan,2025-11,12,113,2,0.2
6,Manhattan,2025-12,10,116,3,0.4286
6,Manhattan,2026-01,6,112,-4,-0.4
6,Manhattan,2026-02,11,114,2,0.2222
6,Manhattan,2026-03,20,128,14,2.3333
6,Manhattan,2026-04,7,128,0,0.0
6,Manhattan,2026-05,10,128,0,0.0
6,Manhattan,2026-06,6,122,-6,-0.5
7,Manhattan,2017-01,30,,,
7,Manhattan,2017-02,22,,,
7,Manhattan,2017-03,29,,,
7,Manhattan,2017-04,35,,,
7,Manhattan,2017-05,31,,,
7,Manhattan,2017-06,27,,,
7,Manhattan,2017-07,23,,,
7,Manhattan,2017-08,26,,,
7,Manhattan,2017-09,21,,,
7,Manhattan,2017-10,27,,,
7,Manhattan,2017-11,30,,,
7,Manhattan,2017-12,13,314,,
7,Manhattan,2018-01,27,311,-3,-0.1
7,Manhattan,2018-02,14,303,-8,-0.3636
7,Manhattan,2018-03,25,299,-4,-0.1379
7,Manhattan,2018-04,26,290,-9,-0.2571
7,Manhattan,2018-05,25,284,-6,-0.1935
7,Manhattan,2018-06,39,296,12,0.4444
7,Manhattan,2018-07,26,299,3,0.1304
7,Manhattan,2018-08,31,304,5,0.1923
7,Manhattan,2018-09,20,303,-1,-0.0476
7,Manhattan,2018-10,19,295,-8,-0.2963
7,Manhattan,2018-11,19,284,-11,-0.3667
7,Manhattan,2018-12,18,289,5,0.3846
7,Manhattan,2019-01,21,283,-6,-0.2222
7,Manhattan,2019-02,25,294,11,0.7857
7,Manhattan,2019-03,14,283,-11,-0.44
7,Manhattan,2019-04,22,279,-4,-0.1538
7,Manhattan,2019-05,16,270,-9,-0.36
7,Manhattan,2019-06,30,261,-9,-0.2308
7,Manhattan,2019-07,14,249,-12,-0.4615
7,Manhattan,2019-08,19,237,-12,-0.3871
7,Manhattan,2019-09,9,226,-11,-0.55
7,Manhattan,2019-10,22,229,3,0.1579
7,Manhattan,2019-11,15,225,-4,-0.2105
7,Manhattan,2019-12,4,211,-14,-0.7778
7,Manhattan,2020-01,23,213,2,0.0952
7,Manhattan,2020-02,16,204,-9,-0.36
7,Manhattan,2020-03,9,199,-5,-0.3571
7,Manhattan,2020-04,0,177,-22,-1.0
7,Manhattan,2020-05,0,161,-16,-1.0
7,Manhattan,2020-06,0,131,-30,-1.0
7,Manhattan,2020-07,0,117,-14,-1.0
7,Manhattan,2020-08,0,98,-19,-1.0
7,Manhattan,2020-09,0,89,-9,-1.0
7,Manhattan,2020-10,0,67,-22,-1.0
7,Manhattan,2020-11,0,52,-15,-1.0
7,Manhattan,2020-12,0,48,-4,-1.0
7,Manhattan,2021-01,0,25,-23,-1.0
7,Manhattan,2021-02,0,9,-16,-1.0
7,Manhattan,2021-03,0,0,-9,-1.0
7,Manhattan,2021-04,0,0,0,
7,Manhattan,2021-05,0,0,0,
7,Manhattan,2021-06,0,0,0,
7,Manhattan,2021-07,1,1,1,
7,Manhattan,2021-08,3,4,3,
7,Manhattan,2021-09,0,4,0,
7,Manhattan,2021-10,0,4,0,
7,Manhattan,2021-11,0,4,0,
7,Manhattan,2021-12,0,4,0,
7,Manhattan,2022-01,2,6,2,
7,Manhattan,2022-02,0,6,0,
7,Manhattan,2022-03,1,7,1,
7,Manhattan,2022-04,4,11,4,
7,Manhattan,2022-05,10,21,10,
7,Manhattan,2022-06,3,24,3,
7,Manhattan,2022-07,6,29,5,5.0
7,Manhattan,2022-08,8,34,5,1.6667
7,Manhattan,2022-09,9,43,9,
7,Manhattan,2022-10,14,57,14,
7,Manhattan,2022-11,12,69,12,
7,Manhattan,2022-12,4,73,4,
7,Manhattan,2023-01,14,85,12,6.0
7,Manhattan,2023-02,10,95,10,
7,Manhattan,2023-03,15,109,14,14.0
7,Manhattan,2023-04,23,128,19,4.75
7,Manhattan,2023-05,10,128,0,0.0
7,Manhattan,2023-06,29,154,26,8.6667
7,Manhattan,2023-07,24,172,18,3.0
7,Manhattan,2023-08,24,188,16,2.0
7,Manhattan,2023-09,27,206,18,2.0
7,Manhattan,2023-10,33,225,19,1.3571
7,Manhattan,2023-11,16,229,4,0.3333
7,Manhattan,2023-12,18,243,14,3.5
7,Manhattan,2024-01,34,263,20,1.4286
7,Manhattan,2024-02,24,277,14,1.4
7,Manhattan,2024-03,15,277,0,0.0
7,Manhattan,2024-04,28,282,5,0.2174
7,Manhattan,2024-05,27,299,17,1.7
7,Manhattan,2024-06,15,285,-14,-0.4828
7,Manhattan,2024-07,19,280,-5,-0.2083
7,Manhattan,2024-08,25,281,1,0.0417
7,Manhattan,2024-09,17,271,-10,-0.3704
7,Manhattan,2024-10,30,268,-3,-0.0909
7,Manhattan,2024-11,14,266,-2,-0.125
7,Manhattan,2024-12,21,269,3,0.1667
7,Manhattan,2025-01,26,261,-8,-0.2353
7,Manhattan,2025-02,22,259,-2,-0.0833
7,Manhattan,2025-03,25,269,10,0.6667
7,Manhattan,2025-04,29,270,1,0.0357
7,Manhattan,2025-05,16,259,-11,-0.4074
7,Manhattan,2025-06,13,257,-2,-0.1333
7,Manhattan,2025-07,33,271,14,0.7368
7,Manhattan,2025-08,29,275,4,0.16
7,Manhattan,2025-09,26,284,9,0.5294
7,Manhattan,2025-10,29,283,-1,-0.0333
7,Manhattan,2025-11,18,287,4,0.2857
7,Manhattan,2025-12,20,286,-1,-0.0476
7,Manhattan,2026-01,16,276,-10,-0.3846
7,Manhattan,2026-02,22,276,0,0.0
7,Manhattan,2026-03,39,290,14,0.56
7,Manhattan,2026-04,29,290,0,0.0
7,Manhattan,2026-05,18,292,2,0.125
7,Manhattan,2026-06,17,296,4,0.3077
8,Manhattan,2017-01,55,,,
8,Manhattan,2017-02,41,,,
8,Manhattan,2017-03,54,,,
8,Manhattan,2017-04,60,,,
8,Manhattan,2017-05,69,,,
8,Manhattan,2017-06,58,,,
8,Manhattan,2017-07,49,,,
8,Manhattan,2017-08,57,,,
8,Manhattan,2017-09,49,,,
8,Manhattan,2017-10,58,,,
8,Manhattan,2017-11,52,,,
8,Manhattan,2017-12,46,648,,
8,Manhattan,2018-01,59,652,4,0.0727
8,Manhattan,2018-02,50,661,9,0.2195
8,Manhattan,2018-03,63,670,9,0.1667
8,Manhattan,2018-04,52,662,-8,-0.1333
8,Manhattan,2018-05,68,661,-1,-0.0145
8,Manhattan,2018-06,54,657,-4,-0.069
8,Manhattan,2018-07,77,685,28,0.5714
8,Manhattan,2018-08,58,686,1,0.0175
8,Manhattan,2018-09,33,670,-16,-0.3265
8,Manhattan,2018-10,51,663,-7,-0.1207
8,Manhattan,2018-11,37,648,-15,-0.2885
8,Manhattan,2018-12,32,634,-14,-0.3043
8,Manhattan,2019-01,53,628,-6,-0.1017
8,Manhattan,2019-02,51,629,1,0.02
8,Manhattan,2019-03,54,620,-9,-0.1429
8,Manhattan,2019-04,46,614,-6,-0.1154
8,Manhattan,2019-05,56,602,-12,-0.1765
8,Manhattan,2019-06,51,599,-3,-0.0556
8,Manhattan,2019-07,54,576,-23,-0.2987
8,Manhattan,2019-08,51,569,-7,-0.1207
8,Manhattan,2019-09,40,576,7,0.2121
8,Manhattan,2019-10,34,559,-17,-0.3333
8,Manhattan,2019-11,36,558,-1,-0.027
8,Manhattan,2019-12,23,549,-9,-0.2812
8,Manhattan,2020-01,32,528,-21,-0.3962
8,Manhattan,2020-02,28,505,-23,-0.451
8,Manhattan,2020-03,13,464,-41,-0.7593
8,Manhattan,2020-04,0,418,-46,-1.0
8,Manhattan,2020-05,0,362,-56,-1.0
8,Manhattan,2020-06,0,311,-51,-1.0
8,Manhattan,2020-07,0,257,-54,-1.0
8,Manhattan,2020-08,0,206,-51,-1.0
8,Manhattan,2020-09,0,166,-40,-1.0
8,Manhattan,2020-10,0,132,-34,-1.0
8,Manhattan,2020-11,0,96,-36,-1.0
8,Manhattan,2020-12,0,73,-23,-1.0
8,Manhattan,2021-01,0,41,-32,-1.0
8,Manhattan,2021-02,0,13,-28,-1.0
8,Manhattan,2021-03,0,0,-13,-1.0
8,Manhattan,2021-04,0,0,0,
8,Manhattan,2021-05,0,0,0,
8,Manhattan,2021-06,0,0,0,
8,Manhattan,2021-07,0,0,0,
8,Manhattan,2021-08,1,1,1,
8,Manhattan,2021-09,0,1,0,
8,Manhattan,2021-10,1,2,1,
8,Manhattan,2021-11,0,2,0,
8,Manhattan,2021-12,1,3,1,
8,Manhattan,2022-01,6,9,6,
8,Manhattan,2022-02,5,14,5,
8,Manhattan,2022-03,3,17,3,
8,Manhattan,2022-04,2,19,2,
8,Manhattan,2022-05,2,21,2,
8,Manhattan,2022-06,4,25,4,
8,Manhattan,2022-07,7,32,7,
8,Manhattan,2022-08,4,35,3,3.0
8,Manhattan,2022-09,5,40,5,
8,Manhattan,2022-10,15,54,14,14.0
8,Manhattan,2022-11,24,78,24,
8,Manhattan,2022-12,19,96,18,18.0
8,Manhattan,2023-01,31,121,25,4.1667
8,Manhattan,2023-02,10,126,5,1.0
8,Manhattan,2023-03,30,153,27,9.0
8,Manhattan,2023-04,17,168,15,7.5
8,Manhattan,2023-05,39,205,37,18.5
8,Manhattan,2023-06,51,252,47,11.75
8,Manhattan,2023-07,38,283,31,4.4286
8,Manhattan,2023-08,58,337,54,13.5
8,Manhattan,2023-09,49,381,44,8.8
8,Manhattan,2023-10,40,406,25,1.6667
8,Manhattan,2023-11,36,418,12,0.5
8,Manhattan,2023-12,34,433,15,0.7895
8,Manhattan,2024-01,37,439,6,0.1935
8,Manhattan,2024-02,48,477,38,3.8
8,Manhattan,2024-03,29,476,-1,-0.0333
8,Manhattan,2024-04,36,495,19,1.1176
8,Manhattan,2024-05,31,487,-8,-0.2051
8,Manhattan,2024-06,35,471,-16,-0.3137
8,Manhattan,2024-07,47,480,9,0.2368
8,Manhattan,2024-08,62,484,4,0.069
8,Manhattan,2024-09,37,472,-12,-0.2449
8,Manhattan,2024-10,56,488,16,0.4
8,Manhattan,2024-11,51,503,15,0.4167
8,Manhattan,2024-12,51,520,17,0.5
8,Manhattan,2025-01,55,538,18,0.4865
8,Manhattan,2025-02,53,543,5,0.1042
8,Manhattan,2025-03,52,566,23,0.7931
8,Manhattan,2025-04,60,590,24,0.6667
8,Manhattan,2025-05,42,601,11,0.3548
8,Manhattan,2025-06,39,605,4,0.1143
8,Manhattan,2025-07,54,612,7,0.1489
8,Manhattan,2025-08,43,593,-19,-0.3065
8,Manhattan,2025-09,62,618,25,0.6757
8,Manhattan,2025-10,62,624,6,0.1071
8,Manhattan,2025-11,36,609,-15,-0.2941
8,Manhattan,2025-12,37,595,-14,-0.2745
8,Manhattan,2026-01,46,586,-9,-0.1636
8,Manhattan,2026-02,39,572,-14,-0.2642
8,Manhattan,2026-03,41,561,-11,-0.2115
8,Manhattan,2026-04,49,550,-11,-0.1833
8,Manhattan,2026-05,51,559,9,0.2143
8,Manhattan,2026-06,56,576,17,0.4359
9,Manhattan,2017-01,64,,,
9,Manhattan,2017-02,41,,,
9,Manhattan,2017-03,62,,,
9,Manhattan,2017-04,47,,,
9,Manhattan,2017-05,53,,,
9,Manhattan,2017-06,49,,,
9,Manhattan,2017-07,59,,,
9,Manhattan,2017-08,67,,,
9,Manhattan,2017-09,62,,,
9,Manhattan,2017-10,63,,,
9,Manhattan,2017-11,50,,,
9,Manhattan,2017-12,34,651,,
9,Manhattan,2018-01,63,650,-1,-0.0156
9,Manhattan,2018-02,51,660,10,0.2439
9,Manhattan,2018-03,62,660,0,0.0
9,Manhattan,2018-04,54,667,7,0.1489
9,Manhattan,2018-05,66,680,13,0.2453
9,Manhattan,2018-06,55,686,6,0.1224
9,Manhattan,2018-07,46,673,-13,-0.2203
9,Manhattan,2018-08,51,657,-16,-0.2388
9,Manhattan,2018-09,46,641,-16,-0.2581
9,Manhattan,2018-10,39,617,-24,-0.381
9,Manhattan,2018-11,42,609,-8,-0.16
9,Manhattan,2018-12,34,609,0,0.0
9,Manhattan,2019-01,62,608,-1,-0.0159
9,Manhattan,2019-02,43,600,-8,-0.1569
9,Manhattan,2019-03,43,581,-19,-0.3065
9,Manhattan,2019-04,67,594,13,0.2407
9,Manhattan,2019-05,46,574,-20,-0.303
9,Manhattan,2019-06,51,570,-4,-0.0727
9,Manhattan,2019-07,30,554,-16,-0.3478
9,Manhattan,2019-08,38,541,-13,-0.2549
9,Manhattan,2019-09,27,522,-19,-0.413
9,Manhattan,2019-10,44,527,5,0.1282
9,Manhattan,2019-11,34,519,-8,-0.1905
9,Manhattan,2019-12,38,523,4,0.1176
9,Manhattan,2020-01,40,501,-22,-0.3548
9,Manhattan,2020-02,21,479,-22,-0.5116
9,Manhattan,2020-03,16,452,-27,-0.6279
9,Manhattan,2020-04,0,385,-67,-1.0
9,Manhattan,2020-05,0,339,-46,-1.0
9,Manhattan,2020-06,0,288,-51,-1.0
9,Manhattan,2020-07,0,258,-30,-1.0
9,Manhattan,2020-08,0,220,-38,-1.0
9,Manhattan,2020-09,0,193,-27,-1.0
9,Manhattan,2020-10,0,149,-44,-1.0
9,Manhattan,2020-11,0,115,-34,-1.0
9,Manhattan,2020-12,0,77,-38,-1.0
9,Manhattan,2021-01,0,37,-40,-1.0
9,Manhattan,2021-02,0,16,-21,-1.0
9,Manhattan,2021-03,0,0,-16,-1.0
9,Manhattan,2021-04,0,0,0,
9,Manhattan,2021-05,0,0,0,
9,Manhattan,2021-06,0,0,0,
9,Manhattan,2021-07,0,0,0,
9,Manhattan,2021-08,0,0,0,
9,Manhattan,2021-09,1,1,1,
9,Manhattan,2021-10,0,1,0,
9,Manhattan,2021-11,0,1,0,
9,Manhattan,2021-12,0,1,0,
9,Manhattan,2022-01,1,2,1,
9,Manhattan,2022-02,2,4,2,
9,Manhattan,2022-03,4,8,4,
9,Manhattan,2022-04,2,10,2,
9,Manhattan,2022-05,2,12,2,
9,Manhattan,2022-06,6,18,6,
9,Manhattan,2022-07,5,23,5,
9,Manhattan,2022-08,9,32,9,
9,Manhattan,2022-09,5,36,4,4.0
9,Manhattan,2022-10,14,50,14,
9,Manhattan,2022-11,20,70,20,
9,Manhattan,2022-12,22,92,22,
9,Manhattan,2023-01,32,123,31,31.0
9,Manhattan,2023-02,30,151,28,14.0
9,Manhattan,2023-03,33,180,29,7.25
9,Manhattan,2023-04,22,200,20,10.0
9,Manhattan,2023-05,23,221,21,10.5
9,Manhattan,2023-06,36,251,30,5.0
9,Manhattan,2023-07,28,274,23,4.6
9,Manhattan,2023-08,48,313,39,4.3333
9,Manhattan,2023-09,54,362,49,9.8
9,Manhattan,2023-10,59,407,45,3.2143
9,Manhattan,2023-11,48,435,28,1.4
9,Manhattan,2023-12,29,442,7,0.3182
9,Manhattan,2024-01,62,472,30,0.9375
9,Manhattan,2024-02,63,505,33,1.1
9,Manhattan,2024-03,57,529,24,0.7273
9,Manhattan,2024-04,55,562,33,1.5
9,Manhattan,2024-05,37,576,14,0.6087
9,Manhattan,2024-06,53,593,17,0.4722
9,Manhattan,2024-07,45,610,17,0.6071
9,Manhattan,2024-08,44,606,-4,-0.0833
9,Manhattan,2024-09,52,604,-2,-0.037
9,Manhattan,2024-10,74,619,15,0.2542
9,Manhattan,2024-11,51,622,3,0.0625
9,Manhattan,2024-12,48,641,19,0.6552
9,Manhattan,2025-01,70,649,8,0.129
9,Manhattan,2025-02,57,643,-6,-0.0952
9,Manhattan,2025-03,40,626,-17,-0.2982
9,Manhattan,2025-04,41,612,-14,-0.2545
9,Manhattan,2025-05,46,621,9,0.2432
9,Manhattan,2025-06,30,598,-23,-0.434
9,Manhattan,2025-07,66,619,21,0.4667
9,Manhattan,2025-08,93,668,49,1.1136
9,Manhattan,2025-09,76,692,24,0.4615
9,Manhattan,2025-10,67,685,-7,-0.0946
9,Manhattan,2025-11,36,670,-15,-0.2941
9,Manhattan,2025-12,45,667,-3,-0.0625
9,Manhattan,2026-01,37,634,-33,-0.4714
9,Manhattan,2026-02,50,627,-7,-0.1228
9,Manhattan,2026-03,71,658,31,0.775
9,Manhattan,2026-04,58,675,17,0.4146
9,Manhattan,2026-05,42,671,-4,-0.087
9,Manhattan,2026-06,46,687,16,0.5333
10,Manhattan,2017-01,49,,,
10,Manhattan,2017-02,34,,,
10,Manhattan,2017-03,41,,,
10,Manhattan,2017-04,37,,,
10,Manhattan,2017-05,36,,,
10,Manhattan,2017-06,44,,,
10,Manhattan,2017-07,40,,,
10,Manhattan,2017-08,50,,,
10,Manhattan,2017-09,36,,,
10,Manhattan,2017-10,36,,,
10,Manhattan,2017-11,24,,,
10,Manhattan,2017-12,22,449,,
10,Manhattan,2018-01,53,453,4,0.0816
10,Manhattan,2018-02,27,446,-7,-0.2059
10,Manhattan,2018-03,45,450,4,0.0976
10,Manhattan,2018-04,51,464,14,0.3784
10,Manhattan,2018-05,44,472,8,0.2222
10,Manhattan,2018-06,22,450,-22,-0.5
10,Manhattan,2018-07,27,437,-13,-0.325
10,Manhattan,2018-08,26,413,-24,-0.48
10,Manhattan,2018-09,30,407,-6,-0.1667
10,Manhattan,2018-10,38,409,2,0.0556
10,Manhattan,2018-11,28,413,4,0.1667
10,Manhattan,2018-12,30,421,8,0.3636
10,Manhattan,2019-01,42,410,-11,-0.2075
10,Manhattan,2019-02,34,417,7,0.2593
10,Manhattan,2019-03,37,409,-8,-0.1778
10,Manhattan,2019-04,40,398,-11,-0.2157
10,Manhattan,2019-05,29,383,-15,-0.3409
10,Manhattan,2019-06,25,386,3,0.1364
10,Manhattan,2019-07,27,386,0,0.0
10,Manhattan,2019-08,41,401,15,0.5769
10,Manhattan,2019-09,20,391,-10,-0.3333
10,Manhattan,2019-10,33,386,-5,-0.1316
10,Manhattan,2019-11,30,388,2,0.0714
10,Manhattan,2019-12,26,384,-4,-0.1333
10,Manhattan,2020-01,31,373,-11,-0.2619
10,Manhattan,2020-02,17,356,-17,-0.5
10,Manhattan,2020-03,15,334,-22,-0.5946
10,Manhattan,2020-04,0,294,-40,-1.0
10,Manhattan,2020-05,0,265,-29,-1.0
10,Manhattan,2020-06,0,240,-25,-1.0
10,Manhattan,2020-07,0,213,-27,-1.0
10,Manhattan,2020-08,0,172,-41,-1.0
10,Manhattan,2020-09,0,152,-20,-1.0
10,Manhattan,2020-10,0,119,-33,-1.0
10,Manhattan,2020-11,0,89,-30,-1.0
10,Manhattan,2020-12,0,63,-26,-1.0
10,Manhattan,2021-01,0,32,-31,-1.0
10,Manhattan,2021-02,0,15,-17,-1.0
10,Manhattan,2021-03,0,0,-15,-1.0
10,Manhattan,2021-04,0,0,0,
10,Manhattan,2021-05,0,0,0,
10,Manhattan,2021-06,0,0,0,
10,Manhattan,2021-07,0,0,0,
10,Manhattan,2021-08,0,0,0,
10,Manhattan,2021-09,0,0,0,
10,Manhattan,2021-10,0,0,0,
10,Manhattan,2021-11,0,0,0,
10,Manhattan,2021-12,1,1,1,
10,Manhattan,2022-01,1,2,1,
10,Manhattan,2022-02,1,3,1,
10,Manhattan,2022-03,4,7,4,
10,Manhattan,2022-04,4,11,4,
10,Manhattan,2022-05,8,19,8,
10,Manhattan,2022-06,0,19,0,
10,Manhattan,2022-07,4,23,4,
10,Manhattan,2022-08,4,27,4,
10,Manhattan,2022-09,11,38,11,
10,Manhattan,2022-10,14,52,14,
10,Manhattan,2022-11,8,60,8,
10,Manhattan,2022-12,10,69,9,9.0
10,Manhattan,2023-01,25,93,24,24.0
10,Manhattan,2023-02,19,111,18,18.0
10,Manhattan,2023-03,20,127,16,4.0
10,Manhattan,2023-04,28,151,24,6.0
10,Manhattan,2023-05,25,168,17,2.125
10,Manhattan,2023-06,39,207,39,
10,Manhattan,2023-07,36,239,32,8.0
10,Manhattan,2023-08,40,275,36,9.0
10,Manhattan,2023-09,27,291,16,1.4545
10,Manhattan,2023-10,41,318,27,1.9286
10,Manhattan,2023-11,52,362,44,5.5
10,Manhattan,2023-12,19,371,9,0.9
10,Manhattan,2024-01,45,391,20,0.8
10,Manhattan,2024-02,39,411,20,1.0526
10,Manhattan,2024-03,40,431,20,1.0
10,Manhattan,2024-04,40,443,12,0.4286
10,Manhattan,2024-05,39,457,14,0.56
10,Manhattan,2024-06,43,461,4,0.1026
10,Manhattan,2024-07,38,463,2,0.0556
10,Manhattan,2024-08,65,488,25,0.625
10,Manhattan,2024-09,39,500,12,0.4444
10,Manhattan,2024-10,74,533,33,0.8049
10,Manhattan,2024-11,42,523,-10,-0.1923
10,Manhattan,2024-12,36,540,17,0.8947
10,Manhattan,2025-01,59,554,14,0.3111
10,Manhattan,2025-02,31,546,-8,-0.2051
10,Manhattan,2025-03,39,545,-1,-0.025
10,Manhattan,2025-04,36,541,-4,-0.1
10,Manhattan,2025-05,28,530,-11,-0.2821
10,Manhattan,2025-06,30,517,-13,-0.3023
10,Manhattan,2025-07,52,531,14,0.3684
10,Manhattan,2025-08,53,519,-12,-0.1846
10,Manhattan,2025-09,37,517,-2,-0.0513
10,Manhattan,2025-10,36,479,-38,-0.5135
10,Manhattan,2025-11,37,474,-5,-0.119
10,Manhattan,2025-12,24,462,-12,-0.3333
10,Manhattan,2026-01,33,436,-26,-0.4407
10,Manhattan,2026-02,37,442,6,0.1935
10,Manhattan,2026-03,46,449,7,0.1795
10,Manhattan,2026-04,29,442,-7,-0.1944
10,Manhattan,2026-05,29,443,1,0.0357
10,Manhattan,2026-06,25,438,-5,-0.1667
11,Bronx,2017-01,69,,,
11,Bronx,2017-02,35,,,
11,Bronx,2017-03,67,,,
11,Bronx,2017-04,59,,,
11,Bronx,2017-05,74,,,
11,Bronx,2017-06,45,,,
11,Bronx,2017-07,36,,,
11,Bronx,2017-08,54,,,
11,Bronx,2017-09,68,,,
11,Bronx,2017-10,50,,,
11,Bronx,2017-11,60,,,
11,Bronx,2017-12,37,654,,
11,Bronx,2018-01,80,665,11,0.1594
11,Bronx,2018-02,69,699,34,0.9714
11,Bronx,2018-03,40,672,-27,-0.403
11,Bronx,2018-04,53,666,-6,-0.1017
11,Bronx,2018-05,47,639,-27,-0.3649
11,Bronx,2018-06,51,645,6,0.1333
11,Bronx,2018-07,40,649,4,0.1111
11,Bronx,2018-08,40,635,-14,-0.2593
11,Bronx,2018-09,46,613,-22,-0.3235
11,Bronx,2018-10,42,605,-8,-0.16
11,Bronx,2018-11,40,585,-20,-0.3333
11,Bronx,2018-12,31,579,-6,-0.1622
11,Bronx,2019-01,50,549,-30,-0.375
11,Bronx,2019-02,56,536,-13,-0.1884
11,Bronx,2019-03,53,549,13,0.325
11,Bronx,2019-04,55,551,2,0.0377
11,Bronx,2019-05,51,555,4,0.0851
11,Bronx,2019-06,41,545,-10,-0.1961
11,Bronx,2019-07,47,552,7,0.175
11,Bronx,2019-08,41,553,1,0.025
11,Bronx,2019-09,32,539,-14,-0.3043
11,Bronx,2019-10,38,535,-4,-0.0952
11,Bronx,2019-11,31,526,-9,-0.225
11,Bronx,2019-12,20,515,-11,-0.3548
11,Bronx,2020-01,40,505,-10,-0.2
11,Bronx,2020-02,27,476,-29,-0.5179
11,Bronx,2020-03,14,437,-39,-0.7358
11,Bronx,2020-04,0,382,-55,-1.0
11,Bronx,2020-05,0,331,-51,-1.0
11,Bronx,2020-06,0,290,-41,-1.0
11,Bronx,2020-07,0,243,-47,-1.0
11,Bronx,2020-08,0,202,-41,-1.0
11,Bronx,2020-09,0,170,-32,-1.0
11,Bronx,2020-10,0,132,-38,-1.0
11,Bronx,2020-11,0,101,-31,-1.0
11,Bronx,2020-12,0,81,-20,-1.0
11,Bronx,2021-01,0,41,-40,-1.0
11,Bronx,2021-02,0,14,-27,-1.0
11,Bronx,2021-03,0,0,-14,-1.0
11,Bronx,2021-04,0,0,0,
11,Bronx,2021-05,0,0,0,
11,Bronx,2021-06,0,0,0,
11,Bronx,2021-07,0,0,0,
11,Bronx,2021-08,0,0,0,
11,Bronx,2021-09,0,0,0,
11,Bronx,2021-10,0,0,0,
11,Bronx,2021-11,0,0,0,
11,Bronx,2021-12,0,0,0,
11,Bronx,2022-01,7,7,7,
11,Bronx,2022-02,2,9,2,
11,Bronx,2022-03,5,14,5,
11,Bronx,2022-04,2,16,2,
11,Bronx,2022-05,6,22,6,
11,Bronx,2022-06,6,28,6,
11,Bronx,2022-07,5,33,5,
11,Bronx,2022-08,7,40,7,
11,Bronx,2022-09,12,52,12,
11,Bronx,2022-10,17,69,17,
11,Bronx,2022-11,27,96,27,
11,Bronx,2022-12,9,105,9,
11,Bronx,2023-01,20,118,13,1.8571
11,Bronx,2023-02,26,142,24,12.0
11,Bronx,2023-03,17,154,12,2.4
11,Bronx,2023-04,21,173,19,9.5
11,Bronx,2023-05,31,198,25,4.1667
11,Bronx,2023-06,36,228,30,5.0
11,Bronx,2023-07,39,262,34,6.8
11,Bronx,2023-08,33,288,26,3.7143
11,Bronx,2023-09,35,311,23,1.9167
11,Bronx,2023-10,48,342,31,1.8235
11,Bronx,2023-11,24,339,-3,-0.1111
11,Bronx,2023-12,27,357,18,2.0
11,Bronx,2024-01,32,369,12,0.6
11,Bronx,2024-02,25,368,-1,-0.0385
11,Bronx,2024-03,20,371,3,0.1765
11,Bronx,2024-04,16,366,-5,-0.2381
11,Bronx,2024-05,22,357,-9,-0.2903
11,Bronx,2024-06,23,344,-13,-0.3611
11,Bronx,2024-07,41,346,2,0.0513
11,Bronx,2024-08,46,359,13,0.3939
11,Bronx,2024-09,50,374,15,0.4286
11,Bronx,2024-10,53,379,5,0.1042
11,Bronx,2024-11,46,401,22,0.9167
11,Bronx,2024-12,26,400,-1,-0.037
11,Bronx,2025-01,58,426,26,0.8125
11,Bronx,2025-02,48,449,23,0.92
11,Bronx,2025-03,60,489,40,2.0
11,Bronx,2025-04,42,515,26,1.625
11,Bronx,2025-05,53,546,31,1.4091
11,Bronx,2025-06,42,565,19,0.8261
11,Bronx,2025-07,57,581,16,0.3902
11,Bronx,2025-08,28,563,-18,-0.3913
11,Bronx,2025-09,39,552,-11,-0.22
11,Bronx,2025-10,47,546,-6,-0.1132
11,Bronx,2025-11,34,534,-12,-0.2609
11,Bronx,2025-12,31,539,5,0.1923
11,Bronx,2026-01,43,524,-15,-0.2586
11,Bronx,2026-02,20,496,-28,-0.5833
11,Bronx,2026-03,33,469,-27,-0.45
11,Bronx,2026-04,49,476,7,0.1667
11,Bronx,2026-05,49,472,-4,-0.0755
11,Bronx,2026-06,41,471,-1,-0.0238
12,Bronx,2017-01,61,,,
12,Bronx,2017-02,51,,,
12,Bronx,2017-03,53,,,
12,Bronx,2017-04,50,,,
12,Bronx,2017-05,50,,,
12,Bronx,2017-06,43,,,
12,Bronx,2017-07,59,,,
12,Bronx,2017-08,61,,,
12,Bronx,2017-09,56,,,
12,Bronx,2017-10,52,,,
12,Bronx,2017-11,66,,,
12,Bronx,2017-12,44,646,,
12,Bronx,2018-01,67,652,6,0.0984
12,Bronx,2018-02,51,652,0,0.0
12,Bronx,2018-03,49,648,-4,-0.0755
12,Bronx,2018-04,49,647,-1,-0.02
12,Bronx,2018-05,65,662,15,0.3
12,Bronx,2018-06,51,670,8,0.186
12,Bronx,2018-07,43,654,-16,-0.2712
12,Bronx,2018-08,52,645,-9,-0.1475
12,Bronx,2018-09,38,627,-18,-0.3214
12,Bronx,2018-10,46,621,-6,-0.1154
12,Bronx,2018-11,44,599,-22,-0.3333
12,Bronx,2018-12,40,595,-4,-0.0909
12,Bronx,2019-01,56,584,-11,-0.1642
12,Bronx,2019-02,51,584,0,0.0
12,Bronx,2019-03,45,580,-4,-0.0816
12,Bronx,2019-04,58,589,9,0.1837
12,Bronx,2019-05,54,578,-11,-0.1692
12,Bronx,2019-06,46,573,-5,-0.098
12,Bronx,2019-07,46,576,3,0.0698
12,Bronx,2019-08,52,576,0,0.0
12,Bronx,2019-09,56,594,18,0.4737
12,Bronx,2019-10,39,587,-7,-0.1522
12,Bronx,2019-11,41,584,-3,-0.0682
12,Bronx,2019-12,25,569,-15,-0.375
12,Bronx,2020-01,49,562,-7,-0.125
12,Bronx,2020-02,36,547,-15,-0.2941
12,Bronx,2020-03,13,515,-32,-0.7111
12,Bronx,2020-04,0,457,-58,-1.0
12,Bronx,2020-05,0,403,-54,-1.0
12,Bronx,2020-06,0,357,-46,-1.0
12,Bronx,2020-07,0,311,-46,-1.0
12,Bronx,2020-08,0,259,-52,-1.0
12,Bronx,2020-09,0,203,-56,-1.0
12,Bronx,2020-10,0,164,-39,-1.0
12,Bronx,2020-11,0,123,-41,-1.0
12,Bronx,2020-12,1,99,-24,-0.96
12,Bronx,2021-01,0,50,-49,-1.0
12,Bronx,2021-02,0,14,-36,-1.0
12,Bronx,2021-03,0,1,-13,-1.0
12,Bronx,2021-04,0,1,0,
12,Bronx,2021-05,0,1,0,
12,Bronx,2021-06,0,1,0,
12,Bronx,2021-07,0,1,0,
12,Bronx,2021-08,0,1,0,
12,Bronx,2021-09,0,1,0,
12,Bronx,2021-10,0,1,0,
12,Bronx,2021-11,0,1,0,
12,Bronx,2021-12,0,0,-1,-1.0
12,Bronx,2022-01,3,3,3,
12,Bronx,2022-02,0,3,0,
12,Bronx,2022-03,2,5,2,
12,Bronx,2022-04,6,11,6,
12,Bronx,2022-05,3,14,3,
12,Bronx,2022-06,17,31,17,
12,Bronx,2022-07,10,41,10,
12,Bronx,2022-08,5,46,5,
12,Bronx,2022-09,18,64,18,
12,Bronx,2022-10,32,96,32,
12,Bronx,2022-11,15,111,15,
12,Bronx,2022-12,10,121,10,
12,Bronx,2023-01,27,145,24,8.0
12,Bronx,2023-02,14,159,14,
12,Bronx,2023-03,15,172,13,6.5
12,Bronx,2023-04,14,180,8,1.3333
12,Bronx,2023-05,26,203,23,7.6667
12,Bronx,2023-06,41,227,24,1.4118
12,Bronx,2023-07,36,253,26,2.6
12,Bronx,2023-08,38,286,33,6.6
12,Bronx,2023-09,35,303,17,0.9444
12,Bronx,2023-10,46,317,14,0.4375
12,Bronx,2023-11,33,335,18,1.2
12,Bronx,2023-12,17,342,7,0.7
12,Bronx,2024-01,20,335,-7,-0.2593
12,Bronx,2024-02,22,343,8,0.5714
12,Bronx,2024-03,16,344,1,0.0667
12,Bronx,2024-04,16,346,2,0.1429
12,Bronx,2024-05,23,343,-3,-0.1154
12,Bronx,2024-06,26,328,-15,-0.3659
12,Bronx,2024-07,26,318,-10,-0.2778
12,Bronx,2024-08,26,306,-12,-0.3158
12,Bronx,2024-09,45,316,10,0.2857
12,Bronx,2024-10,35,305,-11,-0.2391
12,Bronx,2024-11,41,313,8,0.2424
12,Bronx,2024-12,32,328,15,0.8824
12,Bronx,2025-01,29,337,9,0.45
12,Bronx,2025-02,45,360,23,1.0455
12,Bronx,2025-03,61,405,45,2.8125
12,Bronx,2025-04,52,441,36,2.25
12,Bronx,2025-05,38,456,15,0.6522
12,Bronx,2025-06,42,472,16,0.6154
12,Bronx,2025-07,39,485,13,0.5
12,Bronx,2025-08,28,487,2,0.0769
12,Bronx,2025-09,24,466,-21,-0.4667
12,Bronx,2025-10,43,474,8,0.2286
12,Bronx,2025-11,29,462,-12,-0.2927
12,Bronx,2025-12,18,448,-14,-0.4375
12,Bronx,2026-01,40,459,11,0.3793
12,Bronx,2026-02,35,449,-10,-0.2222
12,Bronx,2026-03,47,435,-14,-0.2295
12,Bronx,2026-04,44,427,-8,-0.1538
12,Bronx,2026-05,37,426,-1,-0.0263
12,Bronx,2026-06,46,430,4,0.0952
13,Bronx,2017-01,30,,,
13,Bronx,2017-02,21,,,
13,Bronx,2017-03,25,,,
13,Bronx,2017-04,34,,,
13,Bronx,2017-05,46,,,
13,Bronx,2017-06,35,,,
13,Bronx,2017-07,21,,,
13,Bronx,2017-08,24,,,
13,Bronx,2017-09,23,,,
13,Bronx,2017-10,25,,,
13,Bronx,2017-11,27,,,
13,Bronx,2017-12,20,331,,
13,Bronx,2018-01,32,333,2,0.0667
13,Bronx,2018-02,25,337,4,0.1905
13,Bronx,2018-03,28,340,3,0.12
13,Bronx,2018-04,26,332,-8,-0.2353
13,Bronx,2018-05,35,321,-11,-0.2391
13,Bronx,2018-06,31,317,-4,-0.1143
13,Bronx,2018-07,34,330,13,0.619
13,Bronx,2018-08,15,321,-9,-0.375
13,Bronx,2018-09,27,325,4,0.1739
13,Bronx,2018-10,22,322,-3,-0.12
13,Bronx,2018-11,23,318,-4,-0.1481
13,Bronx,2018-12,11,309,-9,-0.45
13,Bronx,2019-01,27,304,-5,-0.1562
13,Bronx,2019-02,37,316,12,0.48
13,Bronx,2019-03,29,317,1,0.0357
13,Bronx,2019-04,32,323,6,0.2308
13,Bronx,2019-05,28,316,-7,-0.2
13,Bronx,2019-06,20,305,-11,-0.3548
13,Bronx,2019-07,24,295,-10,-0.2941
13,Bronx,2019-08,36,316,21,1.4
13,Bronx,2019-09,16,305,-11,-0.4074
13,Bronx,2019-10,26,309,4,0.1818
13,Bronx,2019-11,14,300,-9,-0.3913
13,Bronx,2019-12,16,305,5,0.4545
13,Bronx,2020-01,20,298,-7,-0.2593
13,Bronx,2020-02,12,273,-25,-0.6757
13,Bronx,2020-03,6,250,-23,-0.7931
13,Bronx,2020-04,0,218,-32,-1.0
13,Bronx,2020-05,0,190,-28,-1.0
13,Bronx,2020-06,0,170,-20,-1.0
13,Bronx,2020-07,0,146,-24,-1.0
13,Bronx,2020-08,0,110,-36,-1.0
13,Bronx,2020-09,0,94,-16,-1.0
13,Bronx,2020-10,0,68,-26,-1.0
13,Bronx,2020-11,0,54,-14,-1.0
13,Bronx,2020-12,0,38,-16,-1.0
13,Bronx,2021-01,0,18,-20,-1.0
13,Bronx,2021-02,0,6,-12,-1.0
13,Bronx,2021-03,0,0,-6,-1.0
13,Bronx,2021-04,0,0,0,
13,Bronx,2021-05,0,0,0,
13,Bronx,2021-06,0,0,0,
13,Bronx,2021-07,0,0,0,
13,Bronx,2021-08,0,0,0,
13,Bronx,2021-09,0,0,0,
13,Bronx,2021-10,0,0,0,
13,Bronx,2021-11,0,0,0,
13,Bronx,2021-12,0,0,0,
13,Bronx,2022-01,2,2,2,
13,Bronx,2022-02,3,5,3,
13,Bronx,2022-03,5,10,5,
13,Bronx,2022-04,0,10,0,
13,Bronx,2022-05,4,14,4,
13,Bronx,2022-06,0,14,0,
13,Bronx,2022-07,2,16,2,
13,Bronx,2022-08,11,27,11,
13,Bronx,2022-09,5,32,5,
13,Bronx,2022-10,7,39,7,
13,Bronx,2022-11,13,52,13,
13,Bronx,2022-12,8,60,8,
13,Bronx,2023-01,13,71,11,5.5
13,Bronx,2023-02,15,83,12,4.0
13,Bronx,2023-03,13,91,8,1.6
13,Bronx,2023-04,7,98,7,
13,Bronx,2023-05,14,108,10,2.5
13,Bronx,2023-06,19,127,19,
13,Bronx,2023-07,20,145,18,9.0
13,Bronx,2023-08,27,161,16,1.4545
13,Bronx,2023-09,24,180,19,3.8
13,Bronx,2023-10,23,196,16,2.2857
13,Bronx,2023-11,15,198,2,0.1538
13,Bronx,2023-12,15,205,7,0.875
13,Bronx,2024-01,24,216,11,0.8462
13,Bronx,2024-02,20,221,5,0.3333
13,Bronx,2024-03,9,217,-4,-0.3077
13,Bronx,2024-04,8,218,1,0.1429
13,Bronx,2024-05,11,215,-3,-0.2143
13,Bronx,2024-06,4,200,-15,-0.7895
13,Bronx,2024-07,28,208,8,0.4
13,Bronx,2024-08,34,215,7,0.2593
13,Bronx,2024-09,41,232,17,0.7083
13,Bronx,2024-10,37,246,14,0.6087
13,Bronx,2024-11,23,254,8,0.5333
13,Bronx,2024-12,16,255,1,0.0667
13,Bronx,2025-01,21,252,-3,-0.125
13,Bronx,2025-02,27,259,7,0.35
13,Bronx,2025-03,14,264,5,0.5556
13,Bronx,2025-04,29,285,21,2.625
13,Bronx,2025-05,20,294,9,0.8182
13,Bronx,2025-06,35,325,31,7.75
13,Bronx,2025-07,12,309,-16,-0.5714
13,Bronx,2025-08,23,298,-11,-0.3235
13,Bronx,2025-09,17,274,-24,-0.5854
13,Bronx,2025-10,37,274,0,0.0
13,Bronx,2025-11,17,268,-6,-0.2609
13,Bronx,2025-12,24,276,8,0.5
13,Bronx,2026-01,15,270,-6,-0.2857
13,Bronx,2026-02,18,261,-9,-0.3333
13,Bronx,2026-03,17,264,3,0.2143
13,Bronx,2026-04,17,252,-12,-0.4138
13,Bronx,2026-05,19,251,-1,-0.05
13,Bronx,2026-06,23,239,-12,-0.3429
14,Bronx,2017-01,89,,,
14,Bronx,2017-02,74,,,
14,Bronx,2017-03,78,,,
14,Bronx,2017-04,69,,,
14,Bronx,2017-05,111,,,
14,Bronx,2017-06,88,,,
14,Bronx,2017-07,61,,,
14,Bronx,2017-08,78,,,
14,Bronx,2017-09,94,,,
14,Bronx,2017-10,109,,,
14,Bronx,2017-11,99,,,
14,Bronx,2017-12,69,1019,,
14,Bronx,2018-01,109,1039,20,0.2247
14,Bronx,2018-02,79,1044,5,0.0676
14,Bronx,2018-03,71,1037,-7,-0.0897
14,Bronx,2018-04,69,1037,0,0.0
14,Bronx,2018-05,97,1023,-14,-0.1261
14,Bronx,2018-06,82,1017,-6,-0.0682
14,Bronx,2018-07,68,1024,7,0.1148
14,Bronx,2018-08,69,1015,-9,-0.1154
14,Bronx,2018-09,49,970,-45,-0.4787
14,Bronx,2018-10,56,917,-53,-0.4862
14,Bronx,2018-11,62,880,-37,-0.3737
14,Bronx,2018-12,39,850,-30,-0.4348
14,Bronx,2019-01,73,814,-36,-0.3303
14,Bronx,2019-02,48,783,-31,-0.3924
14,Bronx,2019-03,57,769,-14,-0.1972
14,Bronx,2019-04,61,761,-8,-0.1159
14,Bronx,2019-05,73,737,-24,-0.2474
14,Bronx,2019-06,56,711,-26,-0.3171
14,Bronx,2019-07,66,709,-2,-0.0294
14,Bronx,2019-08,50,690,-19,-0.2754
14,Bronx,2019-09,55,696,6,0.1224
14,Bronx,2019-10,37,677,-19,-0.3393
14,Bronx,2019-11,41,656,-21,-0.3387
14,Bronx,2019-12,31,648,-8,-0.2051
14,Bronx,2020-01,72,647,-1,-0.0137
14,Bronx,2020-02,48,647,0,0.0
14,Bronx,2020-03,17,607,-40,-0.7018
14,Bronx,2020-04,0,546,-61,-1.0
14,Bronx,2020-05,0,473,-73,-1.0
14,Bronx,2020-06,0,417,-56,-1.0
14,Bronx,2020-07,0,351,-66,-1.0
14,Bronx,2020-08,0,301,-50,-1.0
14,Bronx,2020-09,0,246,-55,-1.0
14,Bronx,2020-10,0,209,-37,-1.0
14,Bronx,2020-11,0,168,-41,-1.0
14,Bronx,2020-12,0,137,-31,-1.0
14,Bronx,2021-01,0,65,-72,-1.0
14,Bronx,2021-02,0,17,-48,-1.0
14,Bronx,2021-03,0,0,-17,-1.0
14,Bronx,2021-04,0,0,0,
14,Bronx,2021-05,0,0,0,
14,Bronx,2021-06,1,1,1,
14,Bronx,2021-07,1,2,1,
14,Bronx,2021-08,0,2,0,
14,Bronx,2021-09,0,2,0,
14,Bronx,2021-10,0,2,0,
14,Bronx,2021-11,0,2,0,
14,Bronx,2021-12,1,3,1,
14,Bronx,2022-01,4,7,4,
14,Bronx,2022-02,6,13,6,
14,Bronx,2022-03,2,15,2,
14,Bronx,2022-04,7,22,7,
14,Bronx,2022-05,12,34,12,
14,Bronx,2022-06,7,40,6,6.0
14,Bronx,2022-07,10,49,9,9.0
14,Bronx,2022-08,8,57,8,
14,Bronx,2022-09,14,71,14,
14,Bronx,2022-10,26,97,26,
14,Bronx,2022-11,18,115,18,
14,Bronx,2022-12,16,130,15,15.0
14,Bronx,2023-01,34,160,30,7.5
14,Bronx,2023-02,19,173,13,2.1667
14,Bronx,2023-03,35,206,33,16.5
14,Bronx,2023-04,31,230,24,3.4286
14,Bronx,2023-05,31,249,19,1.5833
14,Bronx,2023-06,56,298,49,7.0
14,Bronx,2023-07,50,338,40,4.0
14,Bronx,2023-08,67,397,59,7.375
14,Bronx,2023-09,62,445,48,3.4286
14,Bronx,2023-10,74,493,48,1.8462
14,Bronx,2023-11,43,518,25,1.3889
14,Bronx,2023-12,40,542,24,1.5
14,Bronx,2024-01,69,577,35,1.0294
14,Bronx,2024-02,56,614,37,1.9474
14,Bronx,2024-03,27,606,-8,-0.2286
14,Bronx,2024-04,27,602,-4,-0.129
14,Bronx,2024-05,33,604,2,0.0645
14,Bronx,2024-06,36,584,-20,-0.3571
14,Bronx,2024-07,47,581,-3,-0.06
14,Bronx,2024-08,61,575,-6,-0.0896
14,Bronx,2024-09,73,586,11,0.1774
14,Bronx,2024-10,78,590,4,0.0541
14,Bronx,2024-11,52,599,9,0.2093
14,Bronx,2024-12,57,616,17,0.425
14,Bronx,2025-01,79,626,10,0.1449
14,Bronx,2025-02,54,624,-2,-0.0357
14,Bronx,2025-03,75,672,48,1.7778
14,Bronx,2025-04,92,737,65,2.4074
14,Bronx,2025-05,78,782,45,1.3636
14,Bronx,2025-06,72,818,36,1.0
14,Bronx,2025-07,74,845,27,0.5745
14,Bronx,2025-08,56,840,-5,-0.082
14,Bronx,2025-09,59,826,-14,-0.1918
14,Bronx,2025-10,61,809,-17,-0.2179
14,Bronx,2025-11,51,808,-1,-0.0192
14,Bronx,2025-12,45,796,-12,-0.2105
14,Bronx,2026-01,38,755,-41,-0.519
14,Bronx,2026-02,44,745,-10,-0.1852
14,Bronx,2026-03,61,731,-14,-0.1867
14,Bronx,2026-04,69,708,-23,-0.25
14,Bronx,2026-05,60,690,-18,-0.2308
14,Bronx,2026-06,66,684,-6,-0.0833
15,Bronx,2017-01,117,,,
15,Bronx,2017-02,101,,,
15,Bronx,2017-03,103,,,
15,Bronx,2017-04,112,,,
15,Bronx,2017-05,112,,,
15,Bronx,2017-06,123,,,
15,Bronx,2017-07,71,,,
15,Bronx,2017-08,116,,,
15,Bronx,2017-09,94,,,
15,Bronx,2017-10,108,,,
15,Bronx,2017-11,103,,,
15,Bronx,2017-12,90,1250,,
15,Bronx,2018-01,146,1279,29,0.2479
15,Bronx,2018-02,98,1276,-3,-0.0297
15,Bronx,2018-03,87,1260,-16,-0.1553
15,Bronx,2018-04,114,1262,2,0.0179
15,Bronx,2018-05,113,1263,1,0.0089
15,Bronx,2018-06,95,1235,-28,-0.2276
15,Bronx,2018-07,82,1246,11,0.1549
15,Bronx,2018-08,92,1222,-24,-0.2069
15,Bronx,2018-09,64,1192,-30,-0.3191
15,Bronx,2018-10,66,1150,-42,-0.3889
15,Bronx,2018-11,61,1108,-42,-0.4078
15,Bronx,2018-12,56,1074,-34,-0.3778
15,Bronx,2019-01,94,1022,-52,-0.3562
15,Bronx,2019-02,71,995,-27,-0.2755
15,Bronx,2019-03,67,975,-20,-0.2299
15,Bronx,2019-04,94,955,-20,-0.1754
15,Bronx,2019-05,84,926,-29,-0.2566
15,Bronx,2019-06,76,907,-19,-0.2
15,Bronx,2019-07,68,893,-14,-0.1707
15,Bronx,2019-08,78,879,-14,-0.1522
15,Bronx,2019-09,80,895,16,0.25
15,Bronx,2019-10,53,882,-13,-0.197
15,Bronx,2019-11,49,870,-12,-0.1967
15,Bronx,2019-12,55,869,-1,-0.0179
15,Bronx,2020-01,66,841,-28,-0.2979
15,Bronx,2020-02,53,823,-18,-0.2535
15,Bronx,2020-03,24,780,-43,-0.6418
15,Bronx,2020-04,0,686,-94,-1.0
15,Bronx,2020-05,0,602,-84,-1.0
15,Bronx,2020-06,0,526,-76,-1.0
15,Bronx,2020-07,0,458,-68,-1.0
15,Bronx,2020-08,0,380,-78,-1.0
15,Bronx,2020-09,0,300,-80,-1.0
15,Bronx,2020-10,0,247,-53,-1.0
15,Bronx,2020-11,0,198,-49,-1.0
15,Bronx,2020-12,0,143,-55,-1.0
15,Bronx,2021-01,0,77,-66,-1.0
15,Bronx,2021-02,0,24,-53,-1.0
15,Bronx,2021-03,0,0,-24,-1.0
15,Bronx,2021-04,0,0,0,
15,Bronx,2021-05,0,0,0,
15,Bronx,2021-06,0,0,0,
15,Bronx,2021-07,0,0,0,
15,Bronx,2021-08,4,4,4,
15,Bronx,2021-09,0,4,0,
15,Bronx,2021-10,0,4,0,
15,Bronx,2021-11,1,5,1,
15,Bronx,2021-12,0,5,0,
15,Bronx,2022-01,5,10,5,
15,Bronx,2022-02,5,15,5,
15,Bronx,2022-03,7,22,7,
15,Bronx,2022-04,6,28,6,
15,Bronx,2022-05,9,37,9,
15,Bronx,2022-06,13,50,13,
15,Bronx,2022-07,8,58,8,
15,Bronx,2022-08,15,69,11,2.75
15,Bronx,2022-09,13,82,13,
15,Bronx,2022-10,33,115,33,
15,Bronx,2022-11,25,139,24,24.0
15,Bronx,2022-12,15,154,15,
15,Bronx,2023-01,45,194,40,8.0
15,Bronx,2023-02,29,218,24,4.8
15,Bronx,2023-03,36,247,29,4.1429
15,Bronx,2023-04,31,272,25,4.1667
15,Bronx,2023-05,45,308,36,4.0
15,Bronx,2023-06,71,366,58,4.4615
15,Bronx,2023-07,69,427,61,7.625
15,Bronx,2023-08,82,494,67,4.4667
15,Bronx,2023-09,76,557,63,4.8462
15,Bronx,2023-10,116,640,83,2.5152
15,Bronx,2023-11,84,699,59,2.36
15,Bronx,2023-12,49,733,34,2.2667
15,Bronx,2024-01,77,765,32,0.7111
15,Bronx,2024-02,44,780,15,0.5172
15,Bronx,2024-03,48,792,12,0.3333
15,Bronx,2024-04,45,806,14,0.4516
15,Bronx,2024-05,41,802,-4,-0.0889
15,Bronx,2024-06,46,777,-25,-0.3521
15,Bronx,2024-07,73,781,4,0.058
15,Bronx,2024-08,74,773,-8,-0.0976
15,Bronx,2024-09,92,789,16,0.2105
15,Bronx,2024-10,88,761,-28,-0.2414
15,Bronx,2024-11,64,741,-20,-0.2381
15,Bronx,2024-12,64,756,15,0.3061
15,Bronx,2025-01,81,760,4,0.0519
15,Bronx,2025-02,73,789,29,0.6591
15,Bronx,2025-03,74,815,26,0.5417
15,Bronx,2025-04,82,852,37,0.8222
15,Bronx,2025-05,69,880,28,0.6829
15,Bronx,2025-06,63,897,17,0.3696
15,Bronx,2025-07,58,882,-15,-0.2055
15,Bronx,2025-08,70,878,-4,-0.0541
15,Bronx,2025-09,70,856,-22,-0.2391
15,Bronx,2025-10,92,860,4,0.0455
15,Bronx,2025-11,53,849,-11,-0.1719
15,Bronx,2025-12,42,827,-22,-0.3438
15,Bronx,2026-01,55,801,-26,-0.321
15,Bronx,2026-02,49,777,-24,-0.3288
15,Bronx,2026-03,80,783,6,0.0811
15,Bronx,2026-04,74,775,-8,-0.0976
15,Bronx,2026-05,60,766,-9,-0.1304
15,Bronx,2026-06,60,763,-3,-0.0476
16,Bronx,2017-01,112,,,
16,Bronx,2017-02,67,,,
16,Bronx,2017-03,63,,,
16,Bronx,2017-04,47,,,
16,Bronx,2017-05,71,,,
16,Bronx,2017-06,75,,,
16,Bronx,2017-07,64,,,
16,Bronx,2017-08,83,,,
16,Bronx,2017-09,72,,,
16,Bronx,2017-10,86,,,
16,Bronx,2017-11,90,,,
16,Bronx,2017-12,83,913,,
16,Bronx,2018-01,100,901,-12,-0.1071
16,Bronx,2018-02,77,911,10,0.1493
16,Bronx,2018-03,62,910,-1,-0.0159
16,Bronx,2018-04,73,936,26,0.5532
16,Bronx,2018-05,95,960,24,0.338
16,Bronx,2018-06,80,965,5,0.0667
16,Bronx,2018-07,61,962,-3,-0.0469
16,Bronx,2018-08,85,964,2,0.0241
16,Bronx,2018-09,72,964,0,0.0
16,Bronx,2018-10,68,946,-18,-0.2093
16,Bronx,2018-11,52,908,-38,-0.4222
16,Bronx,2018-12,62,887,-21,-0.253
16,Bronx,2019-01,84,871,-16,-0.16
16,Bronx,2019-02,56,850,-21,-0.2727
16,Bronx,2019-03,76,864,14,0.2258
16,Bronx,2019-04,76,867,3,0.0411
16,Bronx,2019-05,81,853,-14,-0.1474
16,Bronx,2019-06,66,839,-14,-0.175
16,Bronx,2019-07,64,842,3,0.0492
16,Bronx,2019-08,91,848,6,0.0706
16,Bronx,2019-09,56,832,-16,-0.2222
16,Bronx,2019-10,64,828,-4,-0.0588
16,Bronx,2019-11,38,814,-14,-0.2692
16,Bronx,2019-12,38,790,-24,-0.3871
16,Bronx,2020-01,71,777,-13,-0.1548
16,Bronx,2020-02,64,785,8,0.1429
16,Bronx,2020-03,22,731,-54,-0.7105
16,Bronx,2020-04,0,655,-76,-1.0
16,Bronx,2020-05,0,574,-81,-1.0
16,Bronx,2020-06,0,508,-66,-1.0
16,Bronx,2020-07,0,444,-64,-1.0
16,Bronx,2020-08,0,353,-91,-1.0
16,Bronx,2020-09,0,297,-56,-1.0
16,Bronx,2020-10,0,233,-64,-1.0
16,Bronx,2020-11,0,195,-38,-1.0
16,Bronx,2020-12,0,157,-38,-1.0
16,Bronx,2021-01,0,86,-71,-1.0
16,Bronx,2021-02,0,22,-64,-1.0
16,Bronx,2021-03,0,0,-22,-1.0
16,Bronx,2021-04,0,0,0,
16,Bronx,2021-05,0,0,0,
16,Bronx,2021-06,0,0,0,
16,Bronx,2021-07,0,0,0,
16,Bronx,2021-08,0,0,0,
16,Bronx,2021-09,0,0,0,
16,Bronx,2021-10,0,0,0,
16,Bronx,2021-11,0,0,0,
16,Bronx,2021-12,0,0,0,
16,Bronx,2022-01,2,2,2,
16,Bronx,2022-02,8,10,8,
16,Bronx,2022-03,3,13,3,
16,Bronx,2022-04,1,14,1,
16,Bronx,2022-05,14,28,14,
16,Bronx,2022-06,5,33,5,
16,Bronx,2022-07,13,46,13,
16,Bronx,2022-08,7,53,7,
16,Bronx,2022-09,11,64,11,
16,Bronx,2022-10,19,83,19,
16,Bronx,2022-11,22,105,22,
16,Bronx,2022-12,8,113,8,
16,Bronx,2023-01,31,142,29,14.5
16,Bronx,2023-02,13,147,5,0.625
16,Bronx,2023-03,28,172,25,8.3333
16,Bronx,2023-04,15,186,14,14.0
16,Bronx,2023-05,38,210,24,1.7143
16,Bronx,2023-06,44,249,39,7.8
16,Bronx,2023-07,35,271,22,1.6923
16,Bronx,2023-08,56,320,49,7.0
16,Bronx,2023-09,74,383,63,5.7273
16,Bronx,2023-10,75,439,56,2.9474
16,Bronx,2023-11,37,454,15,0.6818
16,Bronx,2023-12,28,474,20,2.5
16,Bronx,2024-01,51,494,20,0.6452
16,Bronx,2024-02,27,508,14,1.0769
16,Bronx,2024-03,33,513,5,0.1786
16,Bronx,2024-04,30,528,15,1.0
16,Bronx,2024-05,32,522,-6,-0.1579
16,Bronx,2024-06,37,515,-7,-0.1591
16,Bronx,2024-07,59,539,24,0.6857
16,Bronx,2024-08,53,536,-3,-0.0536
16,Bronx,2024-09,67,529,-7,-0.0946
16,Bronx,2024-10,75,529,0,0.0
16,Bronx,2024-11,57,549,20,0.5405
16,Bronx,2024-12,32,553,4,0.1429
16,Bronx,2025-01,53,555,2,0.0392
16,Bronx,2025-02,52,580,25,0.9259
16,Bronx,2025-03,67,614,34,1.0303
16,Bronx,2025-04,76,660,46,1.5333
16,Bronx,2025-05,76,704,44,1.375
16,Bronx,2025-06,77,744,40,1.0811
16,Bronx,2025-07,58,743,-1,-0.0169
16,Bronx,2025-08,69,759,16,0.3019
16,Bronx,2025-09,58,750,-9,-0.1343
16,Bronx,2025-10,74,749,-1,-0.0133
16,Bronx,2025-11,55,747,-2,-0.0351
16,Bronx,2025-12,40,755,8,0.25
16,Bronx,2026-01,51,753,-2,-0.0377
16,Bronx,2026-02,47,748,-5,-0.0962
16,Bronx,2026-03,72,753,5,0.0746
16,Bronx,2026-04,71,748,-5,-0.0658
16,Bronx,2026-05,60,732,-16,-0.2105
16,Bronx,2026-06,51,706,-26,-0.3377
17,Bronx,2017-01,105,,,
17,Bronx,2017-02,68,,,
17,Bronx,2017-03,84,,,
17,Bronx,2017-04,65,,,
17,Bronx,2017-05,70,,,
17,Bronx,2017-06,85,,,
17,Bronx,2017-07,81,,,
17,Bronx,2017-08,96,,,
17,Bronx,2017-09,98,,,
17,Bronx,2017-10,84,,,
17,Bronx,2017-11,74,,,
17,Bronx,2017-12,65,975,,
17,Bronx,2018-01,107,977,2,0.019
17,Bronx,2018-02,86,995,18,0.2647
17,Bronx,2018-03,77,988,-7,-0.0833
17,Bronx,2018-04,75,998,10,0.1538
17,Bronx,2018-05,113,1041,43,0.6143
17,Bronx,2018-06,89,1045,4,0.0471
17,Bronx,2018-07,98,1062,17,0.2099
17,Bronx,2018-08,89,1055,-7,-0.0729
17,Bronx,2018-09,73,1030,-25,-0.2551
17,Bronx,2018-10,75,1021,-9,-0.1071
17,Bronx,2018-11,79,1026,5,0.0676
17,Bronx,2018-12,55,1016,-10,-0.1538
17,Bronx,2019-01,95,1004,-12,-0.1121
17,Bronx,2019-02,90,1008,4,0.0465
17,Bronx,2019-03,61,992,-16,-0.2078
17,Bronx,2019-04,82,999,7,0.0933
17,Bronx,2019-05,77,963,-36,-0.3186
17,Bronx,2019-06,74,948,-15,-0.1685
17,Bronx,2019-07,69,919,-29,-0.2959
17,Bronx,2019-08,61,891,-28,-0.3146
17,Bronx,2019-09,64,882,-9,-0.1233
17,Bronx,2019-10,61,868,-14,-0.1867
17,Bronx,2019-11,57,846,-22,-0.2785
17,Bronx,2019-12,42,833,-13,-0.2364
17,Bronx,2020-01,69,807,-26,-0.2737
17,Bronx,2020-02,47,764,-43,-0.4778
17,Bronx,2020-03,18,721,-43,-0.7049
17,Bronx,2020-04,0,639,-82,-1.0
17,Bronx,2020-05,0,562,-77,-1.0
17,Bronx,2020-06,0,488,-74,-1.0
17,Bronx,2020-07,0,419,-69,-1.0
17,Bronx,2020-08,0,358,-61,-1.0
17,Bronx,2020-09,0,294,-64,-1.0
17,Bronx,2020-10,0,233,-61,-1.0
17,Bronx,2020-11,0,176,-57,-1.0
17,Bronx,2020-12,0,134,-42,-1.0
17,Bronx,2021-01,0,65,-69,-1.0
17,Bronx,2021-02,0,18,-47,-1.0
17,Bronx,2021-03,0,0,-18,-1.0
17,Bronx,2021-04,0,0,0,
17,Bronx,2021-05,0,0,0,
17,Bronx,2021-06,0,0,0,
17,Bronx,2021-07,1,1,1,
17,Bronx,2021-08,0,1,0,
17,Bronx,2021-09,0,1,0,
17,Bronx,2021-10,0,1,0,
17,Bronx,2021-11,0,1,0,
17,Bronx,2021-12,0,1,0,
17,Bronx,2022-01,4,5,4,
17,Bronx,2022-02,4,9,4,
17,Bronx,2022-03,3,12,3,
17,Bronx,2022-04,1,13,1,
17,Bronx,2022-05,9,22,9,
17,Bronx,2022-06,4,26,4,
17,Bronx,2022-07,7,32,6,6.0
17,Bronx,2022-08,7,39,7,
17,Bronx,2022-09,16,55,16,
17,Bronx,2022-10,21,76,21,
17,Bronx,2022-11,15,91,15,
17,Bronx,2022-12,9,100,9,
17,Bronx,2023-01,15,111,11,2.75
17,Bronx,2023-02,18,125,14,3.5
17,Bronx,2023-03,32,154,29,9.6667
17,Bronx,2023-04,24,177,23,23.0
17,Bronx,2023-05,44,212,35,3.8889
17,Bronx,2023-06,54,262,50,12.5
17,Bronx,2023-07,57,312,50,7.1429
17,Bronx,2023-08,71,376,64,9.1429
17,Bronx,2023-09,78,438,62,3.875
17,Bronx,2023-10,61,478,40,1.9048
17,Bronx,2023-11,57,520,42,2.8
17,Bronx,2023-12,44,555,35,3.8889
17,Bronx,2024-01,70,610,55,3.6667
17,Bronx,2024-02,47,639,29,1.6111
17,Bronx,2024-03,26,633,-6,-0.1875
17,Bronx,2024-04,36,645,12,0.5
17,Bronx,2024-05,31,632,-13,-0.2955
17,Bronx,2024-06,44,622,-10,-0.1852
17,Bronx,2024-07,61,626,4,0.0702
17,Bronx,2024-08,58,613,-13,-0.1831
17,Bronx,2024-09,83,618,5,0.0641
17,Bronx,2024-10,65,622,4,0.0656
17,Bronx,2024-11,59,624,2,0.0351
17,Bronx,2024-12,42,622,-2,-0.0455
17,Bronx,2025-01,81,633,11,0.1571
17,Bronx,2025-02,68,654,21,0.4468
17,Bronx,2025-03,58,686,32,1.2308
17,Bronx,2025-04,75,725,39,1.0833
17,Bronx,2025-05,68,762,37,1.1935
17,Bronx,2025-06,70,788,26,0.5909
17,Bronx,2025-07,60,787,-1,-0.0164
17,Bronx,2025-08,58,787,0,0.0
17,Bronx,2025-09,55,759,-28,-0.3373
17,Bronx,2025-10,83,777,18,0.2769
17,Bronx,2025-11,39,757,-20,-0.339
17,Bronx,2025-12,42,757,0,0.0
17,Bronx,2026-01,51,727,-30,-0.3704
17,Bronx,2026-02,47,706,-21,-0.3088
17,Bronx,2026-03,87,735,29,0.5
17,Bronx,2026-04,85,745,10,0.1333
17,Bronx,2026-05,65,742,-3,-0.0441
17,Bronx,2026-06,68,740,-2,-0.0286
18,Bronx,2017-01,55,,,
18,Bronx,2017-02,45,,,
18,Bronx,2017-03,76,,,
18,Bronx,2017-04,53,,,
18,Bronx,2017-05,76,,,
18,Bronx,2017-06,58,,,
18,Bronx,2017-07,33,,,
18,Bronx,2017-08,57,,,
18,Bronx,2017-09,55,,,
18,Bronx,2017-10,53,,,
18,Bronx,2017-11,56,,,
18,Bronx,2017-12,40,657,,
18,Bronx,2018-01,82,684,27,0.4909
18,Bronx,2018-02,48,687,3,0.0667
18,Bronx,2018-03,41,652,-35,-0.4605
18,Bronx,2018-04,59,658,6,0.1132
18,Bronx,2018-05,61,643,-15,-0.1974
18,Bronx,2018-06,51,636,-7,-0.1207
18,Bronx,2018-07,53,656,20,0.6061
18,Bronx,2018-08,63,662,6,0.1053
18,Bronx,2018-09,43,650,-12,-0.2182
18,Bronx,2018-10,53,650,0,0.0
18,Bronx,2018-11,37,631,-19,-0.3393
18,Bronx,2018-12,40,631,0,0.0
18,Bronx,2019-01,67,616,-15,-0.1829
18,Bronx,2019-02,50,618,2,0.0417
18,Bronx,2019-03,58,635,17,0.4146
18,Bronx,2019-04,52,628,-7,-0.1186
18,Bronx,2019-05,44,611,-17,-0.2787
18,Bronx,2019-06,52,612,1,0.0196
18,Bronx,2019-07,52,611,-1,-0.0189
18,Bronx,2019-08,42,590,-21,-0.3333
18,Bronx,2019-09,35,582,-8,-0.186
18,Bronx,2019-10,42,571,-11,-0.2075
18,Bronx,2019-11,21,555,-16,-0.4324
18,Bronx,2019-12,36,551,-4,-0.1
18,Bronx,2020-01,41,525,-26,-0.3881
18,Bronx,2020-02,35,510,-15,-0.3
18,Bronx,2020-03,13,465,-45,-0.7759
18,Bronx,2020-04,0,413,-52,-1.0
18,Bronx,2020-05,0,369,-44,-1.0
18,Bronx,2020-06,0,317,-52,-1.0
18,Bronx,2020-07,0,265,-52,-1.0
18,Bronx,2020-08,0,223,-42,-1.0
18,Bronx,2020-09,0,188,-35,-1.0
18,Bronx,2020-10,0,146,-42,-1.0
18,Bronx,2020-11,0,125,-21,-1.0
18,Bronx,2020-12,0,89,-36,-1.0
18,Bronx,2021-01,0,48,-41,-1.0
18,Bronx,2021-02,0,13,-35,-1.0
18,Bronx,2021-03,0,0,-13,-1.0
18,Bronx,2021-04,0,0,0,
18,Bronx,2021-05,0,0,0,
18,Bronx,2021-06,0,0,0,
18,Bronx,2021-07,0,0,0,
18,Bronx,2021-08,1,1,1,
18,Bronx,2021-09,0,1,0,
18,Bronx,2021-10,0,1,0,
18,Bronx,2021-11,1,2,1,
18,Bronx,2021-12,0,2,0,
18,Bronx,2022-01,1,3,1,
18,Bronx,2022-02,4,7,4,
18,Bronx,2022-03,1,8,1,
18,Bronx,2022-04,7,15,7,
18,Bronx,2022-05,5,20,5,
18,Bronx,2022-06,6,26,6,
18,Bronx,2022-07,8,34,8,
18,Bronx,2022-08,5,38,4,4.0
18,Bronx,2022-09,11,49,11,
18,Bronx,2022-10,14,63,14,
18,Bronx,2022-11,27,89,26,26.0
18,Bronx,2022-12,7,96,7,
18,Bronx,2023-01,29,124,28,28.0
18,Bronx,2023-02,19,139,15,3.75
18,Bronx,2023-03,20,158,19,19.0
18,Bronx,2023-04,12,163,5,0.7143
18,Bronx,2023-05,22,180,17,3.4
18,Bronx,2023-06,36,210,30,5.0
18,Bronx,2023-07,29,231,21,2.625
18,Bronx,2023-08,46,272,41,8.2
18,Bronx,2023-09,32,293,21,1.9091
18,Bronx,2023-10,36,315,22,1.5714
18,Bronx,2023-11,27,315,0,0.0
18,Bronx,2023-12,26,334,19,2.7143
18,Bronx,2024-01,34,339,5,0.1724
18,Bronx,2024-02,19,339,0,0.0
18,Bronx,2024-03,28,347,8,0.4
18,Bronx,2024-04,29,364,17,1.4167
18,Bronx,2024-05,19,361,-3,-0.1364
18,Bronx,2024-06,14,339,-22,-0.6111
18,Bronx,2024-07,29,339,0,0.0
18,Bronx,2024-08,47,340,1,0.0217
18,Bronx,2024-09,30,338,-2,-0.0625
18,Bronx,2024-10,41,343,5,0.1389
18,Bronx,2024-11,39,355,12,0.4444
18,Bronx,2024-12,32,361,6,0.2308
18,Bronx,2025-01,57,384,23,0.6765
18,Bronx,2025-02,47,412,28,1.4737
18,Bronx,2025-03,60,444,32,1.1429
18,Bronx,2025-04,60,475,31,1.069
18,Bronx,2025-05,30,486,11,0.5789
18,Bronx,2025-06,38,510,24,1.7143
18,Bronx,2025-07,24,505,-5,-0.1724
18,Bronx,2025-08,39,497,-8,-0.1702
18,Bronx,2025-09,38,505,8,0.2667
18,Bronx,2025-10,56,520,15,0.3659
18,Bronx,2025-11,39,520,0,0.0
18,Bronx,2025-12,32,520,0,0.0
18,Bronx,2026-01,25,488,-32,-0.5614
18,Bronx,2026-02,27,468,-20,-0.4255
18,Bronx,2026-03,49,457,-11,-0.1833
18,Bronx,2026-04,46,443,-14,-0.2333
18,Bronx,2026-05,32,445,2,0.0667
18,Bronx,2026-06,42,449,4,0.1053
19,Queens,2017-01,14,,,
19,Queens,2017-02,11,,,
19,Queens,2017-03,7,,,
19,Queens,2017-04,6,,,
19,Queens,2017-05,8,,,
19,Queens,2017-06,13,,,
19,Queens,2017-07,11,,,
19,Queens,2017-08,10,,,
19,Queens,2017-09,8,,,
19,Queens,2017-10,8,,,
19,Queens,2017-11,7,,,
19,Queens,2017-12,5,108,,
19,Queens,2018-01,4,98,-10,-0.7143
19,Queens,2018-02,12,99,1,0.0909
19,Queens,2018-03,5,97,-2,-0.2857
19,Queens,2018-04,7,98,1,0.1667
19,Queens,2018-05,14,104,6,0.75
19,Queens,2018-06,6,97,-7,-0.5385
19,Queens,2018-07,4,90,-7,-0.6364
19,Queens,2018-08,7,87,-3,-0.3
19,Queens,2018-09,6,85,-2,-0.25
19,Queens,2018-10,6,83,-2,-0.25
19,Queens,2018-11,8,84,1,0.1429
19,Queens,2018-12,5,84,0,0.0
19,Queens,2019-01,13,93,9,2.25
19,Queens,2019-02,5,86,-7,-0.5833
19,Queens,2019-03,4,85,-1,-0.2
19,Queens,2019-04,7,85,0,0.0
19,Queens,2019-05,9,80,-5,-0.3571
19,Queens,2019-06,9,83,3,0.5
19,Queens,2019-07,8,87,4,1.0
19,Queens,2019-08,7,87,0,0.0
19,Queens,2019-09,6,87,0,0.0
19,Queens,2019-10,5,86,-1,-0.1667
19,Queens,2019-11,1,79,-7,-0.875
19,Queens,2019-12,5,79,0,0.0
19,Queens,2020-01,8,74,-5,-0.3846
19,Queens,2020-02,2,71,-3,-0.6
19,Queens,2020-03,5,72,1,0.25
19,Queens,2020-04,0,65,-7,-1.0
19,Queens,2020-05,0,56,-9,-1.0
19,Queens,2020-06,0,47,-9,-1.0
19,Queens,2020-07,0,39,-8,-1.0
19,Queens,2020-08,0,32,-7,-1.0
19,Queens,2020-09,0,26,-6,-1.0
19,Queens,2020-10,0,21,-5,-1.0
19,Queens,2020-11,0,20,-1,-1.0
19,Queens,2020-12,0,15,-5,-1.0
19,Queens,2021-01,0,7,-8,-1.0
19,Queens,2021-02,0,5,-2,-1.0
19,Queens,2021-03,0,0,-5,-1.0
19,Queens,2021-04,0,0,0,
19,Queens,2021-05,0,0,0,
19,Queens,2021-06,0,0,0,
19,Queens,2021-07,0,0,0,
19,Queens,2021-08,0,0,0,
19,Queens,2021-09,0,0,0,
19,Queens,2021-10,0,0,0,
19,Queens,2021-11,1,1,1,
19,Queens,2021-12,0,1,0,
19,Queens,2022-01,1,2,1,
19,Queens,2022-02,0,2,0,
19,Queens,2022-03,2,4,2,
19,Queens,2022-04,3,7,3,
19,Queens,2022-05,1,8,1,
19,Queens,2022-06,3,11,3,
19,Queens,2022-07,3,14,3,
19,Queens,2022-08,3,17,3,
19,Queens,2022-09,2,19,2,
19,Queens,2022-10,4,23,4,
19,Queens,2022-11,2,24,1,1.0
19,Queens,2022-12,0,24,0,
19,Queens,2023-01,1,24,0,0.0
19,Queens,2023-02,1,25,1,
19,Queens,2023-03,4,27,2,1.0
19,Queens,2023-04,8,32,5,1.6667
19,Queens,2023-05,9,40,8,8.0
19,Queens,2023-06,2,39,-1,-0.3333
19,Queens,2023-07,6,42,3,1.0
19,Queens,2023-08,5,44,2,0.6667
19,Queens,2023-09,4,46,2,1.0
19,Queens,2023-10,1,43,-3,-0.75
19,Queens,2023-11,6,47,4,2.0
19,Queens,2023-12,4,51,4,
19,Queens,2024-01,10,60,9,9.0
19,Queens,2024-02,7,66,6,6.0
19,Queens,2024-03,8,70,4,1.0
19,Queens,2024-04,11,73,3,0.375
19,Queens,2024-05,6,70,-3,-0.3333
19,Queens,2024-06,10,78,8,4.0
19,Queens,2024-07,9,81,3,0.5
19,Queens,2024-08,3,79,-2,-0.4
19,Queens,2024-09,7,82,3,0.75
19,Queens,2024-10,14,95,13,13.0
19,Queens,2024-11,6,95,0,0.0
19,Queens,2024-12,4,95,0,0.0
19,Queens,2025-01,7,92,-3,-0.3
19,Queens,2025-02,4,89,-3,-0.4286
19,Queens,2025-03,10,91,2,0.25
19,Queens,2025-04,5,85,-6,-0.5455
19,Queens,2025-05,12,91,6,1.0
19,Queens,2025-06,5,86,-5,-0.5
19,Queens,2025-07,11,88,2,0.2222
19,Queens,2025-08,9,94,6,2.0
19,Queens,2025-09,9,96,2,0.2857
19,Queens,2025-10,14,96,0,0.0
19,Queens,2025-11,8,98,2,0.3333
19,Queens,2025-12,16,110,12,3.0
19,Queens,2026-01,12,115,5,0.7143
19,Queens,2026-02,8,119,4,1.0
19,Queens,2026-03,13,122,3,0.3
19,Queens,2026-04,8,125,3,0.6
19,Queens,2026-05,4,117,-8,-0.6667
19,Queens,2026-06,3,115,-2,-0.4
20,Queens,2017-01,11,,,
20,Queens,2017-02,8,,,
20,Queens,2017-03,11,,,
20,Queens,2017-04,15,,,
20,Queens,2017-05,18,,,
20,Queens,2017-06,25,,,
20,Queens,2017-07,6,,,
20,Queens,2017-08,23,,,
20,Queens,2017-09,11,,,
20,Queens,2017-10,7,,,
20,Queens,2017-11,12,,,
20,Queens,2017-12,2,149,,
20,Queens,2018-01,20,158,9,0.8182
20,Queens,2018-02,21,171,13,1.625
20,Queens,2018-03,19,179,8,0.7273
20,Queens,2018-04,25,189,10,0.6667
20,Queens,2018-05,17,188,-1,-0.0556
20,Queens,2018-06,9,172,-16,-0.64
20,Queens,2018-07,24,190,18,3.0
20,Queens,2018-08,16,183,-7,-0.3043
20,Queens,2018-09,17,189,6,0.5455
20,Queens,2018-10,17,199,10,1.4286
20,Queens,2018-11,13,200,1,0.0833
20,Queens,2018-12,12,210,10,5.0
20,Queens,2019-01,20,210,0,0.0
20,Queens,2019-02,13,202,-8,-0.381
20,Queens,2019-03,21,204,2,0.1053
20,Queens,2019-04,15,194,-10,-0.4
20,Queens,2019-05,17,194,0,0.0
20,Queens,2019-06,19,204,10,1.1111
20,Queens,2019-07,16,196,-8,-0.3333
20,Queens,2019-08,16,196,0,0.0
20,Queens,2019-09,5,184,-12,-0.7059
20,Queens,2019-10,13,180,-4,-0.2353
20,Queens,2019-11,12,179,-1,-0.0769
20,Queens,2019-12,9,176,-3,-0.25
20,Queens,2020-01,11,167,-9,-0.45
20,Queens,2020-02,8,162,-5,-0.3846
20,Queens,2020-03,6,147,-15,-0.7143
20,Queens,2020-04,0,132,-15,-1.0
20,Queens,2020-05,0,115,-17,-1.0
20,Queens,2020-06,0,96,-19,-1.0
20,Queens,2020-07,0,80,-16,-1.0
20,Queens,2020-08,0,64,-16,-1.0
20,Queens,2020-09,0,59,-5,-1.0
20,Queens,2020-10,0,46,-13,-1.0
20,Queens,2020-11,0,34,-12,-1.0
20,Queens,2020-12,0,25,-9,-1.0
20,Queens,2021-01,0,14,-11,-1.0
20,Queens,2021-02,0,6,-8,-1.0
20,Queens,2021-03,0,0,-6,-1.0
20,Queens,2021-04,0,0,0,
20,Queens,2021-05,0,0,0,
20,Queens,2021-06,0,0,0,
20,Queens,2021-07,0,0,0,
20,Queens,2021-08,0,0,0,
20,Queens,2021-09,0,0,0,
20,Queens,2021-10,0,0,0,
20,Queens,2021-11,1,1,1,
20,Queens,2021-12,0,1,0,
20,Queens,2022-01,0,1,0,
20,Queens,2022-02,1,2,1,
20,Queens,2022-03,5,7,5,
20,Queens,2022-04,8,15,8,
20,Queens,2022-05,3,18,3,
20,Queens,2022-06,3,21,3,
20,Queens,2022-07,4,25,4,
20,Queens,2022-08,7,32,7,
20,Queens,2022-09,6,38,6,
20,Queens,2022-10,3,41,3,
20,Queens,2022-11,2,42,1,1.0
20,Queens,2022-12,2,44,2,
20,Queens,2023-01,3,47,3,
20,Queens,2023-02,3,49,2,2.0
20,Queens,2023-03,6,50,1,0.2
20,Queens,2023-04,7,49,-1,-0.125
20,Queens,2023-05,6,52,3,1.0
20,Queens,2023-06,15,64,12,4.0
20,Queens,2023-07,16,76,12,3.0
20,Queens,2023-08,12,81,5,0.7143
20,Queens,2023-09,5,80,-1,-0.1667
20,Queens,2023-10,10,87,7,2.3333
20,Queens,2023-11,7,92,5,2.5
20,Queens,2023-12,7,97,5,2.5
20,Queens,2024-01,16,110,13,4.3333
20,Queens,2024-02,12,119,9,3.0
20,Queens,2024-03,22,135,16,2.6667
20,Queens,2024-04,13,141,6,0.8571
20,Queens,2024-05,15,150,9,1.5
20,Queens,2024-06,15,150,0,0.0
20,Queens,2024-07,11,145,-5,-0.3125
20,Queens,2024-08,11,144,-1,-0.0833
20,Queens,2024-09,15,154,10,2.0
20,Queens,2024-10,10,154,0,0.0
20,Queens,2024-11,11,158,4,0.5714
20,Queens,2024-12,13,164,6,0.8571
20,Queens,2025-01,11,159,-5,-0.3125
20,Queens,2025-02,10,157,-2,-0.1667
20,Queens,2025-03,13,148,-9,-0.4091
20,Queens,2025-04,17,152,4,0.3077
20,Queens,2025-05,13,150,-2,-0.1333
20,Queens,2025-06,17,152,2,0.1333
20,Queens,2025-07,14,155,3,0.2727
20,Queens,2025-08,14,158,3,0.2727
20,Queens,2025-09,19,162,4,0.2667
20,Queens,2025-10,14,166,4,0.4
20,Queens,2025-11,13,168,2,0.1818
20,Queens,2025-12,14,169,1,0.0769
20,Queens,2026-01,5,163,-6,-0.5455
20,Queens,2026-02,13,166,3,0.3
20,Queens,2026-03,18,171,5,0.3846
20,Queens,2026-04,19,173,2,0.1176
20,Queens,2026-05,10,170,-3,-0.2308
20,Queens,2026-06,13,166,-4,-0.2353
21,Queens,2017-01,31,,,
21,Queens,2017-02,25,,,
21,Queens,2017-03,26,,,
21,Queens,2017-04,27,,,
21,Queens,2017-05,30,,,
21,Queens,2017-06,31,,,
21,Queens,2017-07,16,,,
21,Queens,2017-08,26,,,
21,Queens,2017-09,16,,,
21,Queens,2017-10,23,,,
21,Queens,2017-11,17,,,
21,Queens,2017-12,14,282,,
21,Queens,2018-01,17,268,-14,-0.4516
21,Queens,2018-02,21,264,-4,-0.16
21,Queens,2018-03,30,268,4,0.1538
21,Queens,2018-04,24,265,-3,-0.1111
21,Queens,2018-05,28,263,-2,-0.0667
21,Queens,2018-06,26,258,-5,-0.1613
21,Queens,2018-07,37,279,21,1.3125
21,Queens,2018-08,20,273,-6,-0.2308
21,Queens,2018-09,19,276,3,0.1875
21,Queens,2018-10,19,272,-4,-0.1739
21,Queens,2018-11,18,273,1,0.0588
21,Queens,2018-12,12,271,-2,-0.1429
21,Queens,2019-01,33,287,16,0.9412
21,Queens,2019-02,21,287,0,0.0
21,Queens,2019-03,30,287,0,0.0
21,Queens,2019-04,23,286,-1,-0.0417
21,Queens,2019-05,14,272,-14,-0.5
21,Queens,2019-06,10,256,-16,-0.6154
21,Queens,2019-07,15,234,-22,-0.5946
21,Queens,2019-08,13,227,-7,-0.35
21,Queens,2019-09,9,217,-10,-0.5263
21,Queens,2019-10,13,211,-6,-0.3158
21,Queens,2019-11,10,203,-8,-0.4444
21,Queens,2019-12,4,195,-8,-0.6667
21,Queens,2020-01,12,174,-21,-0.6364
21,Queens,2020-02,6,159,-15,-0.7143
21,Queens,2020-03,9,138,-21,-0.7
21,Queens,2020-04,0,115,-23,-1.0
21,Queens,2020-05,0,101,-14,-1.0
21,Queens,2020-06,0,91,-10,-1.0
21,Queens,2020-07,0,76,-15,-1.0
21,Queens,2020-08,0,63,-13,-1.0
21,Queens,2020-09,0,54,-9,-1.0
21,Queens,2020-10,0,41,-13,-1.0
21,Queens,2020-11,1,32,-9,-0.9
21,Queens,2020-12,0,28,-4,-1.0
21,Queens,2021-01,0,16,-12,-1.0
21,Queens,2021-02,0,10,-6,-1.0
21,Queens,2021-03,0,1,-9,-1.0
21,Queens,2021-04,0,1,0,
21,Queens,2021-05,0,1,0,
21,Queens,2021-06,0,1,0,
21,Queens,2021-07,0,1,0,
21,Queens,2021-08,0,1,0,
21,Queens,2021-09,0,1,0,
21,Queens,2021-10,0,1,0,
21,Queens,2021-11,0,0,-1,-1.0
21,Queens,2021-12,0,0,0,
21,Queens,2022-01,1,1,1,
21,Queens,2022-02,4,5,4,
21,Queens,2022-03,4,9,4,
21,Queens,2022-04,4,13,4,
21,Queens,2022-05,4,17,4,
21,Queens,2022-06,4,21,4,
21,Queens,2022-07,4,25,4,
21,Queens,2022-08,6,31,6,
21,Queens,2022-09,5,36,5,
21,Queens,2022-10,3,39,3,
21,Queens,2022-11,3,42,3,
21,Queens,2022-12,2,44,2,
21,Queens,2023-01,6,49,5,5.0
21,Queens,2023-02,5,50,1,0.25
21,Queens,2023-03,13,59,9,2.25
21,Queens,2023-04,2,57,-2,-0.5
21,Queens,2023-05,9,62,5,1.25
21,Queens,2023-06,17,75,13,3.25
21,Queens,2023-07,8,79,4,1.0
21,Queens,2023-08,16,89,10,1.6667
21,Queens,2023-09,11,95,6,1.2
21,Queens,2023-10,8,100,5,1.6667
21,Queens,2023-11,14,111,11,3.6667
21,Queens,2023-12,12,121,10,5.0
21,Queens,2024-01,28,143,22,3.6667
21,Queens,2024-02,14,152,9,1.8
21,Queens,2024-03,27,166,14,1.0769
21,Queens,2024-04,25,189,23,11.5
21,Queens,2024-05,34,214,25,2.7778
21,Queens,2024-06,22,219,5,0.2941
21,Queens,2024-07,26,237,18,2.25
21,Queens,2024-08,28,249,12,0.75
21,Queens,2024-09,12,250,1,0.0909
21,Queens,2024-10,21,263,13,1.625
21,Queens,2024-11,20,269,6,0.4286
21,Queens,2024-12,12,269,0,0.0
21,Queens,2025-01,29,270,1,0.0357
21,Queens,2025-02,22,278,8,0.5714
21,Queens,2025-03,22,273,-5,-0.1852
21,Queens,2025-04,30,278,5,0.2
21,Queens,2025-05,20,264,-14,-0.4118
21,Queens,2025-06,19,261,-3,-0.1364
21,Queens,2025-07,30,265,4,0.1538
21,Queens,2025-08,32,269,4,0.1429
21,Queens,2025-09,30,287,18,1.5
21,Queens,2025-10,21,287,0,0.0
21,Queens,2025-11,26,293,6,0.3
21,Queens,2025-12,26,307,14,1.1667
21,Queens,2026-01,19,297,-10,-0.3448
21,Queens,2026-02,27,302,5,0.2273
21,Queens,2026-03,32,312,10,0.4545
21,Queens,2026-04,27,309,-3,-0.1
21,Queens,2026-05,26,315,6,0.3
21,Queens,2026-06,16,312,-3,-0.1579
22,Queens,2017-01,18,,,
22,Queens,2017-02,7,,,
22,Queens,2017-03,18,,,
22,Queens,2017-04,11,,,
22,Queens,2017-05,12,,,
22,Queens,2017-06,19,,,
22,Queens,2017-07,11,,,
22,Queens,2017-08,18,,,
22,Queens,2017-09,12,,,
22,Queens,2017-10,9,,,
22,Queens,2017-11,14,,,
22,Queens,2017-12,4,153,,
22,Queens,2018-01,18,153,0,0.0
22,Queens,2018-02,11,157,4,0.5714
22,Queens,2018-03,9,148,-9,-0.5
22,Queens,2018-04,6,143,-5,-0.4545
22,Queens,2018-05,12,143,0,0.0
22,Queens,2018-06,9,133,-10,-0.5263
22,Queens,2018-07,14,136,3,0.2727
22,Queens,2018-08,12,130,-6,-0.3333
22,Queens,2018-09,9,127,-3,-0.25
22,Queens,2018-10,18,136,9,1.0
22,Queens,2018-11,11,133,-3,-0.2143
22,Queens,2018-12,3,132,-1,-0.25
22,Queens,2019-01,12,126,-6,-0.3333
22,Queens,2019-02,18,133,7,0.6364
22,Queens,2019-03,9,133,0,0.0
22,Queens,2019-04,12,139,6,1.0
22,Queens,2019-05,15,142,3,0.25
22,Queens,2019-06,7,140,-2,-0.2222
22,Queens,2019-07,14,140,0,0.0
22,Queens,2019-08,8,136,-4,-0.3333
22,Queens,2019-09,10,137,1,0.1111
22,Queens,2019-10,10,129,-8,-0.4444
22,Queens,2019-11,7,125,-4,-0.3636
22,Queens,2019-12,1,123,-2,-0.6667
22,Queens,2020-01,16,127,4,0.3333
22,Queens,2020-02,7,116,-11,-0.6111
22,Queens,2020-03,5,112,-4,-0.4444
22,Queens,2020-04,0,100,-12,-1.0
22,Queens,2020-05,0,85,-15,-1.0
22,Queens,2020-06,0,78,-7,-1.0
22,Queens,2020-07,0,64,-14,-1.0
22,Queens,2020-08,0,56,-8,-1.0
22,Queens,2020-09,0,46,-10,-1.0
22,Queens,2020-10,0,36,-10,-1.0
22,Queens,2020-11,0,29,-7,-1.0
22,Queens,2020-12,0,28,-1,-1.0
22,Queens,2021-01,0,12,-16,-1.0
22,Queens,2021-02,0,5,-7,-1.0
22,Queens,2021-03,0,0,-5,-1.0
22,Queens,2021-04,0,0,0,
22,Queens,2021-05,0,0,0,
22,Queens,2021-06,0,0,0,
22,Queens,2021-07,0,0,0,
22,Queens,2021-08,0,0,0,
22,Queens,2021-09,0,0,0,
22,Queens,2021-10,0,0,0,
22,Queens,2021-11,0,0,0,
22,Queens,2021-12,1,1,1,
22,Queens,2022-01,0,1,0,
22,Queens,2022-02,2,3,2,
22,Queens,2022-03,1,4,1,
22,Queens,2022-04,4,8,4,
22,Queens,2022-05,2,10,2,
22,Queens,2022-06,4,14,4,
22,Queens,2022-07,1,15,1,
22,Queens,2022-08,4,19,4,
22,Queens,2022-09,4,23,4,
22,Queens,2022-10,1,24,1,
22,Queens,2022-11,3,27,3,
22,Queens,2022-12,1,27,0,0.0
22,Queens,2023-01,2,29,2,
22,Queens,2023-02,2,29,0,0.0
22,Queens,2023-03,5,33,4,4.0
22,Queens,2023-04,0,29,-4,-1.0
22,Queens,2023-05,9,36,7,3.5
22,Queens,2023-06,17,49,13,3.25
22,Queens,2023-07,12,60,11,11.0
22,Queens,2023-08,7,63,3,0.75
22,Queens,2023-09,14,73,10,2.5
22,Queens,2023-10,5,77,4,4.0
22,Queens,2023-11,18,92,15,5.0
22,Queens,2023-12,10,101,9,9.0
22,Queens,2024-01,14,113,12,6.0
22,Queens,2024-02,12,123,10,5.0
22,Queens,2024-03,13,131,8,1.6
22,Queens,2024-04,14,145,14,
22,Queens,2024-05,24,160,15,1.6667
22,Queens,2024-06,18,161,1,0.0588
22,Queens,2024-07,24,173,12,1.0
22,Queens,2024-08,14,180,7,1.0
22,Queens,2024-09,8,174,-6,-0.4286
22,Queens,2024-10,10,179,5,1.0
22,Queens,2024-11,11,172,-7,-0.3889
22,Queens,2024-12,7,169,-3,-0.3
22,Queens,2025-01,12,167,-2,-0.1429
22,Queens,2025-02,7,162,-5,-0.4167
22,Queens,2025-03,13,162,0,0.0
22,Queens,2025-04,15,163,1,0.0714
22,Queens,2025-05,22,161,-2,-0.0833
22,Queens,2025-06,18,161,0,0.0
22,Queens,2025-07,15,152,-9,-0.375
22,Queens,2025-08,14,152,0,0.0
22,Queens,2025-09,20,164,12,1.5
22,Queens,2025-10,16,170,6,0.6
22,Queens,2025-11,12,171,1,0.0909
22,Queens,2025-12,9,173,2,0.2857
22,Queens,2026-01,22,183,10,0.8333
22,Queens,2026-02,9,185,2,0.2857
22,Queens,2026-03,25,197,12,0.9231
22,Queens,2026-04,14,196,-1,-0.0667
22,Queens,2026-05,19,193,-3,-0.1364
22,Queens,2026-06,16,191,-2,-0.1111
23,Queens,2017-01,14,,,
23,Queens,2017-02,8,,,
23,Queens,2017-03,13,,,
23,Queens,2017-04,14,,,
23,Queens,2017-05,10,,,
23,Queens,2017-06,12,,,
23,Queens,2017-07,9,,,
23,Queens,2017-08,14,,,
23,Queens,2017-09,18,,,
23,Queens,2017-10,9,,,
23,Queens,2017-11,8,,,
23,Queens,2017-12,5,134,,
23,Queens,2018-01,9,129,-5,-0.3571
23,Queens,2018-02,10,131,2,0.25
23,Queens,2018-03,17,135,4,0.3077
23,Queens,2018-04,11,132,-3,-0.2143
23,Queens,2018-05,14,136,4,0.4
23,Queens,2018-06,15,139,3,0.25
23,Queens,2018-07,18,148,9,1.0
23,Queens,2018-08,8,142,-6,-0.4286
23,Queens,2018-09,7,131,-11,-0.6111
23,Queens,2018-10,11,133,2,0.2222
23,Queens,2018-11,12,137,4,0.5
23,Queens,2018-12,12,144,7,1.4
23,Queens,2019-01,17,152,8,0.8889
23,Queens,2019-02,10,152,0,0.0
23,Queens,2019-03,7,142,-10,-0.5882
23,Queens,2019-04,8,139,-3,-0.2727
23,Queens,2019-05,8,133,-6,-0.4286
23,Queens,2019-06,10,128,-5,-0.3333
23,Queens,2019-07,6,116,-12,-0.6667
23,Queens,2019-08,10,118,2,0.25
23,Queens,2019-09,9,120,2,0.2857
23,Queens,2019-10,9,118,-2,-0.1818
23,Queens,2019-11,4,110,-8,-0.6667
23,Queens,2019-12,2,100,-10,-0.8333
23,Queens,2020-01,9,92,-8,-0.4706
23,Queens,2020-02,10,92,0,0.0
23,Queens,2020-03,4,89,-3,-0.4286
23,Queens,2020-04,0,81,-8,-1.0
23,Queens,2020-05,0,73,-8,-1.0
23,Queens,2020-06,0,63,-10,-1.0
23,Queens,2020-07,0,57,-6,-1.0
23,Queens,2020-08,0,47,-10,-1.0
23,Queens,2020-09,0,38,-9,-1.0
23,Queens,2020-10,0,29,-9,-1.0
23,Queens,2020-11,0,25,-4,-1.0
23,Queens,2020-12,0,23,-2,-1.0
23,Queens,2021-01,0,14,-9,-1.0
23,Queens,2021-02,0,4,-10,-1.0
23,Queens,2021-03,0,0,-4,-1.0
23,Queens,2021-04,0,0,0,
23,Queens,2021-05,0,0,0,
23,Queens,2021-06,0,0,0,
23,Queens,2021-07,0,0,0,
23,Queens,2021-08,0,0,0,
23,Queens,2021-09,0,0,0,
23,Queens,2021-10,0,0,0,
23,Queens,2021-11,0,0,0,
23,Queens,2021-12,0,0,0,
23,Queens,2022-01,0,0,0,
23,Queens,2022-02,1,1,1,
23,Queens,2022-03,2,3,2,
23,Queens,2022-04,2,5,2,
23,Queens,2022-05,0,5,0,
23,Queens,2022-06,0,5,0,
23,Queens,2022-07,1,6,1,
23,Queens,2022-08,1,7,1,
23,Queens,2022-09,1,8,1,
23,Queens,2022-10,2,10,2,
23,Queens,2022-11,2,12,2,
23,Queens,2022-12,3,15,3,
23,Queens,2023-01,1,16,1,
23,Queens,2023-02,3,18,2,2.0
23,Queens,2023-03,1,17,-1,-0.5
23,Queens,2023-04,1,16,-1,-0.5
23,Queens,2023-05,3,19,3,
23,Queens,2023-06,4,23,4,
23,Queens,2023-07,9,31,8,8.0
23,Queens,2023-08,8,38,7,7.0
23,Queens,2023-09,4,41,3,3.0
23,Queens,2023-10,9,48,7,3.5
23,Queens,2023-11,9,55,7,3.5
23,Queens,2023-12,4,56,1,0.3333
23,Queens,2024-01,8,63,7,7.0
23,Queens,2024-02,1,61,-2,-0.6667
23,Queens,2024-03,11,71,10,10.0
23,Queens,2024-04,12,82,11,11.0
23,Queens,2024-05,12,91,9,3.0
23,Queens,2024-06,10,97,6,1.5
23,Queens,2024-07,13,101,4,0.4444
23,Queens,2024-08,13,106,5,0.625
23,Queens,2024-09,10,112,6,1.5
23,Queens,2024-10,12,115,3,0.3333
23,Queens,2024-11,7,113,-2,-0.2222
23,Queens,2024-12,6,115,2,0.5
23,Queens,2025-01,7,114,-1,-0.125
23,Queens,2025-02,10,123,9,9.0
23,Queens,2025-03,9,121,-2,-0.1818
23,Queens,2025-04,10,119,-2,-0.1667
23,Queens,2025-05,9,116,-3,-0.25
23,Queens,2025-06,12,118,2,0.2
23,Queens,2025-07,14,119,1,0.0769
23,Queens,2025-08,8,114,-5,-0.3846
23,Queens,2025-09,16,120,6,0.6
23,Queens,2025-10,13,121,1,0.0833
23,Queens,2025-11,8,122,1,0.1429
23,Queens,2025-12,15,131,9,1.5
23,Queens,2026-01,13,137,6,0.8571
23,Queens,2026-02,7,134,-3,-0.3
23,Queens,2026-03,18,143,9,1.0
23,Queens,2026-04,14,147,4,0.4
23,Queens,2026-05,11,149,2,0.2222
23,Queens,2026-06,9,146,-3,-0.25
24,Queens,2017-01,27,,,
24,Queens,2017-02,22,,,
24,Queens,2017-03,28,,,
24,Queens,2017-04,24,,,
24,Queens,2017-05,21,,,
24,Queens,2017-06,18,,,
24,Queens,2017-07,19,,,
24,Queens,2017-08,30,,,
24,Queens,2017-09,16,,,
24,Queens,2017-10,23,,,
24,Queens,2017-11,17,,,
24,Queens,2017-12,10,255,,
24,Queens,2018-01,27,255,0,0.0
24,Queens,2018-02,15,248,-7,-0.3182
24,Queens,2018-03,22,242,-6,-0.2143
24,Queens,2018-04,27,245,3,0.125
24,Queens,2018-05,24,248,3,0.1429
24,Queens,2018-06,16,246,-2,-0.1111
24,Queens,2018-07,25,252,6,0.3158
24,Queens,2018-08,17,239,-13,-0.4333
24,Queens,2018-09,25,248,9,0.5625
24,Queens,2018-10,17,242,-6,-0.2609
24,Queens,2018-11,22,247,5,0.2941
24,Queens,2018-12,10,247,0,0.0
24,Queens,2019-01,16,236,-11,-0.4074
24,Queens,2019-02,22,243,7,0.4667
24,Queens,2019-03,18,239,-4,-0.1818
24,Queens,2019-04,13,225,-14,-0.5185
24,Queens,2019-05,22,223,-2,-0.0833
24,Queens,2019-06,18,225,2,0.125
24,Queens,2019-07,14,214,-11,-0.44
24,Queens,2019-08,18,215,1,0.0588
24,Queens,2019-09,11,201,-14,-0.56
24,Queens,2019-10,9,193,-8,-0.4706
24,Queens,2019-11,17,188,-5,-0.2273
24,Queens,2019-12,6,184,-4,-0.4
24,Queens,2020-01,19,187,3,0.1875
24,Queens,2020-02,10,175,-12,-0.5455
24,Queens,2020-03,9,166,-9,-0.5
24,Queens,2020-04,0,153,-13,-1.0
24,Queens,2020-05,0,131,-22,-1.0
24,Queens,2020-06,0,113,-18,-1.0
24,Queens,2020-07,0,99,-14,-1.0
24,Queens,2020-08,0,81,-18,-1.0
24,Queens,2020-09,0,70,-11,-1.0
24,Queens,2020-10,0,61,-9,-1.0
24,Queens,2020-11,0,44,-17,-1.0
24,Queens,2020-12,0,38,-6,-1.0
24,Queens,2021-01,0,19,-19,-1.0
24,Queens,2021-02,0,9,-10,-1.0
24,Queens,2021-03,0,0,-9,-1.0
24,Queens,2021-04,0,0,0,
24,Queens,2021-05,0,0,0,
24,Queens,2021-06,0,0,0,
24,Queens,2021-07,0,0,0,
24,Queens,2021-08,0,0,0,
24,Queens,2021-09,0,0,0,
24,Queens,2021-10,0,0,0,
24,Queens,2021-11,0,0,0,
24,Queens,2021-12,1,1,1,
24,Queens,2022-01,1,2,1,
24,Queens,2022-02,3,5,3,
24,Queens,2022-03,0,5,0,
24,Queens,2022-04,3,8,3,
24,Queens,2022-05,5,13,5,
24,Queens,2022-06,7,20,7,
24,Queens,2022-07,2,22,2,
24,Queens,2022-08,4,26,4,
24,Queens,2022-09,7,33,7,
24,Queens,2022-10,7,40,7,
24,Queens,2022-11,3,43,3,
24,Queens,2022-12,2,44,1,1.0
24,Queens,2023-01,6,49,5,5.0
24,Queens,2023-02,6,52,3,1.0
24,Queens,2023-03,6,58,6,
24,Queens,2023-04,4,59,1,0.3333
24,Queens,2023-05,17,71,12,2.4
24,Queens,2023-06,15,79,8,1.1429
24,Queens,2023-07,12,89,10,5.0
24,Queens,2023-08,11,96,7,1.75
24,Queens,2023-09,14,103,7,1.0
24,Queens,2023-10,7,103,0,0.0
24,Queens,2023-11,14,114,11,3.6667
24,Queens,2023-12,9,121,7,3.5
24,Queens,2024-01,15,130,9,1.5
24,Queens,2024-02,5,129,-1,-0.1667
24,Queens,2024-03,23,146,17,2.8333
24,Queens,2024-04,30,172,26,6.5
24,Queens,2024-05,24,179,7,0.4118
24,Queens,2024-06,18,182,3,0.2
24,Queens,2024-07,23,193,11,0.9167
24,Queens,2024-08,17,199,6,0.5455
24,Queens,2024-09,19,204,5,0.3571
24,Queens,2024-10,27,224,20,2.8571
24,Queens,2024-11,9,219,-5,-0.3571
24,Queens,2024-12,15,225,6,0.6667
24,Queens,2025-01,18,228,3,0.2
24,Queens,2025-02,16,239,11,2.2
24,Queens,2025-03,33,249,10,0.4348
24,Queens,2025-04,25,244,-5,-0.1667
24,Queens,2025-05,27,247,3,0.125
24,Queens,2025-06,30,259,12,0.6667
24,Queens,2025-07,42,278,19,0.8261
24,Queens,2025-08,34,295,17,1.0
24,Queens,2025-09,27,303,8,0.4211
24,Queens,2025-10,31,307,4,0.1481
24,Queens,2025-11,15,313,6,0.6667
24,Queens,2025-12,16,314,1,0.0667
24,Queens,2026-01,12,308,-6,-0.3333
24,Queens,2026-02,15,307,-1,-0.0625
24,Queens,2026-03,25,299,-8,-0.2424
24,Queens,2026-04,28,302,3,0.12
24,Queens,2026-05,21,296,-6,-0.2222
24,Queens,2026-06,15,281,-15,-0.5
25,Queens,2017-01,24,,,
25,Queens,2017-02,12,,,
25,Queens,2017-03,13,,,
25,Queens,2017-04,16,,,
25,Queens,2017-05,12,,,
25,Queens,2017-06,20,,,
25,Queens,2017-07,15,,,
25,Queens,2017-08,14,,,
25,Queens,2017-09,17,,,
25,Queens,2017-10,12,,,
25,Queens,2017-11,14,,,
25,Queens,2017-12,10,179,,
25,Queens,2018-01,10,165,-14,-0.5833
25,Queens,2018-02,20,173,8,0.6667
25,Queens,2018-03,18,178,5,0.3846
25,Queens,2018-04,29,191,13,0.8125
25,Queens,2018-05,21,200,9,0.75
25,Queens,2018-06,7,187,-13,-0.65
25,Queens,2018-07,18,190,3,0.2
25,Queens,2018-08,12,188,-2,-0.1429
25,Queens,2018-09,16,187,-1,-0.0588
25,Queens,2018-10,14,189,2,0.1667
25,Queens,2018-11,17,192,3,0.2143
25,Queens,2018-12,8,190,-2,-0.2
25,Queens,2019-01,23,203,13,1.3
25,Queens,2019-02,16,199,-4,-0.2
25,Queens,2019-03,12,193,-6,-0.3333
25,Queens,2019-04,9,173,-20,-0.6897
25,Queens,2019-05,16,168,-5,-0.2381
25,Queens,2019-06,12,173,5,0.7143
25,Queens,2019-07,14,169,-4,-0.2222
25,Queens,2019-08,14,171,2,0.1667
25,Queens,2019-09,9,164,-7,-0.4375
25,Queens,2019-10,8,158,-6,-0.4286
25,Queens,2019-11,7,148,-10,-0.5882
25,Queens,2019-12,3,143,-5,-0.625
25,Queens,2020-01,6,126,-17,-0.7391
25,Queens,2020-02,7,117,-9,-0.5625
25,Queens,2020-03,3,108,-9,-0.75
25,Queens,2020-04,0,99,-9,-1.0
25,Queens,2020-05,0,83,-16,-1.0
25,Queens,2020-06,0,71,-12,-1.0
25,Queens,2020-07,0,57,-14,-1.0
25,Queens,2020-08,0,43,-14,-1.0
25,Queens,2020-09,0,34,-9,-1.0
25,Queens,2020-10,0,26,-8,-1.0
25,Queens,2020-11,0,19,-7,-1.0
25,Queens,2020-12,0,16,-3,-1.0
25,Queens,2021-01,0,10,-6,-1.0
25,Queens,2021-02,0,3,-7,-1.0
25,Queens,2021-03,0,0,-3,-1.0
25,Queens,2021-04,0,0,0,
25,Queens,2021-05,0,0,0,
25,Queens,2021-06,0,0,0,
25,Queens,2021-07,0,0,0,
25,Queens,2021-08,2,2,2,
25,Queens,2021-09,0,2,0,
25,Queens,2021-10,0,2,0,
25,Queens,2021-11,0,2,0,
25,Queens,2021-12,0,2,0,
25,Queens,2022-01,0,2,0,
25,Queens,2022-02,0,2,0,
25,Queens,2022-03,3,5,3,
25,Queens,2022-04,0,5,0,
25,Queens,2022-05,5,10,5,
25,Queens,2022-06,4,14,4,
25,Queens,2022-07,0,14,0,
25,Queens,2022-08,1,13,-1,-0.5
25,Queens,2022-09,2,15,2,
25,Queens,2022-10,2,17,2,
25,Queens,2022-11,4,21,4,
25,Queens,2022-12,5,26,5,
25,Queens,2023-01,1,27,1,
25,Queens,2023-02,2,29,2,
25,Queens,2023-03,4,30,1,0.3333
25,Queens,2023-04,4,34,4,
25,Queens,2023-05,11,40,6,1.2
25,Queens,2023-06,12,48,8,2.0
25,Queens,2023-07,16,64,16,
25,Queens,2023-08,10,73,9,9.0
25,Queens,2023-09,7,78,5,2.5
25,Queens,2023-10,5,81,3,1.5
25,Queens,2023-11,12,89,8,2.0
25,Queens,2023-12,6,90,1,0.2
25,Queens,2024-01,14,103,13,13.0
25,Queens,2024-02,15,116,13,6.5
25,Queens,2024-03,23,135,19,4.75
25,Queens,2024-04,22,153,18,4.5
25,Queens,2024-05,11,153,0,0.0
25,Queens,2024-06,16,157,4,0.3333
25,Queens,2024-07,16,157,0,0.0
25,Queens,2024-08,24,171,14,1.4
25,Queens,2024-09,9,173,2,0.2857
25,Queens,2024-10,20,188,15,3.0
25,Queens,2024-11,12,188,0,0.0
25,Queens,2024-12,17,199,11,1.8333
25,Queens,2025-01,15,200,1,0.0714
25,Queens,2025-02,9,194,-6,-0.4
25,Queens,2025-03,17,188,-6,-0.2609
25,Queens,2025-04,18,184,-4,-0.1818
25,Queens,2025-05,24,197,13,1.1818
25,Queens,2025-06,11,192,-5,-0.3125
25,Queens,2025-07,22,198,6,0.375
25,Queens,2025-08,17,191,-7,-0.2917
25,Queens,2025-09,13,195,4,0.4444
25,Queens,2025-10,19,194,-1,-0.05
25,Queens,2025-11,18,200,6,0.5
25,Queens,2025-12,14,197,-3,-0.1765
25,Queens,2026-01,14,196,-1,-0.0667
25,Queens,2026-02,9,196,0,0.0
25,Queens,2026-03,14,193,-3,-0.1765
25,Queens,2026-04,11,186,-7,-0.3889
25,Queens,2026-05,18,180,-6,-0.25
25,Queens,2026-06,12,181,1,0.0909
26,Queens,2017-01,17,,,
26,Queens,2017-02,18,,,
26,Queens,2017-03,18,,,
26,Queens,2017-04,17,,,
26,Queens,2017-05,22,,,
26,Queens,2017-06,8,,,
26,Queens,2017-07,16,,,
26,Queens,2017-08,10,,,
26,Queens,2017-09,17,,,
26,Queens,2017-10,12,,,
26,Queens,2017-11,18,,,
26,Queens,2017-12,8,181,,
26,Queens,2018-01,17,181,0,0.0
26,Queens,2018-02,16,179,-2,-0.1111
26,Queens,2018-03,20,181,2,0.1111
26,Queens,2018-04,20,184,3,0.1765
26,Queens,2018-05,16,178,-6,-0.2727
26,Queens,2018-06,11,181,3,0.375
26,Queens,2018-07,26,191,10,0.625
26,Queens,2018-08,23,204,13,1.3
26,Queens,2018-09,13,200,-4,-0.2353
26,Queens,2018-10,18,206,6,0.5
26,Queens,2018-11,14,202,-4,-0.2222
26,Queens,2018-12,2,196,-6,-0.75
26,Queens,2019-01,34,213,17,1.0
26,Queens,2019-02,24,221,8,0.5
26,Queens,2019-03,24,225,4,0.2
26,Queens,2019-04,20,225,0,0.0
26,Queens,2019-05,15,224,-1,-0.0625
26,Queens,2019-06,9,222,-2,-0.1818
26,Queens,2019-07,12,208,-14,-0.5385
26,Queens,2019-08,6,191,-17,-0.7391
26,Queens,2019-09,10,188,-3,-0.2308
26,Queens,2019-10,16,186,-2,-0.1111
26,Queens,2019-11,12,184,-2,-0.1429
26,Queens,2019-12,7,189,5,2.5
26,Queens,2020-01,19,174,-15,-0.4412
26,Queens,2020-02,6,156,-18,-0.75
26,Queens,2020-03,9,141,-15,-0.625
26,Queens,2020-04,0,121,-20,-1.0
26,Queens,2020-05,0,106,-15,-1.0
26,Queens,2020-06,0,97,-9,-1.0
26,Queens,2020-07,0,85,-12,-1.0
26,Queens,2020-08,0,79,-6,-1.0
26,Queens,2020-09,0,69,-10,-1.0
26,Queens,2020-10,0,53,-16,-1.0
26,Queens,2020-11,0,41,-12,-1.0
26,Queens,2020-12,0,34,-7,-1.0
26,Queens,2021-01,0,15,-19,-1.0
26,Queens,2021-02,0,9,-6,-1.0
26,Queens,2021-03,0,0,-9,-1.0
26,Queens,2021-04,0,0,0,
26,Queens,2021-05,0,0,0,
26,Queens,2021-06,0,0,0,
26,Queens,2021-07,0,0,0,
26,Queens,2021-08,0,0,0,
26,Queens,2021-09,0,0,0,
26,Queens,2021-10,0,0,0,
26,Queens,2021-11,0,0,0,
26,Queens,2021-12,0,0,0,
26,Queens,2022-01,0,0,0,
26,Queens,2022-02,1,1,1,
26,Queens,2022-03,3,4,3,
26,Queens,2022-04,4,8,4,
26,Queens,2022-05,2,10,2,
26,Queens,2022-06,5,15,5,
26,Queens,2022-07,5,20,5,
26,Queens,2022-08,3,23,3,
26,Queens,2022-09,4,27,4,
26,Queens,2022-10,3,30,3,
26,Queens,2022-11,3,33,3,
26,Queens,2022-12,4,37,4,
26,Queens,2023-01,5,42,5,
26,Queens,2023-02,1,42,0,0.0
26,Queens,2023-03,6,45,3,1.0
26,Queens,2023-04,6,47,2,0.5
26,Queens,2023-05,9,54,7,3.5
26,Queens,2023-06,9,58,4,0.8
26,Queens,2023-07,8,61,3,0.6
26,Queens,2023-08,18,76,15,5.0
26,Queens,2023-09,16,88,12,3.0
26,Queens,2023-10,11,96,8,2.6667
26,Queens,2023-11,12,105,9,3.0
26,Queens,2023-12,10,111,6,1.5
26,Queens,2024-01,18,124,13,2.6
26,Queens,2024-02,15,138,14,14.0
26,Queens,2024-03,16,148,10,1.6667
26,Queens,2024-04,18,160,12,2.0
26,Queens,2024-05,19,170,10,1.1111
26,Queens,2024-06,29,190,20,2.2222
26,Queens,2024-07,19,201,11,1.375
26,Queens,2024-08,16,199,-2,-0.1111
26,Queens,2024-09,18,201,2,0.125
26,Queens,2024-10,21,211,10,0.9091
26,Queens,2024-11,18,217,6,0.5
26,Queens,2024-12,15,222,5,0.5
26,Queens,2025-01,19,223,1,0.0556
26,Queens,2025-02,23,231,8,0.5333
26,Queens,2025-03,26,241,10,0.625
26,Queens,2025-04,24,247,6,0.3333
26,Queens,2025-05,29,257,10,0.5263
26,Queens,2025-06,28,256,-1,-0.0345
26,Queens,2025-07,23,260,4,0.2105
26,Queens,2025-08,22,266,6,0.375
26,Queens,2025-09,29,277,11,0.6111
26,Queens,2025-10,32,288,11,0.5238
26,Queens,2025-11,23,293,5,0.2778
26,Queens,2025-12,14,292,-1,-0.0667
26,Queens,2026-01,20,293,1,0.0526
26,Queens,2026-02,23,293,0,0.0
26,Queens,2026-03,26,293,0,0.0
26,Queens,2026-04,29,298,5,0.2083
26,Queens,2026-05,18,287,-11,-0.3793
26,Queens,2026-06,23,282,-5,-0.1786
27,Queens,2017-01,33,,,
27,Queens,2017-02,22,,,
27,Queens,2017-03,30,,,
27,Queens,2017-04,28,,,
27,Queens,2017-05,38,,,
27,Queens,2017-06,20,,,
27,Queens,2017-07,34,,,
27,Queens,2017-08,44,,,
27,Queens,2017-09,22,,,
27,Queens,2017-10,36,,,
27,Queens,2017-11,32,,,
27,Queens,2017-12,23,362,,
27,Queens,2018-01,32,361,-1,-0.0303
27,Queens,2018-02,37,376,15,0.6818
27,Queens,2018-03,43,389,13,0.4333
27,Queens,2018-04,21,382,-7,-0.25
27,Queens,2018-05,30,374,-8,-0.2105
27,Queens,2018-06,52,406,32,1.6
27,Queens,2018-07,31,403,-3,-0.0882
27,Queens,2018-08,50,409,6,0.1364
27,Queens,2018-09,41,428,19,0.8636
27,Queens,2018-10,27,419,-9,-0.25
27,Queens,2018-11,25,412,-7,-0.2188
27,Queens,2018-12,17,406,-6,-0.2609
27,Queens,2019-01,33,407,1,0.0312
27,Queens,2019-02,30,400,-7,-0.1892
27,Queens,2019-03,40,397,-3,-0.0698
27,Queens,2019-04,29,405,8,0.381
27,Queens,2019-05,34,409,4,0.1333
27,Queens,2019-06,22,379,-30,-0.5769
27,Queens,2019-07,37,385,6,0.1935
27,Queens,2019-08,25,360,-25,-0.5
27,Queens,2019-09,19,338,-22,-0.5366
27,Queens,2019-10,24,335,-3,-0.1111
27,Queens,2019-11,20,330,-5,-0.2
27,Queens,2019-12,10,323,-7,-0.4118
27,Queens,2020-01,29,319,-4,-0.1212
27,Queens,2020-02,17,306,-13,-0.4333
27,Queens,2020-03,15,281,-25,-0.625
27,Queens,2020-04,0,252,-29,-1.0
27,Queens,2020-05,0,218,-34,-1.0
27,Queens,2020-06,0,196,-22,-1.0
27,Queens,2020-07,0,159,-37,-1.0
27,Queens,2020-08,0,134,-25,-1.0
27,Queens,2020-09,0,115,-19,-1.0
27,Queens,2020-10,0,91,-24,-1.0
27,Queens,2020-11,0,71,-20,-1.0
27,Queens,2020-12,0,61,-10,-1.0
27,Queens,2021-01,0,32,-29,-1.0
27,Queens,2021-02,0,15,-17,-1.0
27,Queens,2021-03,0,0,-15,-1.0
27,Queens,2021-04,0,0,0,
27,Queens,2021-05,0,0,0,
27,Queens,2021-06,0,0,0,
27,Queens,2021-07,0,0,0,
27,Queens,2021-08,2,2,2,
27,Queens,2021-09,0,2,0,
27,Queens,2021-10,0,2,0,
27,Queens,2021-11,1,3,1,
27,Queens,2021-12,0,3,0,
27,Queens,2022-01,3,6,3,
27,Queens,2022-02,1,7,1,
27,Queens,2022-03,3,10,3,
27,Queens,2022-04,8,18,8,
27,Queens,2022-05,2,20,2,
27,Queens,2022-06,8,28,8,
27,Queens,2022-07,4,32,4,
27,Queens,2022-08,13,43,11,5.5
27,Queens,2022-09,5,48,5,
27,Queens,2022-10,14,62,14,
27,Queens,2022-11,7,68,6,6.0
27,Queens,2022-12,1,69,1,
27,Queens,2023-01,8,74,5,1.6667
27,Queens,2023-02,6,79,5,5.0
27,Queens,2023-03,10,86,7,2.3333
27,Queens,2023-04,9,87,1,0.125
27,Queens,2023-05,21,106,19,9.5
27,Queens,2023-06,22,120,14,1.75
27,Queens,2023-07,20,136,16,4.0
27,Queens,2023-08,10,133,-3,-0.2308
27,Queens,2023-09,20,148,15,3.0
27,Queens,2023-10,15,149,1,0.0714
27,Queens,2023-11,10,152,3,0.4286
27,Queens,2023-12,9,160,8,8.0
27,Queens,2024-01,21,173,13,1.625
27,Queens,2024-02,26,193,20,3.3333
27,Queens,2024-03,24,207,14,1.4
27,Queens,2024-04,31,229,22,2.4444
27,Queens,2024-05,26,234,5,0.2381
27,Queens,2024-06,27,239,5,0.2273
27,Queens,2024-07,27,246,7,0.35
27,Queens,2024-08,22,258,12,1.2
27,Queens,2024-09,21,259,1,0.05
27,Queens,2024-10,37,281,22,1.4667
27,Queens,2024-11,22,293,12,1.2
27,Queens,2024-12,26,310,17,1.8889
27,Queens,2025-01,28,317,7,0.3333
27,Queens,2025-02,14,305,-12,-0.4615
27,Queens,2025-03,22,303,-2,-0.0833
27,Queens,2025-04,29,301,-2,-0.0645
27,Queens,2025-05,27,302,1,0.0385
27,Queens,2025-06,34,309,7,0.2593
27,Queens,2025-07,38,320,11,0.4074
27,Queens,2025-08,37,335,15,0.6818
27,Queens,2025-09,34,348,13,0.619
27,Queens,2025-10,33,344,-4,-0.1081
27,Queens,2025-11,16,338,-6,-0.2727
27,Queens,2025-12,42,354,16,0.6154
27,Queens,2026-01,27,353,-1,-0.0357
27,Queens,2026-02,37,376,23,1.6429
27,Queens,2026-03,33,387,11,0.5
27,Queens,2026-04,30,388,1,0.0345
27,Queens,2026-05,23,384,-4,-0.1481
27,Queens,2026-06,32,382,-2,-0.0588
28,Queens,2017-01,28,,,
28,Queens,2017-02,20,,,
28,Queens,2017-03,39,,,
28,Queens,2017-04,18,,,
28,Queens,2017-05,27,,,
28,Queens,2017-06,35,,,
28,Queens,2017-07,33,,,
28,Queens,2017-08,26,,,
28,Queens,2017-09,31,,,
28,Queens,2017-10,33,,,
28,Queens,2017-11,15,,,
28,Queens,2017-12,18,323,,
28,Queens,2018-01,30,325,2,0.0714
28,Queens,2018-02,29,334,9,0.45
28,Queens,2018-03,32,327,-7,-0.1795
28,Queens,2018-04,29,338,11,0.6111
28,Queens,2018-05,26,337,-1,-0.037
28,Queens,2018-06,34,336,-1,-0.0286
28,Queens,2018-07,53,356,20,0.6061
28,Queens,2018-08,41,371,15,0.5769
28,Queens,2018-09,24,364,-7,-0.2258
28,Queens,2018-10,30,361,-3,-0.0909
28,Queens,2018-11,13,359,-2,-0.1333
28,Queens,2018-12,14,355,-4,-0.2222
28,Queens,2019-01,41,366,11,0.3667
28,Queens,2019-02,24,361,-5,-0.1724
28,Queens,2019-03,22,351,-10,-0.3125
28,Queens,2019-04,19,341,-10,-0.3448
28,Queens,2019-05,25,340,-1,-0.0385
28,Queens,2019-06,35,341,1,0.0294
28,Queens,2019-07,31,319,-22,-0.4151
28,Queens,2019-08,22,300,-19,-0.4634
28,Queens,2019-09,26,302,2,0.0833
28,Queens,2019-10,16,288,-14,-0.4667
28,Queens,2019-11,13,288,0,0.0
28,Queens,2019-12,11,285,-3,-0.2143
28,Queens,2020-01,35,279,-6,-0.1463
28,Queens,2020-02,13,268,-11,-0.4583
28,Queens,2020-03,6,252,-16,-0.7273
28,Queens,2020-04,0,233,-19,-1.0
28,Queens,2020-05,0,208,-25,-1.0
28,Queens,2020-06,0,173,-35,-1.0
28,Queens,2020-07,0,142,-31,-1.0
28,Queens,2020-08,0,120,-22,-1.0
28,Queens,2020-09,0,94,-26,-1.0
28,Queens,2020-10,0,78,-16,-1.0
28,Queens,2020-11,0,65,-13,-1.0
28,Queens,2020-12,0,54,-11,-1.0
28,Queens,2021-01,0,19,-35,-1.0
28,Queens,2021-02,0,6,-13,-1.0
28,Queens,2021-03,0,0,-6,-1.0
28,Queens,2021-04,0,0,0,
28,Queens,2021-05,0,0,0,
28,Queens,2021-06,0,0,0,
28,Queens,2021-07,0,0,0,
28,Queens,2021-08,0,0,0,
28,Queens,2021-09,0,0,0,
28,Queens,2021-10,1,1,1,
28,Queens,2021-11,0,1,0,
28,Queens,2021-12,1,2,1,
28,Queens,2022-01,3,5,3,
28,Queens,2022-02,1,6,1,
28,Queens,2022-03,6,12,6,
28,Queens,2022-04,5,17,5,
28,Queens,2022-05,7,24,7,
28,Queens,2022-06,6,30,6,
28,Queens,2022-07,5,35,5,
28,Queens,2022-08,4,39,4,
28,Queens,2022-09,7,46,7,
28,Queens,2022-10,4,49,3,3.0
28,Queens,2022-11,8,57,8,
28,Queens,2022-12,3,59,2,2.0
28,Queens,2023-01,7,63,4,1.3333
28,Queens,2023-02,0,62,-1,-1.0
28,Queens,2023-03,4,60,-2,-0.3333
28,Queens,2023-04,10,65,5,1.0
28,Queens,2023-05,13,71,6,0.8571
28,Queens,2023-06,11,76,5,0.8333
28,Queens,2023-07,14,85,9,1.8
28,Queens,2023-08,27,108,23,5.75
28,Queens,2023-09,10,111,3,0.4286
28,Queens,2023-10,13,120,9,2.25
28,Queens,2023-11,15,127,7,0.875
28,Queens,2023-12,12,136,9,3.0
28,Queens,2024-01,18,147,11,1.5714
28,Queens,2024-02,14,161,14,
28,Queens,2024-03,19,176,15,3.75
28,Queens,2024-04,31,197,21,2.1
28,Queens,2024-05,31,215,18,1.3846
28,Queens,2024-06,17,221,6,0.5455
28,Queens,2024-07,32,239,18,1.2857
28,Queens,2024-08,26,238,-1,-0.037
28,Queens,2024-09,21,249,11,1.1
28,Queens,2024-10,18,254,5,0.3846
28,Queens,2024-11,13,252,-2,-0.1333
28,Queens,2024-12,17,257,5,0.4167
28,Queens,2025-01,16,255,-2,-0.1111
28,Queens,2025-02,14,255,0,0.0
28,Queens,2025-03,23,259,4,0.2105
28,Queens,2025-04,22,250,-9,-0.2903
28,Queens,2025-05,29,248,-2,-0.0645
28,Queens,2025-06,18,249,1,0.0588
28,Queens,2025-07,21,238,-11,-0.3438
28,Queens,2025-08,18,230,-8,-0.3077
28,Queens,2025-09,22,231,1,0.0476
28,Queens,2025-10,31,244,13,0.7222
28,Queens,2025-11,17,248,4,0.3077
28,Queens,2025-12,17,248,0,0.0
28,Queens,2026-01,20,252,4,0.25
28,Queens,2026-02,24,262,10,0.7143
28,Queens,2026-03,31,270,8,0.3478
28,Queens,2026-04,36,284,14,0.6364
28,Queens,2026-05,29,284,0,0.0
28,Queens,2026-06,12,278,-6,-0.3333
29,Queens,2017-01,16,,,
29,Queens,2017-02,15,,,
29,Queens,2017-03,20,,,
29,Queens,2017-04,16,,,
29,Queens,2017-05,20,,,
29,Queens,2017-06,25,,,
29,Queens,2017-07,16,,,
29,Queens,2017-08,12,,,
29,Queens,2017-09,18,,,
29,Queens,2017-10,18,,,
29,Queens,2017-11,15,,,
29,Queens,2017-12,5,196,,
29,Queens,2018-01,21,201,5,0.3125
29,Queens,2018-02,20,206,5,0.3333
29,Queens,2018-03,23,209,3,0.15
29,Queens,2018-04,15,208,-1,-0.0625
29,Queens,2018-05,19,207,-1,-0.05
29,Queens,2018-06,8,190,-17,-0.68
29,Queens,2018-07,27,201,11,0.6875
29,Queens,2018-08,20,209,8,0.6667
29,Queens,2018-09,18,209,0,0.0
29,Queens,2018-10,16,207,-2,-0.1111
29,Queens,2018-11,15,207,0,0.0
29,Queens,2018-12,8,210,3,0.6
29,Queens,2019-01,14,203,-7,-0.3333
29,Queens,2019-02,23,206,3,0.15
29,Queens,2019-03,18,201,-5,-0.2174
29,Queens,2019-04,13,199,-2,-0.1333
29,Queens,2019-05,12,192,-7,-0.3684
29,Queens,2019-06,10,194,2,0.25
29,Queens,2019-07,12,179,-15,-0.5556
29,Queens,2019-08,9,168,-11,-0.55
29,Queens,2019-09,13,163,-5,-0.2778
29,Queens,2019-10,4,151,-12,-0.75
29,Queens,2019-11,15,151,0,0.0
29,Queens,2019-12,12,155,4,0.5
29,Queens,2020-01,13,154,-1,-0.0714
29,Queens,2020-02,15,146,-8,-0.3478
29,Queens,2020-03,5,133,-13,-0.7222
29,Queens,2020-04,0,120,-13,-1.0
29,Queens,2020-05,0,108,-12,-1.0
29,Queens,2020-06,0,98,-10,-1.0
29,Queens,2020-07,0,86,-12,-1.0
29,Queens,2020-08,0,77,-9,-1.0
29,Queens,2020-09,0,64,-13,-1.0
29,Queens,2020-10,0,60,-4,-1.0
29,Queens,2020-11,0,45,-15,-1.0
29,Queens,2020-12,0,33,-12,-1.0
29,Queens,2021-01,0,20,-13,-1.0
29,Queens,2021-02,0,5,-15,-1.0
29,Queens,2021-03,0,0,-5,-1.0
29,Queens,2021-04,0,0,0,
29,Queens,2021-05,0,0,0,
29,Queens,2021-06,1,1,1,
29,Queens,2021-07,0,1,0,
29,Queens,2021-08,0,1,0,
29,Queens,2021-09,0,1,0,
29,Queens,2021-10,1,2,1,
29,Queens,2021-11,1,3,1,
29,Queens,2021-12,0,3,0,
29,Queens,2022-01,0,3,0,
29,Queens,2022-02,0,3,0,
29,Queens,2022-03,6,9,6,
29,Queens,2022-04,2,11,2,
29,Queens,2022-05,4,15,4,
29,Queens,2022-06,2,16,1,1.0
29,Queens,2022-07,2,18,2,
29,Queens,2022-08,2,20,2,
29,Queens,2022-09,1,21,1,
29,Queens,2022-10,1,21,0,0.0
29,Queens,2022-11,5,25,4,4.0
29,Queens,2022-12,5,30,5,
29,Queens,2023-01,6,36,6,
29,Queens,2023-02,11,47,11,
29,Queens,2023-03,10,51,4,0.6667
29,Queens,2023-04,6,55,4,2.0
29,Queens,2023-05,9,60,5,1.25
29,Queens,2023-06,8,66,6,3.0
29,Queens,2023-07,5,69,3,1.5
29,Queens,2023-08,12,79,10,5.0
29,Queens,2023-09,3,81,2,2.0
29,Queens,2023-10,7,87,6,6.0
29,Queens,2023-11,9,91,4,0.8
29,Queens,2023-12,7,93,2,0.4
29,Queens,2024-01,23,110,17,2.8333
29,Queens,2024-02,10,109,-1,-0.0909
29,Queens,2024-03,18,117,8,0.8
29,Queens,2024-04,27,138,21,3.5
29,Queens,2024-05,18,147,9,1.0
29,Queens,2024-06,15,154,7,0.875
29,Queens,2024-07,28,177,23,4.6
29,Queens,2024-08,15,180,3,0.25
29,Queens,2024-09,10,187,7,2.3333
29,Queens,2024-10,13,193,6,0.8571
29,Queens,2024-11,8,192,-1,-0.1111
29,Queens,2024-12,11,196,4,0.5714
29,Queens,2025-01,16,189,-7,-0.3043
29,Queens,2025-02,25,204,15,1.5
29,Queens,2025-03,28,214,10,0.5556
29,Queens,2025-04,18,205,-9,-0.3333
29,Queens,2025-05,20,207,2,0.1111
29,Queens,2025-06,26,218,11,0.7333
29,Queens,2025-07,24,214,-4,-0.1429
29,Queens,2025-08,30,229,15,1.0
29,Queens,2025-09,29,248,19,1.9
29,Queens,2025-10,27,262,14,1.0769
29,Queens,2025-11,13,267,5,0.625
29,Queens,2025-12,19,275,8,0.7273
29,Queens,2026-01,24,283,8,0.5
29,Queens,2026-02,10,268,-15,-0.6
29,Queens,2026-03,26,266,-2,-0.0714
29,Queens,2026-04,21,269,3,0.1667
29,Queens,2026-05,14,263,-6,-0.3
29,Queens,2026-06,17,254,-9,-0.3462
30,Queens,2017-01,19,,,
30,Queens,2017-02,18,,,
30,Queens,2017-03,18,,,
30,Queens,2017-04,15,,,
30,Queens,2017-05,15,,,
30,Queens,2017-06,8,,,
30,Queens,2017-07,14,,,
30,Queens,2017-08,21,,,
30,Queens,2017-09,15,,,
30,Queens,2017-10,19,,,
30,Queens,2017-11,16,,,
30,Queens,2017-12,5,183,,
30,Queens,2018-01,16,180,-3,-0.1579
30,Queens,2018-02,13,175,-5,-0.2778
30,Queens,2018-03,13,170,-5,-0.2778
30,Queens,2018-04,12,167,-3,-0.2
30,Queens,2018-05,6,158,-9,-0.6
30,Queens,2018-06,15,165,7,0.875
30,Queens,2018-07,18,169,4,0.2857
30,Queens,2018-08,21,169,0,0.0
30,Queens,2018-09,9,163,-6,-0.4
30,Queens,2018-10,11,155,-8,-0.4211
30,Queens,2018-11,9,148,-7,-0.4375
30,Queens,2018-12,7,150,2,0.4
30,Queens,2019-01,21,155,5,0.3125
30,Queens,2019-02,8,150,-5,-0.3846
30,Queens,2019-03,8,145,-5,-0.3846
30,Queens,2019-04,6,139,-6,-0.5
30,Queens,2019-05,10,143,4,0.6667
30,Queens,2019-06,10,138,-5,-0.3333
30,Queens,2019-07,11,131,-7,-0.3889
30,Queens,2019-08,8,118,-13,-0.619
30,Queens,2019-09,7,116,-2,-0.2222
30,Queens,2019-10,6,111,-5,-0.4545
30,Queens,2019-11,12,114,3,0.3333
30,Queens,2019-12,10,117,3,0.4286
30,Queens,2020-01,14,110,-7,-0.3333
30,Queens,2020-02,9,111,1,0.125
30,Queens,2020-03,0,103,-8,-1.0
30,Queens,2020-04,0,97,-6,-1.0
30,Queens,2020-05,0,87,-10,-1.0
30,Queens,2020-06,0,77,-10,-1.0
30,Queens,2020-07,0,66,-11,-1.0
30,Queens,2020-08,0,58,-8,-1.0
30,Queens,2020-09,0,51,-7,-1.0
30,Queens,2020-10,0,45,-6,-1.0
30,Queens,2020-11,0,33,-12,-1.0
30,Queens,2020-12,0,23,-10,-1.0
30,Queens,2021-01,0,9,-14,-1.0
30,Queens,2021-02,0,0,-9,-1.0
30,Queens,2021-03,0,0,0,
30,Queens,2021-04,0,0,0,
30,Queens,2021-05,0,0,0,
30,Queens,2021-06,0,0,0,
30,Queens,2021-07,0,0,0,
30,Queens,2021-08,0,0,0,
30,Queens,2021-09,0,0,0,
30,Queens,2021-10,0,0,0,
30,Queens,2021-11,0,0,0,
30,Queens,2021-12,0,0,0,
30,Queens,2022-01,2,2,2,
30,Queens,2022-02,1,3,1,
30,Queens,2022-03,2,5,2,
30,Queens,2022-04,1,6,1,
30,Queens,2022-05,2,8,2,
30,Queens,2022-06,0,8,0,
30,Queens,2022-07,2,10,2,
30,Queens,2022-08,0,10,0,
30,Queens,2022-09,5,15,5,
30,Queens,2022-10,5,20,5,
30,Queens,2022-11,5,25,5,
30,Queens,2022-12,0,25,0,
30,Queens,2023-01,1,24,-1,-0.5
30,Queens,2023-02,4,27,3,3.0
30,Queens,2023-03,2,27,0,0.0
30,Queens,2023-04,4,30,3,3.0
30,Queens,2023-05,14,42,12,6.0
30,Queens,2023-06,8,50,8,
30,Queens,2023-07,10,58,8,4.0
30,Queens,2023-08,5,63,5,
30,Queens,2023-09,7,65,2,0.4
30,Queens,2023-10,3,63,-2,-0.4
30,Queens,2023-11,5,63,0,0.0
30,Queens,2023-12,1,64,1,
30,Queens,2024-01,9,72,8,8.0
30,Queens,2024-02,9,77,5,1.25
30,Queens,2024-03,5,80,3,1.5
30,Queens,2024-04,11,87,7,1.75
30,Queens,2024-05,11,84,-3,-0.2143
30,Queens,2024-06,16,92,8,1.0
30,Queens,2024-07,10,92,0,0.0
30,Queens,2024-08,11,98,6,1.2
30,Queens,2024-09,5,96,-2,-0.2857
30,Queens,2024-10,6,99,3,1.0
30,Queens,2024-11,9,103,4,0.8
30,Queens,2024-12,1,103,0,0.0
30,Queens,2025-01,7,101,-2,-0.2222
30,Queens,2025-02,11,103,2,0.2222
30,Queens,2025-03,16,114,11,2.2
30,Queens,2025-04,6,109,-5,-0.4545
30,Queens,2025-05,14,112,3,0.2727
30,Queens,2025-06,7,103,-9,-0.5625
30,Queens,2025-07,18,111,8,0.8
30,Queens,2025-08,11,111,0,0.0
30,Queens,2025-09,21,127,16,3.2
30,Queens,2025-10,15,136,9,1.5
30,Queens,2025-11,11,138,2,0.2222
30,Queens,2025-12,17,154,16,16.0
30,Queens,2026-01,10,157,3,0.4286
30,Queens,2026-02,7,153,-4,-0.3636
30,Queens,2026-03,25,162,9,0.5625
30,Queens,2026-04,4,160,-2,-0.3333
30,Queens,2026-05,4,150,-10,-0.7143
30,Queens,2026-06,10,153,3,0.4286
31,Queens,2017-01,32,,,
31,Queens,2017-02,30,,,
31,Queens,2017-03,54,,,
31,Queens,2017-04,38,,,
31,Queens,2017-05,51,,,
31,Queens,2017-06,46,,,
31,Queens,2017-07,47,,,
31,Queens,2017-08,48,,,
31,Queens,2017-09,42,,,
31,Queens,2017-10,41,,,
31,Queens,2017-11,39,,,
31,Queens,2017-12,33,501,,
31,Queens,2018-01,51,520,19,0.5938
31,Queens,2018-02,43,533,13,0.4333
31,Queens,2018-03,48,527,-6,-0.1111
31,Queens,2018-04,35,524,-3,-0.0789
31,Queens,2018-05,46,519,-5,-0.098
31,Queens,2018-06,43,516,-3,-0.0652
31,Queens,2018-07,31,500,-16,-0.3404
31,Queens,2018-08,52,504,4,0.0833
31,Queens,2018-09,33,495,-9,-0.2143
31,Queens,2018-10,44,498,3,0.0732
31,Queens,2018-11,35,494,-4,-0.1026
31,Queens,2018-12,26,487,-7,-0.2121
31,Queens,2019-01,47,483,-4,-0.0784
31,Queens,2019-02,28,468,-15,-0.3488
31,Queens,2019-03,43,463,-5,-0.1042
31,Queens,2019-04,45,473,10,0.2857
31,Queens,2019-05,33,460,-13,-0.2826
31,Queens,2019-06,31,448,-12,-0.2791
31,Queens,2019-07,37,454,6,0.1935
31,Queens,2019-08,37,439,-15,-0.2885
31,Queens,2019-09,43,449,10,0.303
31,Queens,2019-10,36,441,-8,-0.1818
31,Queens,2019-11,31,437,-4,-0.1143
31,Queens,2019-12,15,426,-11,-0.4231
31,Queens,2020-01,50,429,3,0.0638
31,Queens,2020-02,36,437,8,0.2857
31,Queens,2020-03,5,399,-38,-0.8837
31,Queens,2020-04,0,354,-45,-1.0
31,Queens,2020-05,0,321,-33,-1.0
31,Queens,2020-06,0,290,-31,-1.0
31,Queens,2020-07,0,253,-37,-1.0
31,Queens,2020-08,0,216,-37,-1.0
31,Queens,2020-09,0,173,-43,-1.0
31,Queens,2020-10,0,137,-36,-1.0
31,Queens,2020-11,0,106,-31,-1.0
31,Queens,2020-12,0,91,-15,-1.0
31,Queens,2021-01,0,41,-50,-1.0
31,Queens,2021-02,0,5,-36,-1.0
31,Queens,2021-03,0,0,-5,-1.0
31,Queens,2021-04,0,0,0,
31,Queens,2021-05,0,0,0,
31,Queens,2021-06,0,0,0,
31,Queens,2021-07,0,0,0,
31,Queens,2021-08,1,1,1,
31,Queens,2021-09,0,1,0,
31,Queens,2021-10,0,1,0,
31,Queens,2021-11,0,1,0,
31,Queens,2021-12,1,2,1,
31,Queens,2022-01,3,5,3,
31,Queens,2022-02,3,8,3,
31,Queens,2022-03,2,10,2,
31,Queens,2022-04,2,12,2,
31,Queens,2022-05,9,21,9,
31,Queens,2022-06,4,25,4,
31,Queens,2022-07,9,34,9,
31,Queens,2022-08,8,41,7,7.0
31,Queens,2022-09,6,47,6,
31,Queens,2022-10,3,50,3,
31,Queens,2022-11,7,57,7,
31,Queens,2022-12,8,64,7,7.0
31,Queens,2023-01,7,68,4,1.3333
31,Queens,2023-02,5,70,2,0.6667
31,Queens,2023-03,14,82,12,6.0
31,Queens,2023-04,11,91,9,4.5
31,Queens,2023-05,14,96,5,0.5556
31,Queens,2023-06,14,106,10,2.5
31,Queens,2023-07,12,109,3,0.3333
31,Queens,2023-08,19,120,11,1.375
31,Queens,2023-09,12,126,6,1.0
31,Queens,2023-10,20,143,17,5.6667
31,Queens,2023-11,26,162,19,2.7143
31,Queens,2023-12,15,169,7,0.875
31,Queens,2024-01,24,186,17,2.4286
31,Queens,2024-02,20,201,15,3.0
31,Queens,2024-03,21,208,7,0.5
31,Queens,2024-04,40,237,29,2.6364
31,Queens,2024-05,29,252,15,1.0714
31,Queens,2024-06,34,272,20,1.4286
31,Queens,2024-07,42,302,30,2.5
31,Queens,2024-08,27,310,8,0.4211
31,Queens,2024-09,52,350,40,3.3333
31,Queens,2024-10,49,379,29,1.45
31,Queens,2024-11,16,369,-10,-0.3846
31,Queens,2024-12,33,387,18,1.2
31,Queens,2025-01,45,408,21,0.875
31,Queens,2025-02,21,409,1,0.05
31,Queens,2025-03,34,422,13,0.619
31,Queens,2025-04,50,432,10,0.25
31,Queens,2025-05,33,436,4,0.1379
31,Queens,2025-06,19,421,-15,-0.4412
31,Queens,2025-07,65,444,23,0.5476
31,Queens,2025-08,66,483,39,1.4444
31,Queens,2025-09,56,487,4,0.0769
31,Queens,2025-10,60,498,11,0.2245
31,Queens,2025-11,34,516,18,1.125
31,Queens,2025-12,29,512,-4,-0.1212
31,Queens,2026-01,42,509,-3,-0.0667
31,Queens,2026-02,42,530,21,1.0
31,Queens,2026-03,47,543,13,0.3824
31,Queens,2026-04,55,548,5,0.1
31,Queens,2026-05,30,545,-3,-0.0909
31,Queens,2026-06,38,564,19,1.0
32,Queens,2017-01,20,,,
32,Queens,2017-02,17,,,
32,Queens,2017-03,17,,,
32,Queens,2017-04,18,,,
32,Queens,2017-05,18,,,
32,Queens,2017-06,18,,,
32,Queens,2017-07,20,,,
32,Queens,2017-08,17,,,
32,Queens,2017-09,18,,,
32,Queens,2017-10,27,,,
32,Queens,2017-11,9,,,
32,Queens,2017-12,15,214,,
32,Queens,2018-01,18,212,-2,-0.1
32,Queens,2018-02,23,218,6,0.3529
32,Queens,2018-03,15,216,-2,-0.1176
32,Queens,2018-04,15,213,-3,-0.1667
32,Queens,2018-05,17,212,-1,-0.0556
32,Queens,2018-06,11,205,-7,-0.3889
32,Queens,2018-07,18,203,-2,-0.1
32,Queens,2018-08,25,211,8,0.4706
32,Queens,2018-09,14,207,-4,-0.2222
32,Queens,2018-10,11,191,-16,-0.5926
32,Queens,2018-11,15,197,6,0.6667
32,Queens,2018-12,8,190,-7,-0.4667
32,Queens,2019-01,27,199,9,0.5
32,Queens,2019-02,18,194,-5,-0.2174
32,Queens,2019-03,24,203,9,0.6
32,Queens,2019-04,23,211,8,0.5333
32,Queens,2019-05,22,216,5,0.2941
32,Queens,2019-06,14,219,3,0.2727
32,Queens,2019-07,26,227,8,0.4444
32,Queens,2019-08,21,223,-4,-0.16
32,Queens,2019-09,22,231,8,0.5714
32,Queens,2019-10,9,229,-2,-0.1818
32,Queens,2019-11,19,233,4,0.2667
32,Queens,2019-12,3,228,-5,-0.625
32,Queens,2020-01,12,213,-15,-0.5556
32,Queens,2020-02,12,207,-6,-0.3333
32,Queens,2020-03,4,187,-20,-0.8333
32,Queens,2020-04,0,164,-23,-1.0
32,Queens,2020-05,0,142,-22,-1.0
32,Queens,2020-06,0,128,-14,-1.0
32,Queens,2020-07,0,102,-26,-1.0
32,Queens,2020-08,0,81,-21,-1.0
32,Queens,2020-09,0,59,-22,-1.0
32,Queens,2020-10,0,50,-9,-1.0
32,Queens,2020-11,0,31,-19,-1.0
32,Queens,2020-12,0,28,-3,-1.0
32,Queens,2021-01,0,16,-12,-1.0
32,Queens,2021-02,0,4,-12,-1.0
32,Queens,2021-03,0,0,-4,-1.0
32,Queens,2021-04,0,0,0,
32,Queens,2021-05,0,0,0,
32,Queens,2021-06,0,0,0,
32,Queens,2021-07,0,0,0,
32,Queens,2021-08,0,0,0,
32,Queens,2021-09,2,2,2,
32,Queens,2021-10,0,2,0,
32,Queens,2021-11,0,2,0,
32,Queens,2021-12,0,2,0,
32,Queens,2022-01,1,3,1,
32,Queens,2022-02,1,4,1,
32,Queens,2022-03,1,5,1,
32,Queens,2022-04,0,5,0,
32,Queens,2022-05,2,7,2,
32,Queens,2022-06,7,14,7,
32,Queens,2022-07,2,16,2,
32,Queens,2022-08,1,17,1,
32,Queens,2022-09,3,18,1,0.5
32,Queens,2022-10,2,20,2,
32,Queens,2022-11,0,20,0,
32,Queens,2022-12,0,20,0,
32,Queens,2023-01,3,22,2,2.0
32,Queens,2023-02,2,23,1,1.0
32,Queens,2023-03,7,29,6,6.0
32,Queens,2023-04,7,36,7,
32,Queens,2023-05,9,43,7,3.5
32,Queens,2023-06,7,43,0,0.0
32,Queens,2023-07,11,52,9,4.5
32,Queens,2023-08,11,62,10,10.0
32,Queens,2023-09,6,65,3,1.0
32,Queens,2023-10,19,82,17,8.5
32,Queens,2023-11,7,89,7,
32,Queens,2023-12,6,95,6,
32,Queens,2024-01,18,110,15,5.0
32,Queens,2024-02,14,122,12,6.0
32,Queens,2024-03,13,128,6,0.8571
32,Queens,2024-04,14,135,7,1.0
32,Queens,2024-05,10,136,1,0.1111
32,Queens,2024-06,8,137,1,0.1429
32,Queens,2024-07,21,147,10,0.9091
32,Queens,2024-08,15,151,4,0.3636
32,Queens,2024-09,14,159,8,1.3333
32,Queens,2024-10,14,154,-5,-0.2632
32,Queens,2024-11,9,156,2,0.2857
32,Queens,2024-12,12,162,6,1.0
32,Queens,2025-01,16,160,-2,-0.1111
32,Queens,2025-02,10,156,-4,-0.2857
32,Queens,2025-03,11,154,-2,-0.1538
32,Queens,2025-04,24,164,10,0.7143
32,Queens,2025-05,18,172,8,0.8
32,Queens,2025-06,12,176,4,0.5
32,Queens,2025-07,17,172,-4,-0.1905
32,Queens,2025-08,13,170,-2,-0.1333
32,Queens,2025-09,17,173,3,0.2143
32,Queens,2025-10,17,176,3,0.2143
32,Queens,2025-11,8,175,-1,-0.1111
32,Queens,2025-12,17,180,5,0.4167
32,Queens,2026-01,15,179,-1,-0.0625
32,Queens,2026-02,13,182,3,0.3
32,Queens,2026-03,21,192,10,0.9091
32,Queens,2026-04,25,193,1,0.0417
32,Queens,2026-05,17,192,-1,-0.0556
32,Queens,2026-06,18,198,6,0.5
33,Brooklyn,2017-01,4,,,
33,Brooklyn,2017-02,10,,,
33,Brooklyn,2017-03,20,,,
33,Brooklyn,2017-04,11,,,
33,Brooklyn,2017-05,9,,,
33,Brooklyn,2017-06,10,,,
33,Brooklyn,2017-07,7,,,
33,Brooklyn,2017-08,10,,,
33,Brooklyn,2017-09,11,,,
33,Brooklyn,2017-10,10,,,
33,Brooklyn,2017-11,16,,,
33,Brooklyn,2017-12,1,119,,
33,Brooklyn,2018-01,9,124,5,1.25
33,Brooklyn,2018-02,10,124,0,0.0
33,Brooklyn,2018-03,13,117,-7,-0.35
33,Brooklyn,2018-04,6,112,-5,-0.4545
33,Brooklyn,2018-05,13,116,4,0.4444
33,Brooklyn,2018-06,16,122,6,0.6
33,Brooklyn,2018-07,10,125,3,0.4286
33,Brooklyn,2018-08,9,124,-1,-0.1
33,Brooklyn,2018-09,7,120,-4,-0.3636
33,Brooklyn,2018-10,7,117,-3,-0.3
33,Brooklyn,2018-11,10,111,-6,-0.375
33,Brooklyn,2018-12,7,117,6,6.0
33,Brooklyn,2019-01,6,114,-3,-0.3333
33,Brooklyn,2019-02,12,116,2,0.2
33,Brooklyn,2019-03,9,112,-4,-0.3077
33,Brooklyn,2019-04,19,125,13,2.1667
33,Brooklyn,2019-05,16,128,3,0.2308
33,Brooklyn,2019-06,10,122,-6,-0.375
33,Brooklyn,2019-07,12,124,2,0.2
33,Brooklyn,2019-08,8,123,-1,-0.1111
33,Brooklyn,2019-09,12,128,5,0.7143
33,Brooklyn,2019-10,11,132,4,0.5714
33,Brooklyn,2019-11,6,128,-4,-0.4
33,Brooklyn,2019-12,4,125,-3,-0.4286
33,Brooklyn,2020-01,16,135,10,1.6667
33,Brooklyn,2020-02,9,132,-3,-0.25
33,Brooklyn,2020-03,5,128,-4,-0.4444
33,Brooklyn,2020-04,0,109,-19,-1.0
33,Brooklyn,2020-05,0,93,-16,-1.0
33,Brooklyn,2020-06,0,83,-10,-1.0
33,Brooklyn,2020-07,0,71,-12,-1.0
33,Brooklyn,2020-08,0,63,-8,-1.0
33,Brooklyn,2020-09,0,51,-12,-1.0
33,Brooklyn,2020-10,0,40,-11,-1.0
33,Brooklyn,2020-11,0,34,-6,-1.0
33,Brooklyn,2020-12,0,30,-4,-1.0
33,Brooklyn,2021-01,0,14,-16,-1.0
33,Brooklyn,2021-02,0,5,-9,-1.0
33,Brooklyn,2021-03,0,0,-5,-1.0
33,Brooklyn,2021-04,1,1,1,
33,Brooklyn,2021-05,0,1,0,
33,Brooklyn,2021-06,0,1,0,
33,Brooklyn,2021-07,2,3,2,
33,Brooklyn,2021-08,0,3,0,
33,Brooklyn,2021-09,0,3,0,
33,Brooklyn,2021-10,1,4,1,
33,Brooklyn,2021-11,1,5,1,
33,Brooklyn,2021-12,1,6,1,
33,Brooklyn,2022-01,0,6,0,
33,Brooklyn,2022-02,1,7,1,
33,Brooklyn,2022-03,3,10,3,
33,Brooklyn,2022-04,6,15,5,5.0
33,Brooklyn,2022-05,3,18,3,
33,Brooklyn,2022-06,4,22,4,
33,Brooklyn,2022-07,4,24,2,1.0
33,Brooklyn,2022-08,3,27,3,
33,Brooklyn,2022-09,4,31,4,
33,Brooklyn,2022-10,3,33,2,2.0
33,Brooklyn,2022-11,13,45,12,12.0
33,Brooklyn,2022-12,4,48,3,3.0
33,Brooklyn,2023-01,12,60,12,
33,Brooklyn,2023-02,8,67,7,7.0
33,Brooklyn,2023-03,10,74,7,2.3333
33,Brooklyn,2023-04,7,75,1,0.1667
33,Brooklyn,2023-05,12,84,9,3.0
33,Brooklyn,2023-06,9,89,5,1.25
33,Brooklyn,2023-07,6,91,2,0.5
33,Brooklyn,2023-08,7,95,4,1.3333
33,Brooklyn,2023-09,13,104,9,2.25
33,Brooklyn,2023-10,9,110,6,2.0
33,Brooklyn,2023-11,13,110,0,0.0
33,Brooklyn,2023-12,11,117,7,1.75
33,Brooklyn,2024-01,17,122,5,0.4167
33,Brooklyn,2024-02,9,123,1,0.125
33,Brooklyn,2024-03,6,119,-4,-0.4
33,Brooklyn,2024-04,11,123,4,0.5714
33,Brooklyn,2024-05,17,128,5,0.4167
33,Brooklyn,2024-06,12,131,3,0.3333
33,Brooklyn,2024-07,12,137,6,1.0
33,Brooklyn,2024-08,8,138,1,0.1429
33,Brooklyn,2024-09,10,135,-3,-0.2308
33,Brooklyn,2024-10,11,137,2,0.2222
33,Brooklyn,2024-11,7,131,-6,-0.4615
33,Brooklyn,2024-12,11,131,0,0.0
33,Brooklyn,2025-01,17,131,0,0.0
33,Brooklyn,2025-02,11,133,2,0.2222
33,Brooklyn,2025-03,18,145,12,2.0
33,Brooklyn,2025-04,10,144,-1,-0.0909
33,Brooklyn,2025-05,19,146,2,0.1176
33,Brooklyn,2025-06,25,159,13,1.0833
33,Brooklyn,2025-07,19,166,7,0.5833
33,Brooklyn,2025-08,14,172,6,0.75
33,Brooklyn,2025-09,15,177,5,0.5
33,Brooklyn,2025-10,21,187,10,0.9091
33,Brooklyn,2025-11,7,187,0,0.0
33,Brooklyn,2025-12,9,185,-2,-0.1818
33,Brooklyn,2026-01,10,178,-7,-0.4118
33,Brooklyn,2026-02,10,177,-1,-0.0909
33,Brooklyn,2026-03,31,190,13,0.7222
33,Brooklyn,2026-04,16,196,6,0.6
33,Brooklyn,2026-05,11,188,-8,-0.4211
33,Brooklyn,2026-06,12,175,-13,-0.52
34,Brooklyn,2017-01,24,,,
34,Brooklyn,2017-02,22,,,
34,Brooklyn,2017-03,28,,,
34,Brooklyn,2017-04,15,,,
34,Brooklyn,2017-05,24,,,
34,Brooklyn,2017-06,16,,,
34,Brooklyn,2017-07,12,,,
34,Brooklyn,2017-08,23,,,
34,Brooklyn,2017-09,12,,,
34,Brooklyn,2017-10,15,,,
34,Brooklyn,2017-11,26,,,
34,Brooklyn,2017-12,13,230,,
34,Brooklyn,2018-01,24,230,0,0.0
34,Brooklyn,2018-02,4,212,-18,-0.8182
34,Brooklyn,2018-03,18,202,-10,-0.3571
34,Brooklyn,2018-04,16,203,1,0.0667
34,Brooklyn,2018-05,22,201,-2,-0.0833
34,Brooklyn,2018-06,14,199,-2,-0.125
34,Brooklyn,2018-07,19,206,7,0.5833
34,Brooklyn,2018-08,23,206,0,0.0
34,Brooklyn,2018-09,11,205,-1,-0.0833
34,Brooklyn,2018-10,15,205,0,0.0
34,Brooklyn,2018-11,11,190,-15,-0.5769
34,Brooklyn,2018-12,11,188,-2,-0.1538
34,Brooklyn,2019-01,14,178,-10,-0.4167
34,Brooklyn,2019-02,21,195,17,4.25
34,Brooklyn,2019-03,13,190,-5,-0.2778
34,Brooklyn,2019-04,19,193,3,0.1875
34,Brooklyn,2019-05,28,199,6,0.2727
34,Brooklyn,2019-06,19,204,5,0.3571
34,Brooklyn,2019-07,15,200,-4,-0.2105
34,Brooklyn,2019-08,9,186,-14,-0.6087
34,Brooklyn,2019-09,18,193,7,0.6364
34,Brooklyn,2019-10,6,184,-9,-0.6
34,Brooklyn,2019-11,13,186,2,0.1818
34,Brooklyn,2019-12,9,184,-2,-0.1818
34,Brooklyn,2020-01,7,177,-7,-0.5
34,Brooklyn,2020-02,18,174,-3,-0.1429
34,Brooklyn,2020-03,4,165,-9,-0.6923
34,Brooklyn,2020-04,0,146,-19,-1.0
34,Brooklyn,2020-05,0,118,-28,-1.0
34,Brooklyn,2020-06,0,99,-19,-1.0
34,Brooklyn,2020-07,0,84,-15,-1.0
34,Brooklyn,2020-08,0,75,-9,-1.0
34,Brooklyn,2020-09,0,57,-18,-1.0
34,Brooklyn,2020-10,0,51,-6,-1.0
34,Brooklyn,2020-11,0,38,-13,-1.0
34,Brooklyn,2020-12,0,29,-9,-1.0
34,Brooklyn,2021-01,0,22,-7,-1.0
34,Brooklyn,2021-02,0,4,-18,-1.0
34,Brooklyn,2021-03,0,0,-4,-1.0
34,Brooklyn,2021-04,0,0,0,
34,Brooklyn,2021-05,0,0,0,
34,Brooklyn,2021-06,0,0,0,
34,Brooklyn,2021-07,0,0,0,
34,Brooklyn,2021-08,0,0,0,
34,Brooklyn,2021-09,0,0,0,
34,Brooklyn,2021-10,0,0,0,
34,Brooklyn,2021-11,1,1,1,
34,Brooklyn,2021-12,0,1,0,
34,Brooklyn,2022-01,1,2,1,
34,Brooklyn,2022-02,1,3,1,
34,Brooklyn,2022-03,3,6,3,
34,Brooklyn,2022-04,6,12,6,
34,Brooklyn,2022-05,9,21,9,
34,Brooklyn,2022-06,8,29,8,
34,Brooklyn,2022-07,6,35,6,
34,Brooklyn,2022-08,5,40,5,
34,Brooklyn,2022-09,8,48,8,
34,Brooklyn,2022-10,7,55,7,
34,Brooklyn,2022-11,11,65,10,10.0
34,Brooklyn,2022-12,5,70,5,
34,Brooklyn,2023-01,14,83,13,13.0
34,Brooklyn,2023-02,9,91,8,8.0
34,Brooklyn,2023-03,8,96,5,1.6667
34,Brooklyn,2023-04,15,105,9,1.5
34,Brooklyn,2023-05,21,117,12,1.3333
34,Brooklyn,2023-06,13,122,5,0.625
34,Brooklyn,2023-07,15,131,9,1.5
34,Brooklyn,2023-08,21,147,16,3.2
34,Brooklyn,2023-09,10,149,2,0.25
34,Brooklyn,2023-10,18,160,11,1.5714
34,Brooklyn,2023-11,13,162,2,0.1818
34,Brooklyn,2023-12,14,171,9,1.8
34,Brooklyn,2024-01,16,173,2,0.1429
34,Brooklyn,2024-02,18,182,9,1.0
34,Brooklyn,2024-03,12,186,4,0.5
34,Brooklyn,2024-04,14,185,-1,-0.0667
34,Brooklyn,2024-05,32,196,11,0.5238
34,Brooklyn,2024-06,16,199,3,0.2308
34,Brooklyn,2024-07,23,207,8,0.5333
34,Brooklyn,2024-08,27,213,6,0.2857
34,Brooklyn,2024-09,24,227,14,1.4
34,Brooklyn,2024-10,20,229,2,0.1111
34,Brooklyn,2024-11,13,229,0,0.0
34,Brooklyn,2024-12,21,236,7,0.5
34,Brooklyn,2025-01,24,244,8,0.5
34,Brooklyn,2025-02,20,246,2,0.1111
34,Brooklyn,2025-03,16,250,4,0.3333
34,Brooklyn,2025-04,14,250,0,0.0
34,Brooklyn,2025-05,16,234,-16,-0.5
34,Brooklyn,2025-06,22,240,6,0.375
34,Brooklyn,2025-07,12,229,-11,-0.4783
34,Brooklyn,2025-08,19,221,-8,-0.2963
34,Brooklyn,2025-09,29,226,5,0.2083
34,Brooklyn,2025-10,23,229,3,0.15
34,Brooklyn,2025-11,16,232,3,0.2308
34,Brooklyn,2025-12,9,220,-12,-0.5714
34,Brooklyn,2026-01,14,210,-10,-0.4167
34,Brooklyn,2026-02,21,211,1,0.05
34,Brooklyn,2026-03,26,221,10,0.625
34,Brooklyn,2026-04,11,218,-3,-0.2143
34,Brooklyn,2026-05,19,221,3,0.1875
34,Brooklyn,2026-06,12,211,-10,-0.4545
35,Brooklyn,2017-01,30,,,
35,Brooklyn,2017-02,22,,,
35,Brooklyn,2017-03,33,,,
35,Brooklyn,2017-04,24,,,
35,Brooklyn,2017-05,48,,,
35,Brooklyn,2017-06,33,,,
35,Brooklyn,2017-07,29,,,
35,Brooklyn,2017-08,32,,,
35,Brooklyn,2017-09,30,,,
35,Brooklyn,2017-10,31,,,
35,Brooklyn,2017-11,20,,,
35,Brooklyn,2017-12,29,361,,
35,Brooklyn,2018-01,40,371,10,0.3333
35,Brooklyn,2018-02,29,378,7,0.3182
35,Brooklyn,2018-03,30,375,-3,-0.0909
35,Brooklyn,2018-04,28,379,4,0.1667
35,Brooklyn,2018-05,36,367,-12,-0.25
35,Brooklyn,2018-06,26,360,-7,-0.2121
35,Brooklyn,2018-07,22,353,-7,-0.2414
35,Brooklyn,2018-08,22,343,-10,-0.3125
35,Brooklyn,2018-09,21,334,-9,-0.3
35,Brooklyn,2018-10,28,331,-3,-0.0968
35,Brooklyn,2018-11,20,331,0,0.0
35,Brooklyn,2018-12,22,324,-7,-0.2414
35,Brooklyn,2019-01,33,317,-7,-0.175
35,Brooklyn,2019-02,26,314,-3,-0.1034
35,Brooklyn,2019-03,18,302,-12,-0.4
35,Brooklyn,2019-04,16,290,-12,-0.4286
35,Brooklyn,2019-05,33,287,-3,-0.0833
35,Brooklyn,2019-06,29,290,3,0.1154
35,Brooklyn,2019-07,24,292,2,0.0909
35,Brooklyn,2019-08,23,293,1,0.0455
35,Brooklyn,2019-09,23,295,2,0.0952
35,Brooklyn,2019-10,29,296,1,0.0357
35,Brooklyn,2019-11,16,292,-4,-0.2
35,Brooklyn,2019-12,15,285,-7,-0.3182
35,Brooklyn,2020-01,25,277,-8,-0.2424
35,Brooklyn,2020-02,26,277,0,0.0
35,Brooklyn,2020-03,7,266,-11,-0.6111
35,Brooklyn,2020-04,0,250,-16,-1.0
35,Brooklyn,2020-05,0,217,-33,-1.0
35,Brooklyn,2020-06,0,188,-29,-1.0
35,Brooklyn,2020-07,0,164,-24,-1.0
35,Brooklyn,2020-08,0,141,-23,-1.0
35,Brooklyn,2020-09,0,118,-23,-1.0
35,Brooklyn,2020-10,0,89,-29,-1.0
35,Brooklyn,2020-11,1,74,-15,-0.9375
35,Brooklyn,2020-12,0,59,-15,-1.0
35,Brooklyn,2021-01,0,34,-25,-1.0
35,Brooklyn,2021-02,0,8,-26,-1.0
35,Brooklyn,2021-03,0,1,-7,-1.0
35,Brooklyn,2021-04,0,1,0,
35,Brooklyn,2021-05,0,1,0,
35,Brooklyn,2021-06,0,1,0,
35,Brooklyn,2021-07,1,2,1,
35,Brooklyn,2021-08,0,2,0,
35,Brooklyn,2021-09,1,3,1,
35,Brooklyn,2021-10,0,3,0,
35,Brooklyn,2021-11,1,3,0,0.0
35,Brooklyn,2021-12,0,3,0,
35,Brooklyn,2022-01,2,5,2,
35,Brooklyn,2022-02,2,7,2,
35,Brooklyn,2022-03,5,12,5,
35,Brooklyn,2022-04,6,18,6,
35,Brooklyn,2022-05,7,25,7,
35,Brooklyn,2022-06,11,36,11,
35,Brooklyn,2022-07,6,41,5,5.0
35,Brooklyn,2022-08,16,57,16,
35,Brooklyn,2022-09,7,63,6,6.0
35,Brooklyn,2022-10,8,71,8,
35,Brooklyn,2022-11,17,87,16,16.0
35,Brooklyn,2022-12,6,93,6,
35,Brooklyn,2023-01,10,101,8,4.0
35,Brooklyn,2023-02,8,107,6,3.0
35,Brooklyn,2023-03,13,115,8,1.6
35,Brooklyn,2023-04,19,128,13,2.1667
35,Brooklyn,2023-05,16,137,9,1.2857
35,Brooklyn,2023-06,18,144,7,0.6364
35,Brooklyn,2023-07,14,152,8,1.3333
35,Brooklyn,2023-08,22,158,6,0.375
35,Brooklyn,2023-09,17,168,10,1.4286
35,Brooklyn,2023-10,11,171,3,0.375
35,Brooklyn,2023-11,19,173,2,0.1176
35,Brooklyn,2023-12,12,179,6,1.0
35,Brooklyn,2024-01,15,184,5,0.5
35,Brooklyn,2024-02,21,197,13,1.625
35,Brooklyn,2024-03,14,198,1,0.0769
35,Brooklyn,2024-04,17,196,-2,-0.1053
35,Brooklyn,2024-05,31,211,15,0.9375
35,Brooklyn,2024-06,16,209,-2,-0.1111
35,Brooklyn,2024-07,20,215,6,0.4286
35,Brooklyn,2024-08,19,212,-3,-0.1364
35,Brooklyn,2024-09,17,212,0,0.0
35,Brooklyn,2024-10,18,219,7,0.6364
35,Brooklyn,2024-11,18,218,-1,-0.0526
35,Brooklyn,2024-12,20,226,8,0.6667
35,Brooklyn,2025-01,16,227,1,0.0667
35,Brooklyn,2025-02,19,225,-2,-0.0952
35,Brooklyn,2025-03,35,246,21,1.5
35,Brooklyn,2025-04,21,250,4,0.2353
35,Brooklyn,2025-05,29,248,-2,-0.0645
35,Brooklyn,2025-06,18,250,2,0.125
35,Brooklyn,2025-07,26,256,6,0.3
35,Brooklyn,2025-08,25,262,6,0.3158
35,Brooklyn,2025-09,24,269,7,0.4118
35,Brooklyn,2025-10,18,269,0,0.0
35,Brooklyn,2025-11,11,262,-7,-0.3889
35,Brooklyn,2025-12,20,262,0,0.0
35,Brooklyn,2026-01,16,262,0,0.0
35,Brooklyn,2026-02,11,254,-8,-0.4211
35,Brooklyn,2026-03,23,242,-12,-0.3429
35,Brooklyn,2026-04,21,242,0,0.0
35,Brooklyn,2026-05,17,230,-12,-0.4138
35,Brooklyn,2026-06,12,224,-6,-0.3333
36,Brooklyn,2017-01,49,,,
36,Brooklyn,2017-02,46,,,
36,Brooklyn,2017-03,50,,,
36,Brooklyn,2017-04,37,,,
36,Brooklyn,2017-05,35,,,
36,Brooklyn,2017-06,52,,,
36,Brooklyn,2017-07,37,,,
36,Brooklyn,2017-08,56,,,
36,Brooklyn,2017-09,44,,,
36,Brooklyn,2017-10,39,,,
36,Brooklyn,2017-11,36,,,
36,Brooklyn,2017-12,34,515,,
36,Brooklyn,2018-01,54,520,5,0.102
36,Brooklyn,2018-02,38,512,-8,-0.1739
36,Brooklyn,2018-03,26,488,-24,-0.48
36,Brooklyn,2018-04,41,492,4,0.1081
36,Brooklyn,2018-05,46,503,11,0.3143
36,Brooklyn,2018-06,37,488,-15,-0.2885
36,Brooklyn,2018-07,40,491,3,0.0811
36,Brooklyn,2018-08,41,476,-15,-0.2679
36,Brooklyn,2018-09,35,467,-9,-0.2045
36,Brooklyn,2018-10,47,475,8,0.2051
36,Brooklyn,2018-11,35,474,-1,-0.0278
36,Brooklyn,2018-12,21,461,-13,-0.3824
36,Brooklyn,2019-01,52,459,-2,-0.037
36,Brooklyn,2019-02,34,455,-4,-0.1053
36,Brooklyn,2019-03,48,477,22,0.8462
36,Brooklyn,2019-04,42,478,1,0.0244
36,Brooklyn,2019-05,39,471,-7,-0.1522
36,Brooklyn,2019-06,38,472,1,0.027
36,Brooklyn,2019-07,36,468,-4,-0.1
36,Brooklyn,2019-08,29,456,-12,-0.2927
36,Brooklyn,2019-09,46,467,11,0.3143
36,Brooklyn,2019-10,32,452,-15,-0.3191
36,Brooklyn,2019-11,37,454,2,0.0571
36,Brooklyn,2019-12,26,459,5,0.2381
36,Brooklyn,2020-01,27,434,-25,-0.4808
36,Brooklyn,2020-02,25,425,-9,-0.2647
36,Brooklyn,2020-03,22,399,-26,-0.5417
36,Brooklyn,2020-04,0,357,-42,-1.0
36,Brooklyn,2020-05,0,318,-39,-1.0
36,Brooklyn,2020-06,0,280,-38,-1.0
36,Brooklyn,2020-07,0,244,-36,-1.0
36,Brooklyn,2020-08,0,215,-29,-1.0
36,Brooklyn,2020-09,0,169,-46,-1.0
36,Brooklyn,2020-10,0,137,-32,-1.0
36,Brooklyn,2020-11,0,100,-37,-1.0
36,Brooklyn,2020-12,0,74,-26,-1.0
36,Brooklyn,2021-01,0,47,-27,-1.0
36,Brooklyn,2021-02,0,22,-25,-1.0
36,Brooklyn,2021-03,0,0,-22,-1.0
36,Brooklyn,2021-04,0,0,0,
36,Brooklyn,2021-05,1,1,1,
36,Brooklyn,2021-06,2,3,2,
36,Brooklyn,2021-07,1,4,1,
36,Brooklyn,2021-08,1,5,1,
36,Brooklyn,2021-09,0,5,0,
36,Brooklyn,2021-10,0,5,0,
36,Brooklyn,2021-11,1,6,1,
36,Brooklyn,2021-12,0,6,0,
36,Brooklyn,2022-01,2,8,2,
36,Brooklyn,2022-02,5,13,5,
36,Brooklyn,2022-03,5,18,5,
36,Brooklyn,2022-04,7,25,7,
36,Brooklyn,2022-05,4,28,3,3.0
36,Brooklyn,2022-06,8,34,6,3.0
36,Brooklyn,2022-07,9,42,8,8.0
36,Brooklyn,2022-08,16,57,15,15.0
36,Brooklyn,2022-09,9,66,9,
36,Brooklyn,2022-10,15,81,15,
36,Brooklyn,2022-11,19,99,18,18.0
36,Brooklyn,2022-12,10,109,10,
36,Brooklyn,2023-01,22,129,20,10.0
36,Brooklyn,2023-02,13,137,8,1.6
36,Brooklyn,2023-03,29,161,24,4.8
36,Brooklyn,2023-04,23,177,16,2.2857
36,Brooklyn,2023-05,28,201,24,6.0
36,Brooklyn,2023-06,20,213,12,1.5
36,Brooklyn,2023-07,25,229,16,1.7778
36,Brooklyn,2023-08,23,236,7,0.4375
36,Brooklyn,2023-09,20,247,11,1.2222
36,Brooklyn,2023-10,25,257,10,0.6667
36,Brooklyn,2023-11,28,266,9,0.4737
36,Brooklyn,2023-12,20,276,10,1.0
36,Brooklyn,2024-01,30,284,8,0.3636
36,Brooklyn,2024-02,28,299,15,1.1538
36,Brooklyn,2024-03,30,300,1,0.0345
36,Brooklyn,2024-04,22,299,-1,-0.0435
36,Brooklyn,2024-05,40,311,12,0.4286
36,Brooklyn,2024-06,26,317,6,0.3
36,Brooklyn,2024-07,36,328,11,0.44
36,Brooklyn,2024-08,32,337,9,0.3913
36,Brooklyn,2024-09,21,338,1,0.05
36,Brooklyn,2024-10,30,343,5,0.2
36,Brooklyn,2024-11,24,339,-4,-0.1429
36,Brooklyn,2024-12,22,341,2,0.1
36,Brooklyn,2025-01,19,330,-11,-0.3667
36,Brooklyn,2025-02,23,325,-5,-0.1786
36,Brooklyn,2025-03,41,336,11,0.3667
36,Brooklyn,2025-04,30,344,8,0.3636
36,Brooklyn,2025-05,43,347,3,0.075
36,Brooklyn,2025-06,24,345,-2,-0.0769
36,Brooklyn,2025-07,30,339,-6,-0.1667
36,Brooklyn,2025-08,32,339,0,0.0
36,Brooklyn,2025-09,25,343,4,0.1905
36,Brooklyn,2025-10,25,338,-5,-0.1667
36,Brooklyn,2025-11,31,345,7,0.2917
36,Brooklyn,2025-12,31,354,9,0.4091
36,Brooklyn,2026-01,16,351,-3,-0.1579
36,Brooklyn,2026-02,25,353,2,0.087
36,Brooklyn,2026-03,32,344,-9,-0.2195
36,Brooklyn,2026-04,25,339,-5,-0.1667
36,Brooklyn,2026-05,23,319,-20,-0.4651
36,Brooklyn,2026-06,24,319,0,0.0
37,Brooklyn,2017-01,31,,,
37,Brooklyn,2017-02,39,,,
37,Brooklyn,2017-03,36,,,
37,Brooklyn,2017-04,33,,,
37,Brooklyn,2017-05,47,,,
37,Brooklyn,2017-06,40,,,
37,Brooklyn,2017-07,31,,,
37,Brooklyn,2017-08,49,,,
37,Brooklyn,2017-09,43,,,
37,Brooklyn,2017-10,40,,,
37,Brooklyn,2017-11,47,,,
37,Brooklyn,2017-12,24,460,,
37,Brooklyn,2018-01,52,481,21,0.6774
37,Brooklyn,2018-02,34,476,-5,-0.1282
37,Brooklyn,2018-03,33,473,-3,-0.0833
37,Brooklyn,2018-04,37,477,4,0.1212
37,Brooklyn,2018-05,45,475,-2,-0.0426
37,Brooklyn,2018-06,31,466,-9,-0.225
37,Brooklyn,2018-07,39,474,8,0.2581
37,Brooklyn,2018-08,52,477,3,0.0612
37,Brooklyn,2018-09,36,470,-7,-0.1628
37,Brooklyn,2018-10,45,475,5,0.125
37,Brooklyn,2018-11,46,474,-1,-0.0213
37,Brooklyn,2018-12,20,470,-4,-0.1667
37,Brooklyn,2019-01,35,453,-17,-0.3269
37,Brooklyn,2019-02,36,455,2,0.0588
37,Brooklyn,2019-03,18,440,-15,-0.4545
37,Brooklyn,2019-04,25,428,-12,-0.3243
37,Brooklyn,2019-05,46,429,1,0.0222
37,Brooklyn,2019-06,21,419,-10,-0.3226
37,Brooklyn,2019-07,27,407,-12,-0.3077
37,Brooklyn,2019-08,21,376,-31,-0.5962
37,Brooklyn,2019-09,40,380,4,0.1111
37,Brooklyn,2019-10,27,362,-18,-0.4
37,Brooklyn,2019-11,30,346,-16,-0.3478
37,Brooklyn,2019-12,17,343,-3,-0.15
37,Brooklyn,2020-01,33,341,-2,-0.0571
37,Brooklyn,2020-02,24,329,-12,-0.3333
37,Brooklyn,2020-03,14,325,-4,-0.2222
37,Brooklyn,2020-04,0,300,-25,-1.0
37,Brooklyn,2020-05,0,254,-46,-1.0
37,Brooklyn,2020-06,0,233,-21,-1.0
37,Brooklyn,2020-07,0,206,-27,-1.0
37,Brooklyn,2020-08,0,185,-21,-1.0
37,Brooklyn,2020-09,0,145,-40,-1.0
37,Brooklyn,2020-10,0,118,-27,-1.0
37,Brooklyn,2020-11,0,88,-30,-1.0
37,Brooklyn,2020-12,0,71,-17,-1.0
37,Brooklyn,2021-01,0,38,-33,-1.0
37,Brooklyn,2021-02,0,14,-24,-1.0
37,Brooklyn,2021-03,0,0,-14,-1.0
37,Brooklyn,2021-04,0,0,0,
37,Brooklyn,2021-05,1,1,1,
37,Brooklyn,2021-06,0,1,0,
37,Brooklyn,2021-07,0,1,0,
37,Brooklyn,2021-08,0,1,0,
37,Brooklyn,2021-09,1,2,1,
37,Brooklyn,2021-10,0,2,0,
37,Brooklyn,2021-11,0,2,0,
37,Brooklyn,2021-12,0,2,0,
37,Brooklyn,2022-01,1,3,1,
37,Brooklyn,2022-02,1,4,1,
37,Brooklyn,2022-03,8,12,8,
37,Brooklyn,2022-04,9,21,9,
37,Brooklyn,2022-05,6,26,5,5.0
37,Brooklyn,2022-06,13,39,13,
37,Brooklyn,2022-07,9,48,9,
37,Brooklyn,2022-08,8,56,8,
37,Brooklyn,2022-09,16,71,15,15.0
37,Brooklyn,2022-10,12,83,12,
37,Brooklyn,2022-11,16,99,16,
37,Brooklyn,2022-12,10,109,10,
37,Brooklyn,2023-01,19,127,18,18.0
37,Brooklyn,2023-02,16,142,15,15.0
37,Brooklyn,2023-03,22,156,14,1.75
37,Brooklyn,2023-04,20,167,11,1.2222
37,Brooklyn,2023-05,17,178,11,1.8333
37,Brooklyn,2023-06,29,194,16,1.2308
37,Brooklyn,2023-07,21,206,12,1.3333
37,Brooklyn,2023-08,29,227,21,2.625
37,Brooklyn,2023-09,24,235,8,0.5
37,Brooklyn,2023-10,30,253,18,1.5
37,Brooklyn,2023-11,18,255,2,0.125
37,Brooklyn,2023-12,18,263,8,0.8
37,Brooklyn,2024-01,30,274,11,0.5789
37,Brooklyn,2024-02,18,276,2,0.125
37,Brooklyn,2024-03,29,283,7,0.3182
37,Brooklyn,2024-04,19,282,-1,-0.05
37,Brooklyn,2024-05,25,290,8,0.4706
37,Brooklyn,2024-06,25,286,-4,-0.1379
37,Brooklyn,2024-07,29,294,8,0.381
37,Brooklyn,2024-08,24,289,-5,-0.1724
37,Brooklyn,2024-09,20,285,-4,-0.1667
37,Brooklyn,2024-10,17,272,-13,-0.4333
37,Brooklyn,2024-11,27,281,9,0.5
37,Brooklyn,2024-12,23,286,5,0.2778
37,Brooklyn,2025-01,13,269,-17,-0.5667
37,Brooklyn,2025-02,26,277,8,0.4444
37,Brooklyn,2025-03,27,275,-2,-0.069
37,Brooklyn,2025-04,31,287,12,0.6316
37,Brooklyn,2025-05,34,296,9,0.36
37,Brooklyn,2025-06,35,306,10,0.4
37,Brooklyn,2025-07,35,312,6,0.2069
37,Brooklyn,2025-08,23,311,-1,-0.0417
37,Brooklyn,2025-09,28,319,8,0.4
37,Brooklyn,2025-10,22,324,5,0.2941
37,Brooklyn,2025-11,17,314,-10,-0.3704
37,Brooklyn,2025-12,15,306,-8,-0.3478
37,Brooklyn,2026-01,25,318,12,0.9231
37,Brooklyn,2026-02,17,309,-9,-0.3462
37,Brooklyn,2026-03,19,301,-8,-0.2963
37,Brooklyn,2026-04,19,289,-12,-0.3871
37,Brooklyn,2026-05,20,275,-14,-0.4118
37,Brooklyn,2026-06,20,260,-15,-0.4286
38,Brooklyn,2017-01,16,,,
38,Brooklyn,2017-02,10,,,
38,Brooklyn,2017-03,10,,,
38,Brooklyn,2017-04,18,,,
38,Brooklyn,2017-05,9,,,
38,Brooklyn,2017-06,16,,,
38,Brooklyn,2017-07,11,,,
38,Brooklyn,2017-08,12,,,
38,Brooklyn,2017-09,7,,,
38,Brooklyn,2017-10,13,,,
38,Brooklyn,2017-11,7,,,
38,Brooklyn,2017-12,11,140,,
38,Brooklyn,2018-01,20,144,4,0.25
38,Brooklyn,2018-02,9,143,-1,-0.1
38,Brooklyn,2018-03,14,147,4,0.4
38,Brooklyn,2018-04,7,136,-11,-0.6111
38,Brooklyn,2018-05,13,140,4,0.4444
38,Brooklyn,2018-06,18,142,2,0.125
38,Brooklyn,2018-07,12,143,1,0.0909
38,Brooklyn,2018-08,10,141,-2,-0.1667
38,Brooklyn,2018-09,9,143,2,0.2857
38,Brooklyn,2018-10,16,146,3,0.2308
38,Brooklyn,2018-11,5,144,-2,-0.2857
38,Brooklyn,2018-12,6,139,-5,-0.4545
38,Brooklyn,2019-01,10,129,-10,-0.5
38,Brooklyn,2019-02,6,126,-3,-0.3333
38,Brooklyn,2019-03,8,120,-6,-0.4286
38,Brooklyn,2019-04,16,129,9,1.2857
38,Brooklyn,2019-05,6,122,-7,-0.5385
38,Brooklyn,2019-06,13,117,-5,-0.2778
38,Brooklyn,2019-07,13,118,1,0.0833
38,Brooklyn,2019-08,7,115,-3,-0.3
38,Brooklyn,2019-09,5,111,-4,-0.4444
38,Brooklyn,2019-10,8,103,-8,-0.5
38,Brooklyn,2019-11,5,103,0,0.0
38,Brooklyn,2019-12,4,101,-2,-0.3333
38,Brooklyn,2020-01,17,108,7,0.7
38,Brooklyn,2020-02,6,108,0,0.0
38,Brooklyn,2020-03,2,102,-6,-0.75
38,Brooklyn,2020-04,0,86,-16,-1.0
38,Brooklyn,2020-05,0,80,-6,-1.0
38,Brooklyn,2020-06,0,67,-13,-1.0
38,Brooklyn,2020-07,0,54,-13,-1.0
38,Brooklyn,2020-08,0,47,-7,-1.0
38,Brooklyn,2020-09,0,42,-5,-1.0
38,Brooklyn,2020-10,0,34,-8,-1.0
38,Brooklyn,2020-11,0,29,-5,-1.0
38,Brooklyn,2020-12,0,25,-4,-1.0
38,Brooklyn,2021-01,0,8,-17,-1.0
38,Brooklyn,2021-02,0,2,-6,-1.0
38,Brooklyn,2021-03,0,0,-2,-1.0
38,Brooklyn,2021-04,0,0,0,
38,Brooklyn,2021-05,0,0,0,
38,Brooklyn,2021-06,0,0,0,
38,Brooklyn,2021-07,1,1,1,
38,Brooklyn,2021-08,0,1,0,
38,Brooklyn,2021-09,0,1,0,
38,Brooklyn,2021-10,0,1,0,
38,Brooklyn,2021-11,1,2,1,
38,Brooklyn,2021-12,0,2,0,
38,Brooklyn,2022-01,0,2,0,
38,Brooklyn,2022-02,1,3,1,
38,Brooklyn,2022-03,3,6,3,
38,Brooklyn,2022-04,2,8,2,
38,Brooklyn,2022-05,5,13,5,
38,Brooklyn,2022-06,4,17,4,
38,Brooklyn,2022-07,3,19,2,2.0
38,Brooklyn,2022-08,6,25,6,
38,Brooklyn,2022-09,3,28,3,
38,Brooklyn,2022-10,7,35,7,
38,Brooklyn,2022-11,8,42,7,7.0
38,Brooklyn,2022-12,2,44,2,
38,Brooklyn,2023-01,8,52,8,
38,Brooklyn,2023-02,6,57,5,5.0
38,Brooklyn,2023-03,12,66,9,3.0
38,Brooklyn,2023-04,5,69,3,1.5
38,Brooklyn,2023-05,9,73,4,0.8
38,Brooklyn,2023-06,5,74,1,0.25
38,Brooklyn,2023-07,5,76,2,0.6667
38,Brooklyn,2023-08,5,75,-1,-0.1667
38,Brooklyn,2023-09,14,86,11,3.6667
38,Brooklyn,2023-10,8,87,1,0.1429
38,Brooklyn,2023-11,7,86,-1,-0.125
38,Brooklyn,2023-12,10,94,8,4.0
38,Brooklyn,2024-01,7,93,-1,-0.125
38,Brooklyn,2024-02,1,88,-5,-0.8333
38,Brooklyn,2024-03,20,96,8,0.6667
38,Brooklyn,2024-04,9,100,4,0.8
38,Brooklyn,2024-05,13,104,4,0.4444
38,Brooklyn,2024-06,14,113,9,1.8
38,Brooklyn,2024-07,10,118,5,1.0
38,Brooklyn,2024-08,10,123,5,1.0
38,Brooklyn,2024-09,5,114,-9,-0.6429
38,Brooklyn,2024-10,7,113,-1,-0.125
38,Brooklyn,2024-11,10,116,3,0.4286
38,Brooklyn,2024-12,11,117,1,0.1
38,Brooklyn,2025-01,11,121,4,0.5714
38,Brooklyn,2025-02,6,126,5,5.0
38,Brooklyn,2025-03,7,113,-13,-0.65
38,Brooklyn,2025-04,11,115,2,0.2222
38,Brooklyn,2025-05,12,114,-1,-0.0769
38,Brooklyn,2025-06,14,114,0,0.0
38,Brooklyn,2025-07,13,117,3,0.3
38,Brooklyn,2025-08,9,116,-1,-0.1
38,Brooklyn,2025-09,14,125,9,1.8
38,Brooklyn,2025-10,16,134,9,1.2857
38,Brooklyn,2025-11,8,132,-2,-0.2
38,Brooklyn,2025-12,4,125,-7,-0.6364
38,Brooklyn,2026-01,9,123,-2,-0.1818
38,Brooklyn,2026-02,3,120,-3,-0.5
38,Brooklyn,2026-03,11,124,4,0.5714
38,Brooklyn,2026-04,3,116,-8,-0.7273
38,Brooklyn,2026-05,5,109,-7,-0.5833
38,Brooklyn,2026-06,6,101,-8,-0.5714
39,Brooklyn,2017-01,9,,,
39,Brooklyn,2017-02,3,,,
39,Brooklyn,2017-03,5,,,
39,Brooklyn,2017-04,5,,,
39,Brooklyn,2017-05,8,,,
39,Brooklyn,2017-06,4,,,
39,Brooklyn,2017-07,6,,,
39,Brooklyn,2017-08,8,,,
39,Brooklyn,2017-09,8,,,
39,Brooklyn,2017-10,5,,,
39,Brooklyn,2017-11,7,,,
39,Brooklyn,2017-12,4,72,,
39,Brooklyn,2018-01,7,70,-2,-0.2222
39,Brooklyn,2018-02,3,70,0,0.0
39,Brooklyn,2018-03,11,76,6,1.2
39,Brooklyn,2018-04,4,75,-1,-0.2
39,Brooklyn,2018-05,10,77,2,0.25
39,Brooklyn,2018-06,13,86,9,2.25
39,Brooklyn,2018-07,7,87,1,0.1667
39,Brooklyn,2018-08,10,89,2,0.25
39,Brooklyn,2018-09,5,86,-3,-0.375
39,Brooklyn,2018-10,5,86,0,0.0
39,Brooklyn,2018-11,7,86,0,0.0
39,Brooklyn,2018-12,7,89,3,0.75
39,Brooklyn,2019-01,11,93,4,0.5714
39,Brooklyn,2019-02,6,96,3,1.0
39,Brooklyn,2019-03,5,90,-6,-0.5455
39,Brooklyn,2019-04,8,94,4,1.0
39,Brooklyn,2019-05,1,85,-9,-0.9
39,Brooklyn,2019-06,6,78,-7,-0.5385
39,Brooklyn,2019-07,9,80,2,0.2857
39,Brooklyn,2019-08,13,83,3,0.3
39,Brooklyn,2019-09,5,83,0,0.0
39,Brooklyn,2019-10,4,82,-1,-0.2
39,Brooklyn,2019-11,6,81,-1,-0.1429
39,Brooklyn,2019-12,6,80,-1,-0.1429
39,Brooklyn,2020-01,6,75,-5,-0.4545
39,Brooklyn,2020-02,7,76,1,0.1667
39,Brooklyn,2020-03,3,74,-2,-0.4
39,Brooklyn,2020-04,0,66,-8,-1.0
39,Brooklyn,2020-05,0,65,-1,-1.0
39,Brooklyn,2020-06,0,59,-6,-1.0
39,Brooklyn,2020-07,0,50,-9,-1.0
39,Brooklyn,2020-08,0,37,-13,-1.0
39,Brooklyn,2020-09,0,32,-5,-1.0
39,Brooklyn,2020-10,0,28,-4,-1.0
39,Brooklyn,2020-11,1,23,-5,-0.8333
39,Brooklyn,2020-12,0,17,-6,-1.0
39,Brooklyn,2021-01,0,11,-6,-1.0
39,Brooklyn,2021-02,0,4,-7,-1.0
39,Brooklyn,2021-03,0,1,-3,-1.0
39,Brooklyn,2021-04,0,1,0,
39,Brooklyn,2021-05,0,1,0,
39,Brooklyn,2021-06,0,1,0,
39,Brooklyn,2021-07,0,1,0,
39,Brooklyn,2021-08,0,1,0,
39,Brooklyn,2021-09,0,1,0,
39,Brooklyn,2021-10,0,1,0,
39,Brooklyn,2021-11,0,0,-1,-1.0
39,Brooklyn,2021-12,1,1,1,
39,Brooklyn,2022-01,2,3,2,
39,Brooklyn,2022-02,2,5,2,
39,Brooklyn,2022-03,2,7,2,
39,Brooklyn,2022-04,2,9,2,
39,Brooklyn,2022-05,0,9,0,
39,Brooklyn,2022-06,3,12,3,
39,Brooklyn,2022-07,1,13,1,
39,Brooklyn,2022-08,1,14,1,
39,Brooklyn,2022-09,2,16,2,
39,Brooklyn,2022-10,3,19,3,
39,Brooklyn,2022-11,5,24,5,
39,Brooklyn,2022-12,3,26,2,2.0
39,Brooklyn,2023-01,10,34,8,4.0
39,Brooklyn,2023-02,3,35,1,0.5
39,Brooklyn,2023-03,6,39,4,2.0
39,Brooklyn,2023-04,7,44,5,2.5
39,Brooklyn,2023-05,8,52,8,
39,Brooklyn,2023-06,5,54,2,0.6667
39,Brooklyn,2023-07,5,58,4,4.0
39,Brooklyn,2023-08,8,65,7,7.0
39,Brooklyn,2023-09,5,68,3,1.5
39,Brooklyn,2023-10,10,75,7,2.3333
39,Brooklyn,2023-11,8,78,3,0.6
39,Brooklyn,2023-12,5,80,2,0.6667
39,Brooklyn,2024-01,14,84,4,0.4
39,Brooklyn,2024-02,5,86,2,0.6667
39,Brooklyn,2024-03,9,89,3,0.5
39,Brooklyn,2024-04,4,86,-3,-0.4286
39,Brooklyn,2024-05,8,86,0,0.0
39,Brooklyn,2024-06,6,87,1,0.2
39,Brooklyn,2024-07,8,90,3,0.6
39,Brooklyn,2024-08,6,88,-2,-0.25
39,Brooklyn,2024-09,6,89,1,0.2
39,Brooklyn,2024-10,4,83,-6,-0.6
39,Brooklyn,2024-11,5,80,-3,-0.375
39,Brooklyn,2024-12,3,78,-2,-0.4
39,Brooklyn,2025-01,7,71,-7,-0.5
39,Brooklyn,2025-02,6,72,1,0.2
39,Brooklyn,2025-03,13,76,4,0.4444
39,Brooklyn,2025-04,5,77,1,0.25
39,Brooklyn,2025-05,7,76,-1,-0.125
39,Brooklyn,2025-06,9,79,3,0.5
39,Brooklyn,2025-07,7,78,-1,-0.125
39,Brooklyn,2025-08,8,80,2,0.3333
39,Brooklyn,2025-09,5,79,-1,-0.1667
39,Brooklyn,2025-10,9,84,5,1.25
39,Brooklyn,2025-11,3,82,-2,-0.4
39,Brooklyn,2025-12,8,87,5,1.6667
39,Brooklyn,2026-01,2,82,-5,-0.7143
39,Brooklyn,2026-02,6,82,0,0.0
39,Brooklyn,2026-03,7,76,-6,-0.4615
39,Brooklyn,2026-04,8,79,3,0.6
39,Brooklyn,2026-05,5,77,-2,-0.2857
39,Brooklyn,2026-06,5,73,-4,-0.4444
40,Brooklyn,2017-01,73,,,
40,Brooklyn,2017-02,33,,,
40,Brooklyn,2017-03,48,,,
40,Brooklyn,2017-04,47,,,
40,Brooklyn,2017-05,36,,,
40,Brooklyn,2017-06,43,,,
40,Brooklyn,2017-07,54,,,
40,Brooklyn,2017-08,53,,,
40,Brooklyn,2017-09,36,,,
40,Brooklyn,2017-10,34,,,
40,Brooklyn,2017-11,36,,,
40,Brooklyn,2017-12,27,520,,
40,Brooklyn,2018-01,44,491,-29,-0.3973
40,Brooklyn,2018-02,35,493,2,0.0606
40,Brooklyn,2018-03,50,495,2,0.0417
40,Brooklyn,2018-04,45,493,-2,-0.0426
40,Brooklyn,2018-05,37,494,1,0.0278
40,Brooklyn,2018-06,42,493,-1,-0.0233
40,Brooklyn,2018-07,37,476,-17,-0.3148
40,Brooklyn,2018-08,29,452,-24,-0.4528
40,Brooklyn,2018-09,51,467,15,0.4167
40,Brooklyn,2018-10,30,463,-4,-0.1176
40,Brooklyn,2018-11,34,461,-2,-0.0556
40,Brooklyn,2018-12,25,459,-2,-0.0741
40,Brooklyn,2019-01,33,448,-11,-0.25
40,Brooklyn,2019-02,36,449,1,0.0286
40,Brooklyn,2019-03,38,437,-12,-0.24
40,Brooklyn,2019-04,28,420,-17,-0.3778
40,Brooklyn,2019-05,32,415,-5,-0.1351
40,Brooklyn,2019-06,30,403,-12,-0.2857
40,Brooklyn,2019-07,29,395,-8,-0.2162
40,Brooklyn,2019-08,29,395,0,0.0
40,Brooklyn,2019-09,20,364,-31,-0.6078
40,Brooklyn,2019-10,25,359,-5,-0.1667
40,Brooklyn,2019-11,17,342,-17,-0.5
40,Brooklyn,2019-12,20,337,-5,-0.2
40,Brooklyn,2020-01,28,332,-5,-0.1515
40,Brooklyn,2020-02,16,312,-20,-0.5556
40,Brooklyn,2020-03,18,292,-20,-0.5263
40,Brooklyn,2020-04,0,264,-28,-1.0
40,Brooklyn,2020-05,0,232,-32,-1.0
40,Brooklyn,2020-06,0,202,-30,-1.0
40,Brooklyn,2020-07,0,173,-29,-1.0
40,Brooklyn,2020-08,0,144,-29,-1.0
40,Brooklyn,2020-09,0,124,-20,-1.0
40,Brooklyn,2020-10,0,99,-25,-1.0
40,Brooklyn,2020-11,0,82,-17,-1.0
40,Brooklyn,2020-12,0,62,-20,-1.0
40,Brooklyn,2021-01,0,34,-28,-1.0
40,Brooklyn,2021-02,0,18,-16,-1.0
40,Brooklyn,2021-03,0,0,-18,-1.0
40,Brooklyn,2021-04,2,2,2,
40,Brooklyn,2021-05,0,2,0,
40,Brooklyn,2021-06,0,2,0,
40,Brooklyn,2021-07,0,2,0,
40,Brooklyn,2021-08,0,2,0,
40,Brooklyn,2021-09,0,2,0,
40,Brooklyn,2021-10,0,2,0,
40,Brooklyn,2021-11,4,6,4,
40,Brooklyn,2021-12,0,6,0,
40,Brooklyn,2022-01,1,7,1,
40,Brooklyn,2022-02,7,14,7,
40,Brooklyn,2022-03,7,21,7,
40,Brooklyn,2022-04,9,28,7,3.5
40,Brooklyn,2022-05,13,41,13,
40,Brooklyn,2022-06,10,51,10,
40,Brooklyn,2022-07,3,54,3,
40,Brooklyn,2022-08,14,68,14,
40,Brooklyn,2022-09,18,86,18,
40,Brooklyn,2022-10,16,102,16,
40,Brooklyn,2022-11,20,118,16,4.0
40,Brooklyn,2022-12,17,135,17,
40,Brooklyn,2023-01,33,167,32,32.0
40,Brooklyn,2023-02,21,181,14,2.0
40,Brooklyn,2023-03,24,198,17,2.4286
40,Brooklyn,2023-04,15,204,6,0.6667
40,Brooklyn,2023-05,25,216,12,0.9231
40,Brooklyn,2023-06,36,242,26,2.6
40,Brooklyn,2023-07,36,275,33,11.0
40,Brooklyn,2023-08,31,292,17,1.2143
40,Brooklyn,2023-09,16,290,-2,-0.1111
40,Brooklyn,2023-10,38,312,22,1.375
40,Brooklyn,2023-11,32,324,12,0.6
40,Brooklyn,2023-12,26,333,9,0.5294
40,Brooklyn,2024-01,52,352,19,0.5758
40,Brooklyn,2024-02,43,374,22,1.0476
40,Brooklyn,2024-03,30,380,6,0.25
40,Brooklyn,2024-04,29,394,14,0.9333
40,Brooklyn,2024-05,49,418,24,0.96
40,Brooklyn,2024-06,27,409,-9,-0.25
40,Brooklyn,2024-07,32,405,-4,-0.1111
40,Brooklyn,2024-08,50,424,19,0.6129
40,Brooklyn,2024-09,31,439,15,0.9375
40,Brooklyn,2024-10,25,426,-13,-0.3421
40,Brooklyn,2024-11,21,415,-11,-0.3438
40,Brooklyn,2024-12,26,415,0,0.0
40,Brooklyn,2025-01,46,409,-6,-0.1154
40,Brooklyn,2025-02,41,407,-2,-0.0465
40,Brooklyn,2025-03,49,426,19,0.6333
40,Brooklyn,2025-04,42,439,13,0.4483
40,Brooklyn,2025-05,40,430,-9,-0.1837
40,Brooklyn,2025-06,40,443,13,0.4815
40,Brooklyn,2025-07,36,447,4,0.125
40,Brooklyn,2025-08,46,443,-4,-0.08
40,Brooklyn,2025-09,37,449,6,0.1935
40,Brooklyn,2025-10,37,461,12,0.48
40,Brooklyn,2025-11,28,468,7,0.3333
40,Brooklyn,2025-12,37,479,11,0.4231
40,Brooklyn,2026-01,33,466,-13,-0.2826
40,Brooklyn,2026-02,23,448,-18,-0.439
40,Brooklyn,2026-03,28,427,-21,-0.4286
40,Brooklyn,2026-04,12,397,-30,-0.7143
40,Brooklyn,2026-05,25,382,-15,-0.375
40,Brooklyn,2026-06,22,364,-18,-0.45
41,Brooklyn,2017-01,85,,,
41,Brooklyn,2017-02,57,,,
41,Brooklyn,2017-03,59,,,
41,Brooklyn,2017-04,52,,,
41,Brooklyn,2017-05,52,,,
41,Brooklyn,2017-06,55,,,
41,Brooklyn,2017-07,62,,,
41,Brooklyn,2017-08,69,,,
41,Brooklyn,2017-09,57,,,
41,Brooklyn,2017-10,49,,,
41,Brooklyn,2017-11,57,,,
41,Brooklyn,2017-12,46,700,,
41,Brooklyn,2018-01,64,679,-21,-0.2471
41,Brooklyn,2018-02,54,676,-3,-0.0526
41,Brooklyn,2018-03,67,684,8,0.1356
41,Brooklyn,2018-04,73,705,21,0.4038
41,Brooklyn,2018-05,50,703,-2,-0.0385
41,Brooklyn,2018-06,43,691,-12,-0.2182
41,Brooklyn,2018-07,46,675,-16,-0.2581
41,Brooklyn,2018-08,51,657,-18,-0.2609
41,Brooklyn,2018-09,50,650,-7,-0.1228
41,Brooklyn,2018-10,76,677,27,0.551
41,Brooklyn,2018-11,40,660,-17,-0.2982
41,Brooklyn,2018-12,34,648,-12,-0.2609
41,Brooklyn,2019-01,56,640,-8,-0.125
41,Brooklyn,2019-02,37,623,-17,-0.3148
41,Brooklyn,2019-03,45,601,-22,-0.3284
41,Brooklyn,2019-04,35,563,-38,-0.5205
41,Brooklyn,2019-05,52,565,2,0.04
41,Brooklyn,2019-06,43,565,0,0.0
41,Brooklyn,2019-07,55,574,9,0.1957
41,Brooklyn,2019-08,49,572,-2,-0.0392
41,Brooklyn,2019-09,58,580,8,0.16
41,Brooklyn,2019-10,58,562,-18,-0.2368
41,Brooklyn,2019-11,45,567,5,0.125
41,Brooklyn,2019-12,46,579,12,0.3529
41,Brooklyn,2020-01,50,573,-6,-0.1071
41,Brooklyn,2020-02,30,566,-7,-0.1892
41,Brooklyn,2020-03,18,539,-27,-0.6
41,Brooklyn,2020-04,0,504,-35,-1.0
41,Brooklyn,2020-05,0,452,-52,-1.0
41,Brooklyn,2020-06,0,409,-43,-1.0
41,Brooklyn,2020-07,0,354,-55,-1.0
41,Brooklyn,2020-08,0,305,-49,-1.0
41,Brooklyn,2020-09,0,247,-58,-1.0
41,Brooklyn,2020-10,0,189,-58,-1.0
41,Brooklyn,2020-11,0,144,-45,-1.0
41,Brooklyn,2020-12,1,99,-45,-0.9783
41,Brooklyn,2021-01,0,49,-50,-1.0
41,Brooklyn,2021-02,0,19,-30,-1.0
41,Brooklyn,2021-03,0,1,-18,-1.0
41,Brooklyn,2021-04,0,1,0,
41,Brooklyn,2021-05,0,1,0,
41,Brooklyn,2021-06,0,1,0,
41,Brooklyn,2021-07,3,4,3,
41,Brooklyn,2021-08,0,4,0,
41,Brooklyn,2021-09,0,4,0,
41,Brooklyn,2021-10,0,4,0,
41,Brooklyn,2021-11,0,4,0,
41,Brooklyn,2021-12,2,5,1,1.0
41,Brooklyn,2022-01,3,8,3,
41,Brooklyn,2022-02,12,20,12,
41,Brooklyn,2022-03,11,31,11,
41,Brooklyn,2022-04,14,45,14,
41,Brooklyn,2022-05,17,62,17,
41,Brooklyn,2022-06,12,74,12,
41,Brooklyn,2022-07,16,87,13,4.3333
41,Brooklyn,2022-08,9,96,9,
41,Brooklyn,2022-09,16,112,16,
41,Brooklyn,2022-10,15,127,15,
41,Brooklyn,2022-11,19,146,19,
41,Brooklyn,2022-12,12,156,10,5.0
41,Brooklyn,2023-01,39,192,36,12.0
41,Brooklyn,2023-02,28,208,16,1.3333
41,Brooklyn,2023-03,22,219,11,1.0
41,Brooklyn,2023-04,25,230,11,0.7857
41,Brooklyn,2023-05,38,251,21,1.2353
41,Brooklyn,2023-06,30,269,18,1.5
41,Brooklyn,2023-07,34,287,18,1.125
41,Brooklyn,2023-08,42,320,33,3.6667
41,Brooklyn,2023-09,30,334,14,0.875
41,Brooklyn,2023-10,41,360,26,1.7333
41,Brooklyn,2023-11,39,380,20,1.0526
41,Brooklyn,2023-12,16,384,4,0.3333
41,Brooklyn,2024-01,40,385,1,0.0256
41,Brooklyn,2024-02,30,387,2,0.0714
41,Brooklyn,2024-03,40,405,18,0.8182
41,Brooklyn,2024-04,35,415,10,0.4
41,Brooklyn,2024-05,45,422,7,0.1842
41,Brooklyn,2024-06,28,420,-2,-0.0667
41,Brooklyn,2024-07,40,426,6,0.1765
41,Brooklyn,2024-08,26,410,-16,-0.381
41,Brooklyn,2024-09,40,420,10,0.3333
41,Brooklyn,2024-10,42,421,1,0.0244
41,Brooklyn,2024-11,31,413,-8,-0.2051
41,Brooklyn,2024-12,22,419,6,0.375
41,Brooklyn,2025-01,46,425,6,0.15
41,Brooklyn,2025-02,33,428,3,0.1
41,Brooklyn,2025-03,47,435,7,0.175
41,Brooklyn,2025-04,43,443,8,0.2286
41,Brooklyn,2025-05,49,447,4,0.0889
41,Brooklyn,2025-06,40,459,12,0.4286
41,Brooklyn,2025-07,40,459,0,0.0
41,Brooklyn,2025-08,37,470,11,0.4231
41,Brooklyn,2025-09,58,488,18,0.45
41,Brooklyn,2025-10,34,480,-8,-0.1905
41,Brooklyn,2025-11,36,485,5,0.1613
41,Brooklyn,2025-12,42,505,20,0.9091
41,Brooklyn,2026-01,35,494,-11,-0.2391
41,Brooklyn,2026-02,38,499,5,0.1515
41,Brooklyn,2026-03,50,502,3,0.0638
41,Brooklyn,2026-04,30,489,-13,-0.3023
41,Brooklyn,2026-05,29,469,-20,-0.4082
41,Brooklyn,2026-06,26,455,-14,-0.35
42,Brooklyn,2017-01,72,,,
42,Brooklyn,2017-02,49,,,
42,Brooklyn,2017-03,54,,,
42,Brooklyn,2017-04,51,,,
42,Brooklyn,2017-05,54,,,
42,Brooklyn,2017-06,65,,,
42,Brooklyn,2017-07,50,,,
42,Brooklyn,2017-08,65,,,
42,Brooklyn,2017-09,50,,,
42,Brooklyn,2017-10,59,,,
42,Brooklyn,2017-11,48,,,
42,Brooklyn,2017-12,44,661,,
42,Brooklyn,2018-01,62,651,-10,-0.1389
42,Brooklyn,2018-02,67,669,18,0.3673
42,Brooklyn,2018-03,55,670,1,0.0185
42,Brooklyn,2018-04,71,690,20,0.3922
42,Brooklyn,2018-05,62,698,8,0.1481
42,Brooklyn,2018-06,62,695,-3,-0.0462
42,Brooklyn,2018-07,53,698,3,0.06
42,Brooklyn,2018-08,49,682,-16,-0.2462
42,Brooklyn,2018-09,48,680,-2,-0.04
42,Brooklyn,2018-10,64,685,5,0.0847
42,Brooklyn,2018-11,33,670,-15,-0.3125
42,Brooklyn,2018-12,38,664,-6,-0.1364
42,Brooklyn,2019-01,67,669,5,0.0806
42,Brooklyn,2019-02,48,650,-19,-0.2836
42,Brooklyn,2019-03,63,658,8,0.1455
42,Brooklyn,2019-04,39,626,-32,-0.4507
42,Brooklyn,2019-05,64,628,2,0.0323
42,Brooklyn,2019-06,58,624,-4,-0.0645
42,Brooklyn,2019-07,61,632,8,0.1509
42,Brooklyn,2019-08,51,634,2,0.0408
42,Brooklyn,2019-09,61,647,13,0.2708
42,Brooklyn,2019-10,70,653,6,0.0938
42,Brooklyn,2019-11,30,650,-3,-0.0909
42,Brooklyn,2019-12,26,638,-12,-0.3158
42,Brooklyn,2020-01,42,613,-25,-0.3731
42,Brooklyn,2020-02,40,605,-8,-0.1667
42,Brooklyn,2020-03,13,555,-50,-0.7937
42,Brooklyn,2020-04,0,516,-39,-1.0
42,Brooklyn,2020-05,0,452,-64,-1.0
42,Brooklyn,2020-06,0,394,-58,-1.0
42,Brooklyn,2020-07,0,333,-61,-1.0
42,Brooklyn,2020-08,0,282,-51,-1.0
42,Brooklyn,2020-09,0,221,-61,-1.0
42,Brooklyn,2020-10,0,151,-70,-1.0
42,Brooklyn,2020-11,0,121,-30,-1.0
42,Brooklyn,2020-12,0,95,-26,-1.0
42,Brooklyn,2021-01,0,53,-42,-1.0
42,Brooklyn,2021-02,0,13,-40,-1.0
42,Brooklyn,2021-03,0,0,-13,-1.0
42,Brooklyn,2021-04,0,0,0,
42,Brooklyn,2021-05,0,0,0,
42,Brooklyn,2021-06,0,0,0,
42,Brooklyn,2021-07,0,0,0,
42,Brooklyn,2021-08,0,0,0,
42,Brooklyn,2021-09,2,2,2,
42,Brooklyn,2021-10,0,2,0,
42,Brooklyn,2021-11,1,3,1,
42,Brooklyn,2021-12,1,4,1,
42,Brooklyn,2022-01,2,6,2,
42,Brooklyn,2022-02,6,12,6,
42,Brooklyn,2022-03,7,19,7,
42,Brooklyn,2022-04,8,27,8,
42,Brooklyn,2022-05,13,40,13,
42,Brooklyn,2022-06,8,48,8,
42,Brooklyn,2022-07,19,67,19,
42,Brooklyn,2022-08,20,87,20,
42,Brooklyn,2022-09,17,102,15,7.5
42,Brooklyn,2022-10,15,117,15,
42,Brooklyn,2022-11,21,137,20,20.0
42,Brooklyn,2022-12,7,143,6,6.0
42,Brooklyn,2023-01,32,173,30,15.0
42,Brooklyn,2023-02,24,191,18,3.0
42,Brooklyn,2023-03,32,216,25,3.5714
42,Brooklyn,2023-04,22,230,14,1.75
42,Brooklyn,2023-05,28,245,15,1.1538
42,Brooklyn,2023-06,36,273,28,3.5
42,Brooklyn,2023-07,36,290,17,0.8947
42,Brooklyn,2023-08,41,311,21,1.05
42,Brooklyn,2023-09,29,323,12,0.7059
42,Brooklyn,2023-10,33,341,18,1.2
42,Brooklyn,2023-11,42,362,21,1.0
42,Brooklyn,2023-12,29,384,22,3.1429
42,Brooklyn,2024-01,54,406,22,0.6875
42,Brooklyn,2024-02,48,430,24,1.0
42,Brooklyn,2024-03,43,441,11,0.3438
42,Brooklyn,2024-04,40,459,18,0.8182
42,Brooklyn,2024-05,48,479,20,0.7143
42,Brooklyn,2024-06,44,487,8,0.2222
42,Brooklyn,2024-07,51,502,15,0.4167
42,Brooklyn,2024-08,65,526,24,0.5854
42,Brooklyn,2024-09,40,537,11,0.3793
42,Brooklyn,2024-10,56,560,23,0.697
42,Brooklyn,2024-11,34,552,-8,-0.1905
42,Brooklyn,2024-12,37,560,8,0.2759
42,Brooklyn,2025-01,37,543,-17,-0.3148
42,Brooklyn,2025-02,57,552,9,0.1875
42,Brooklyn,2025-03,43,552,0,0.0
42,Brooklyn,2025-04,64,576,24,0.6
42,Brooklyn,2025-05,45,573,-3,-0.0625
42,Brooklyn,2025-06,43,572,-1,-0.0227
42,Brooklyn,2025-07,44,565,-7,-0.1373
42,Brooklyn,2025-08,50,550,-15,-0.2308
42,Brooklyn,2025-09,31,541,-9,-0.225
42,Brooklyn,2025-10,43,528,-13,-0.2321
42,Brooklyn,2025-11,35,529,1,0.0294
42,Brooklyn,2025-12,28,520,-9,-0.2432
42,Brooklyn,2026-01,37,520,0,0.0
42,Brooklyn,2026-02,33,496,-24,-0.4211
42,Brooklyn,2026-03,51,504,8,0.186
42,Brooklyn,2026-04,29,469,-35,-0.5469
42,Brooklyn,2026-05,36,460,-9,-0.2
42,Brooklyn,2026-06,33,450,-10,-0.2326
43,Brooklyn,2017-01,17,,,
43,Brooklyn,2017-02,16,,,
43,Brooklyn,2017-03,19,,,
43,Brooklyn,2017-04,15,,,
43,Brooklyn,2017-05,14,,,
43,Brooklyn,2017-06,24,,,
43,Brooklyn,2017-07,20,,,
43,Brooklyn,2017-08,14,,,
43,Brooklyn,2017-09,11,,,
43,Brooklyn,2017-10,14,,,
43,Brooklyn,2017-11,13,,,
43,Brooklyn,2017-12,11,188,,
43,Brooklyn,2018-01,18,189,1,0.0588
43,Brooklyn,2018-02,8,181,-8,-0.5
43,Brooklyn,2018-03,20,182,1,0.0526
43,Brooklyn,2018-04,22,189,7,0.4667
43,Brooklyn,2018-05,22,197,8,0.5714
43,Brooklyn,2018-06,14,187,-10,-0.4167
43,Brooklyn,2018-07,16,183,-4,-0.2
43,Brooklyn,2018-08,24,193,10,0.7143
43,Brooklyn,2018-09,16,198,5,0.4545
43,Brooklyn,2018-10,16,200,2,0.1429
43,Brooklyn,2018-11,10,197,-3,-0.2308
43,Brooklyn,2018-12,13,199,2,0.1818
43,Brooklyn,2019-01,22,203,4,0.2222
43,Brooklyn,2019-02,8,203,0,0.0
43,Brooklyn,2019-03,14,197,-6,-0.3
43,Brooklyn,2019-04,17,192,-5,-0.2273
43,Brooklyn,2019-05,10,180,-12,-0.5455
43,Brooklyn,2019-06,18,184,4,0.2857
43,Brooklyn,2019-07,12,180,-4,-0.25
43,Brooklyn,2019-08,15,171,-9,-0.375
43,Brooklyn,2019-09,9,164,-7,-0.4375
43,Brooklyn,2019-10,5,153,-11,-0.6875
43,Brooklyn,2019-11,8,151,-2,-0.2
43,Brooklyn,2019-12,9,147,-4,-0.3077
43,Brooklyn,2020-01,17,142,-5,-0.2273
43,Brooklyn,2020-02,15,149,7,0.875
43,Brooklyn,2020-03,6,141,-8,-0.5714
43,Brooklyn,2020-04,0,124,-17,-1.0
43,Brooklyn,2020-05,0,114,-10,-1.0
43,Brooklyn,2020-06,0,96,-18,-1.0
43,Brooklyn,2020-07,0,84,-12,-1.0
43,Brooklyn,2020-08,0,69,-15,-1.0
43,Brooklyn,2020-09,0,60,-9,-1.0
43,Brooklyn,2020-10,0,55,-5,-1.0
43,Brooklyn,2020-11,0,47,-8,-1.0
43,Brooklyn,2020-12,0,38,-9,-1.0
43,Brooklyn,2021-01,0,21,-17,-1.0
43,Brooklyn,2021-02,0,6,-15,-1.0
43,Brooklyn,2021-03,0,0,-6,-1.0
43,Brooklyn,2021-04,0,0,0,
43,Brooklyn,2021-05,0,0,0,
43,Brooklyn,2021-06,0,0,0,
43,Brooklyn,2021-07,2,2,2,
43,Brooklyn,2021-08,0,2,0,
43,Brooklyn,2021-09,0,2,0,
43,Brooklyn,2021-10,0,2,0,
43,Brooklyn,2021-11,0,2,0,
43,Brooklyn,2021-12,0,2,0,
43,Brooklyn,2022-01,2,4,2,
43,Brooklyn,2022-02,2,6,2,
43,Brooklyn,2022-03,8,14,8,
43,Brooklyn,2022-04,3,17,3,
43,Brooklyn,2022-05,6,23,6,
43,Brooklyn,2022-06,2,25,2,
43,Brooklyn,2022-07,9,32,7,3.5
43,Brooklyn,2022-08,5,37,5,
43,Brooklyn,2022-09,12,49,12,
43,Brooklyn,2022-10,10,59,10,
43,Brooklyn,2022-11,5,64,5,
43,Brooklyn,2022-12,7,71,7,
43,Brooklyn,2023-01,16,85,14,7.0
43,Brooklyn,2023-02,9,92,7,3.5
43,Brooklyn,2023-03,19,103,11,1.375
43,Brooklyn,2023-04,11,111,8,2.6667
43,Brooklyn,2023-05,9,114,3,0.5
43,Brooklyn,2023-06,15,127,13,6.5
43,Brooklyn,2023-07,9,127,0,0.0
43,Brooklyn,2023-08,11,133,6,1.2
43,Brooklyn,2023-09,14,135,2,0.1667
43,Brooklyn,2023-10,9,134,-1,-0.1
43,Brooklyn,2023-11,6,135,1,0.2
43,Brooklyn,2023-12,12,140,5,0.7143
43,Brooklyn,2024-01,14,138,-2,-0.125
43,Brooklyn,2024-02,11,140,2,0.2222
43,Brooklyn,2024-03,13,134,-6,-0.3158
43,Brooklyn,2024-04,7,130,-4,-0.3636
43,Brooklyn,2024-05,9,130,0,0.0
43,Brooklyn,2024-06,11,126,-4,-0.2667
43,Brooklyn,2024-07,13,130,4,0.4444
43,Brooklyn,2024-08,6,125,-5,-0.4545
43,Brooklyn,2024-09,10,121,-4,-0.2857
43,Brooklyn,2024-10,9,121,0,0.0
43,Brooklyn,2024-11,12,127,6,1.0
43,Brooklyn,2024-12,7,122,-5,-0.4167
43,Brooklyn,2025-01,8,116,-6,-0.4286
43,Brooklyn,2025-02,9,114,-2,-0.1818
43,Brooklyn,2025-03,23,124,10,0.7692
43,Brooklyn,2025-04,9,126,2,0.2857
43,Brooklyn,2025-05,27,144,18,2.0
43,Brooklyn,2025-06,6,139,-5,-0.4545
43,Brooklyn,2025-07,6,132,-7,-0.5385
43,Brooklyn,2025-08,17,143,11,1.8333
43,Brooklyn,2025-09,15,148,5,0.5
43,Brooklyn,2025-10,12,151,3,0.3333
43,Brooklyn,2025-11,6,145,-6,-0.5
43,Brooklyn,2025-12,4,142,-3,-0.4286
43,Brooklyn,2026-01,11,145,3,0.375
43,Brooklyn,2026-02,7,143,-2,-0.2222
43,Brooklyn,2026-03,14,134,-9,-0.3913
43,Brooklyn,2026-04,10,135,1,0.1111
43,Brooklyn,2026-05,9,117,-18,-0.6667
43,Brooklyn,2026-06,8,119,2,0.3333
44,Brooklyn,2017-01,10,,,
44,Brooklyn,2017-02,11,,,
44,Brooklyn,2017-03,12,,,
44,Brooklyn,2017-04,9,,,
44,Brooklyn,2017-05,11,,,
44,Brooklyn,2017-06,15,,,
44,Brooklyn,2017-07,10,,,
44,Brooklyn,2017-08,13,,,
44,Brooklyn,2017-09,8,,,
44,Brooklyn,2017-10,11,,,
44,Brooklyn,2017-11,9,,,
44,Brooklyn,2017-12,6,125,,
44,Brooklyn,2018-01,11,126,1,0.1
44,Brooklyn,2018-02,11,126,0,0.0
44,Brooklyn,2018-03,9,123,-3,-0.25
44,Brooklyn,2018-04,9,123,0,0.0
44,Brooklyn,2018-05,17,129,6,0.5455
44,Brooklyn,2018-06,10,124,-5,-0.3333
44,Brooklyn,2018-07,13,127,3,0.3
44,Brooklyn,2018-08,9,123,-4,-0.3077
44,Brooklyn,2018-09,19,134,11,1.375
44,Brooklyn,2018-10,6,129,-5,-0.4545
44,Brooklyn,2018-11,9,129,0,0.0
44,Brooklyn,2018-12,7,130,1,0.1667
44,Brooklyn,2019-01,12,131,1,0.0909
44,Brooklyn,2019-02,9,129,-2,-0.1818
44,Brooklyn,2019-03,14,134,5,0.5556
44,Brooklyn,2019-04,9,134,0,0.0
44,Brooklyn,2019-05,7,124,-10,-0.5882
44,Brooklyn,2019-06,14,128,4,0.4
44,Brooklyn,2019-07,8,123,-5,-0.3846
44,Brooklyn,2019-08,7,121,-2,-0.2222
44,Brooklyn,2019-09,14,116,-5,-0.2632
44,Brooklyn,2019-10,6,116,0,0.0
44,Brooklyn,2019-11,4,111,-5,-0.5556
44,Brooklyn,2019-12,8,112,1,0.1429
44,Brooklyn,2020-01,8,108,-4,-0.3333
44,Brooklyn,2020-02,8,107,-1,-0.1111
44,Brooklyn,2020-03,8,101,-6,-0.4286
44,Brooklyn,2020-04,0,92,-9,-1.0
44,Brooklyn,2020-05,0,85,-7,-1.0
44,Brooklyn,2020-06,0,71,-14,-1.0
44,Brooklyn,2020-07,0,63,-8,-1.0
44,Brooklyn,2020-08,0,56,-7,-1.0
44,Brooklyn,2020-09,0,42,-14,-1.0
44,Brooklyn,2020-10,0,36,-6,-1.0
44,Brooklyn,2020-11,0,32,-4,-1.0
44,Brooklyn,2020-12,0,24,-8,-1.0
44,Brooklyn,2021-01,0,16,-8,-1.0
44,Brooklyn,2021-02,0,8,-8,-1.0
44,Brooklyn,2021-03,0,0,-8,-1.0
44,Brooklyn,2021-04,0,0,0,
44,Brooklyn,2021-05,0,0,0,
44,Brooklyn,2021-06,0,0,0,
44,Brooklyn,2021-07,0,0,0,
44,Brooklyn,2021-08,0,0,0,
44,Brooklyn,2021-09,0,0,0,
44,Brooklyn,2021-10,1,1,1,
44,Brooklyn,2021-11,0,1,0,
44,Brooklyn,2021-12,0,1,0,
44,Brooklyn,2022-01,0,1,0,
44,Brooklyn,2022-02,1,2,1,
44,Brooklyn,2022-03,3,5,3,
44,Brooklyn,2022-04,0,5,0,
44,Brooklyn,2022-05,3,8,3,
44,Brooklyn,2022-06,4,12,4,
44,Brooklyn,2022-07,0,12,0,
44,Brooklyn,2022-08,3,15,3,
44,Brooklyn,2022-09,7,22,7,
44,Brooklyn,2022-10,3,24,2,2.0
44,Brooklyn,2022-11,9,33,9,
44,Brooklyn,2022-12,1,34,1,
44,Brooklyn,2023-01,10,44,10,
44,Brooklyn,2023-02,11,54,10,10.0
44,Brooklyn,2023-03,6,57,3,1.0
44,Brooklyn,2023-04,8,65,8,
44,Brooklyn,2023-05,16,78,13,4.3333
44,Brooklyn,2023-06,4,78,0,0.0
44,Brooklyn,2023-07,8,86,8,
44,Brooklyn,2023-08,13,96,10,3.3333
44,Brooklyn,2023-09,5,94,-2,-0.2857
44,Brooklyn,2023-10,7,98,4,1.3333
44,Brooklyn,2023-11,6,95,-3,-0.3333
44,Brooklyn,2023-12,4,98,3,3.0
44,Brooklyn,2024-01,8,96,-2,-0.2
44,Brooklyn,2024-02,7,92,-4,-0.3636
44,Brooklyn,2024-03,8,94,2,0.3333
44,Brooklyn,2024-04,4,90,-4,-0.5
44,Brooklyn,2024-05,12,86,-4,-0.25
44,Brooklyn,2024-06,5,87,1,0.25
44,Brooklyn,2024-07,4,83,-4,-0.5
44,Brooklyn,2024-08,10,80,-3,-0.2308
44,Brooklyn,2024-09,11,86,6,1.2
44,Brooklyn,2024-10,16,95,9,1.2857
44,Brooklyn,2024-11,9,98,3,0.5
44,Brooklyn,2024-12,3,97,-1,-0.25
44,Brooklyn,2025-01,7,96,-1,-0.125
44,Brooklyn,2025-02,6,95,-1,-0.1429
44,Brooklyn,2025-03,14,101,6,0.75
44,Brooklyn,2025-04,15,112,11,2.75
44,Brooklyn,2025-05,15,115,3,0.25
44,Brooklyn,2025-06,8,118,3,0.6
44,Brooklyn,2025-07,10,124,6,1.5
44,Brooklyn,2025-08,4,118,-6,-0.6
44,Brooklyn,2025-09,6,113,-5,-0.4545
44,Brooklyn,2025-10,9,106,-7,-0.4375
44,Brooklyn,2025-11,16,113,7,0.7778
44,Brooklyn,2025-12,5,115,2,0.6667
44,Brooklyn,2026-01,5,113,-2,-0.2857
44,Brooklyn,2026-02,8,115,2,0.3333
44,Brooklyn,2026-03,10,111,-4,-0.2857
44,Brooklyn,2026-04,5,101,-10,-0.6667
44,Brooklyn,2026-05,11,97,-4,-0.2667
44,Brooklyn,2026-06,4,93,-4,-0.5
45,Brooklyn,2017-01,48,,,
45,Brooklyn,2017-02,35,,,
45,Brooklyn,2017-03,40,,,
45,Brooklyn,2017-04,55,,,
45,Brooklyn,2017-05,44,,,
45,Brooklyn,2017-06,45,,,
45,Brooklyn,2017-07,28,,,
45,Brooklyn,2017-08,38,,,
45,Brooklyn,2017-09,28,,,
45,Brooklyn,2017-10,49,,,
45,Brooklyn,2017-11,60,,,
45,Brooklyn,2017-12,32,502,,
45,Brooklyn,2018-01,54,508,6,0.125
45,Brooklyn,2018-02,33,506,-2,-0.0571
45,Brooklyn,2018-03,46,512,6,0.15
45,Brooklyn,2018-04,45,502,-10,-0.1818
45,Brooklyn,2018-05,62,520,18,0.4091
45,Brooklyn,2018-06,39,514,-6,-0.1333
45,Brooklyn,2018-07,29,515,1,0.0357
45,Brooklyn,2018-08,47,524,9,0.2368
45,Brooklyn,2018-09,35,531,7,0.25
45,Brooklyn,2018-10,39,521,-10,-0.2041
45,Brooklyn,2018-11,47,508,-13,-0.2167
45,Brooklyn,2018-12,22,498,-10,-0.3125
45,Brooklyn,2019-01,39,483,-15,-0.2778
45,Brooklyn,2019-02,21,471,-12,-0.3636
45,Brooklyn,2019-03,25,450,-21,-0.4565
45,Brooklyn,2019-04,22,427,-23,-0.5111
45,Brooklyn,2019-05,34,399,-28,-0.4516
45,Brooklyn,2019-06,31,391,-8,-0.2051
45,Brooklyn,2019-07,42,404,13,0.4483
45,Brooklyn,2019-08,35,392,-12,-0.2553
45,Brooklyn,2019-09,37,394,2,0.0571
45,Brooklyn,2019-10,21,376,-18,-0.4615
45,Brooklyn,2019-11,24,353,-23,-0.4894
45,Brooklyn,2019-12,17,348,-5,-0.2273
45,Brooklyn,2020-01,37,346,-2,-0.0513
45,Brooklyn,2020-02,28,353,7,0.3333
45,Brooklyn,2020-03,23,351,-2,-0.08
45,Brooklyn,2020-04,0,329,-22,-1.0
45,Brooklyn,2020-05,0,295,-34,-1.0
45,Brooklyn,2020-06,0,264,-31,-1.0
45,Brooklyn,2020-07,0,222,-42,-1.0
45,Brooklyn,2020-08,0,187,-35,-1.0
45,Brooklyn,2020-09,0,150,-37,-1.0
45,Brooklyn,2020-10,0,129,-21,-1.0
45,Brooklyn,2020-11,0,105,-24,-1.0
45,Brooklyn,2020-12,0,88,-17,-1.0
45,Brooklyn,2021-01,0,51,-37,-1.0
45,Brooklyn,2021-02,0,23,-28,-1.0
45,Brooklyn,2021-03,0,0,-23,-1.0
45,Brooklyn,2021-04,0,0,0,
45,Brooklyn,2021-05,0,0,0,
45,Brooklyn,2021-06,0,0,0,
45,Brooklyn,2021-07,2,2,2,
45,Brooklyn,2021-08,1,3,1,
45,Brooklyn,2021-09,0,3,0,
45,Brooklyn,2021-10,0,3,0,
45,Brooklyn,2021-11,0,3,0,
45,Brooklyn,2021-12,2,5,2,
45,Brooklyn,2022-01,0,5,0,
45,Brooklyn,2022-02,4,9,4,
45,Brooklyn,2022-03,2,11,2,
45,Brooklyn,2022-04,8,19,8,
45,Brooklyn,2022-05,9,28,9,
45,Brooklyn,2022-06,10,38,10,
45,Brooklyn,2022-07,6,42,4,2.0
45,Brooklyn,2022-08,15,56,14,14.0
45,Brooklyn,2022-09,10,66,10,
45,Brooklyn,2022-10,19,85,19,
45,Brooklyn,2022-11,37,122,37,
45,Brooklyn,2022-12,11,131,9,4.5
45,Brooklyn,2023-01,28,159,28,
45,Brooklyn,2023-02,11,166,7,1.75
45,Brooklyn,2023-03,25,189,23,11.5
45,Brooklyn,2023-04,13,194,5,0.625
45,Brooklyn,2023-05,24,209,15,1.6667
45,Brooklyn,2023-06,30,229,20,2.0
45,Brooklyn,2023-07,23,246,17,2.8333
45,Brooklyn,2023-08,21,252,6,0.4
45,Brooklyn,2023-09,10,252,0,0.0
45,Brooklyn,2023-10,39,272,20,1.0526
45,Brooklyn,2023-11,44,279,7,0.1892
45,Brooklyn,2023-12,27,295,16,1.4545
45,Brooklyn,2024-01,38,305,10,0.3571
45,Brooklyn,2024-02,28,322,17,1.5455
45,Brooklyn,2024-03,26,323,1,0.04
45,Brooklyn,2024-04,36,346,23,1.7692
45,Brooklyn,2024-05,45,367,21,0.875
45,Brooklyn,2024-06,40,377,10,0.3333
45,Brooklyn,2024-07,33,387,10,0.4348
45,Brooklyn,2024-08,36,402,15,0.7143
45,Brooklyn,2024-09,32,424,22,2.2
45,Brooklyn,2024-10,17,402,-22,-0.5641
45,Brooklyn,2024-11,35,393,-9,-0.2045
45,Brooklyn,2024-12,20,386,-7,-0.2593
45,Brooklyn,2025-01,19,367,-19,-0.5
45,Brooklyn,2025-02,29,368,1,0.0357
45,Brooklyn,2025-03,51,393,25,0.9615
45,Brooklyn,2025-04,39,396,3,0.0833
45,Brooklyn,2025-05,37,388,-8,-0.1778
45,Brooklyn,2025-06,23,371,-17,-0.425
45,Brooklyn,2025-07,32,370,-1,-0.0303
45,Brooklyn,2025-08,31,365,-5,-0.1389
45,Brooklyn,2025-09,16,349,-16,-0.5
45,Brooklyn,2025-10,27,359,10,0.5882
45,Brooklyn,2025-11,20,344,-15,-0.4286
45,Brooklyn,2025-12,23,347,3,0.15
45,Brooklyn,2026-01,21,349,2,0.1053
45,Brooklyn,2026-02,26,346,-3,-0.1034
45,Brooklyn,2026-03,33,328,-18,-0.3529
45,Brooklyn,2026-04,20,309,-19,-0.4872
45,Brooklyn,2026-05,30,302,-7,-0.1892
45,Brooklyn,2026-06,24,303,1,0.0435
46,Brooklyn,2017-01,18,,,
46,Brooklyn,2017-02,22,,,
46,Brooklyn,2017-03,29,,,
46,Brooklyn,2017-04,30,,,
46,Brooklyn,2017-05,20,,,
46,Brooklyn,2017-06,19,,,
46,Brooklyn,2017-07,20,,,
46,Brooklyn,2017-08,18,,,
46,Brooklyn,2017-09,14,,,
46,Brooklyn,2017-10,26,,,
46,Brooklyn,2017-11,19,,,
46,Brooklyn,2017-12,19,254,,
46,Brooklyn,2018-01,28,264,10,0.5556
46,Brooklyn,2018-02,27,269,5,0.2273
46,Brooklyn,2018-03,28,268,-1,-0.0345
46,Brooklyn,2018-04,22,260,-8,-0.2667
46,Brooklyn,2018-05,27,267,7,0.35
46,Brooklyn,2018-06,21,269,2,0.1053
46,Brooklyn,2018-07,20,269,0,0.0
46,Brooklyn,2018-08,36,287,18,1.0
46,Brooklyn,2018-09,25,298,11,0.7857
46,Brooklyn,2018-10,25,297,-1,-0.0385
46,Brooklyn,2018-11,13,291,-6,-0.3158
46,Brooklyn,2018-12,12,284,-7,-0.3684
46,Brooklyn,2019-01,26,282,-2,-0.0714
46,Brooklyn,2019-02,21,276,-6,-0.2222
46,Brooklyn,2019-03,16,264,-12,-0.4286
46,Brooklyn,2019-04,19,261,-3,-0.1364
46,Brooklyn,2019-05,22,256,-5,-0.1852
46,Brooklyn,2019-06,22,257,1,0.0476
46,Brooklyn,2019-07,24,261,4,0.2
46,Brooklyn,2019-08,22,247,-14,-0.3889
46,Brooklyn,2019-09,20,242,-5,-0.2
46,Brooklyn,2019-10,32,249,7,0.28
46,Brooklyn,2019-11,15,251,2,0.1538
46,Brooklyn,2019-12,14,253,2,0.1667
46,Brooklyn,2020-01,23,250,-3,-0.1154
46,Brooklyn,2020-02,15,244,-6,-0.2857
46,Brooklyn,2020-03,9,237,-7,-0.4375
46,Brooklyn,2020-04,0,218,-19,-1.0
46,Brooklyn,2020-05,0,196,-22,-1.0
46,Brooklyn,2020-06,0,174,-22,-1.0
46,Brooklyn,2020-07,0,150,-24,-1.0
46,Brooklyn,2020-08,0,128,-22,-1.0
46,Brooklyn,2020-09,0,108,-20,-1.0
46,Brooklyn,2020-10,0,76,-32,-1.0
46,Brooklyn,2020-11,0,61,-15,-1.0
46,Brooklyn,2020-12,0,47,-14,-1.0
46,Brooklyn,2021-01,0,24,-23,-1.0
46,Brooklyn,2021-02,0,9,-15,-1.0
46,Brooklyn,2021-03,0,0,-9,-1.0
46,Brooklyn,2021-04,0,0,0,
46,Brooklyn,2021-05,2,2,2,
46,Brooklyn,2021-06,0,2,0,
46,Brooklyn,2021-07,0,2,0,
46,Brooklyn,2021-08,0,2,0,
46,Brooklyn,2021-09,0,2,0,
46,Brooklyn,2021-10,0,2,0,
46,Brooklyn,2021-11,0,2,0,
46,Brooklyn,2021-12,0,2,0,
46,Brooklyn,2022-01,1,3,1,
46,Brooklyn,2022-02,2,5,2,
46,Brooklyn,2022-03,4,9,4,
46,Brooklyn,2022-04,6,15,6,
46,Brooklyn,2022-05,7,20,5,2.5
46,Brooklyn,2022-06,5,25,5,
46,Brooklyn,2022-07,10,35,10,
46,Brooklyn,2022-08,11,46,11,
46,Brooklyn,2022-09,11,57,11,
46,Brooklyn,2022-10,13,70,13,
46,Brooklyn,2022-11,6,76,6,
46,Brooklyn,2022-12,4,80,4,
46,Brooklyn,2023-01,17,96,16,16.0
46,Brooklyn,2023-02,15,109,13,6.5
46,Brooklyn,2023-03,16,121,12,3.0
46,Brooklyn,2023-04,9,124,3,0.5
46,Brooklyn,2023-05,9,126,2,0.2857
46,Brooklyn,2023-06,10,131,5,1.0
46,Brooklyn,2023-07,21,142,11,1.1
46,Brooklyn,2023-08,11,142,0,0.0
46,Brooklyn,2023-09,14,145,3,0.2727
46,Brooklyn,2023-10,15,147,2,0.1538
46,Brooklyn,2023-11,4,145,-2,-0.3333
46,Brooklyn,2023-12,5,146,1,0.25
46,Brooklyn,2024-01,13,142,-4,-0.2353
46,Brooklyn,2024-02,15,142,0,0.0
46,Brooklyn,2024-03,20,146,4,0.25
46,Brooklyn,2024-04,11,148,2,0.2222
46,Brooklyn,2024-05,18,157,9,1.0
46,Brooklyn,2024-06,15,162,5,0.5
46,Brooklyn,2024-07,10,151,-11,-0.5238
46,Brooklyn,2024-08,10,150,-1,-0.0909
46,Brooklyn,2024-09,7,143,-7,-0.5
46,Brooklyn,2024-10,7,135,-8,-0.5333
46,Brooklyn,2024-11,9,140,5,1.25
46,Brooklyn,2024-12,1,136,-4,-0.8
46,Brooklyn,2025-01,8,131,-5,-0.3846
46,Brooklyn,2025-02,13,129,-2,-0.1333
46,Brooklyn,2025-03,14,123,-6,-0.3
46,Brooklyn,2025-04,18,130,7,0.6364
46,Brooklyn,2025-05,14,126,-4,-0.2222
46,Brooklyn,2025-06,20,131,5,0.3333
46,Brooklyn,2025-07,9,130,-1,-0.1
46,Brooklyn,2025-08,11,131,1,0.1
46,Brooklyn,2025-09,10,134,3,0.4286
46,Brooklyn,2025-10,12,139,5,0.7143
46,Brooklyn,2025-11,9,139,0,0.0
46,Brooklyn,2025-12,13,151,12,12.0
46,Brooklyn,2026-01,11,154,3,0.375
46,Brooklyn,2026-02,5,146,-8,-0.6154
46,Brooklyn,2026-03,13,145,-1,-0.0714
46,Brooklyn,2026-04,12,139,-6,-0.3333
46,Brooklyn,2026-05,3,128,-11,-0.7857
46,Brooklyn,2026-06,3,111,-17,-0.85
47,Brooklyn,2017-01,24,,,
47,Brooklyn,2017-02,22,,,
47,Brooklyn,2017-03,20,,,
47,Brooklyn,2017-04,21,,,
47,Brooklyn,2017-05,20,,,
47,Brooklyn,2017-06,16,,,
47,Brooklyn,2017-07,16,,,
47,Brooklyn,2017-08,12,,,
47,Brooklyn,2017-09,16,,,
47,Brooklyn,2017-10,24,,,
47,Brooklyn,2017-11,12,,,
47,Brooklyn,2017-12,13,216,,
47,Brooklyn,2018-01,16,208,-8,-0.3333
47,Brooklyn,2018-02,11,197,-11,-0.5
47,Brooklyn,2018-03,16,193,-4,-0.2
47,Brooklyn,2018-04,26,198,5,0.2381
47,Brooklyn,2018-05,19,197,-1,-0.05
47,Brooklyn,2018-06,22,203,6,0.375
47,Brooklyn,2018-07,20,207,4,0.25
47,Brooklyn,2018-08,16,211,4,0.3333
47,Brooklyn,2018-09,10,205,-6,-0.375
47,Brooklyn,2018-10,27,208,3,0.125
47,Brooklyn,2018-11,20,216,8,0.6667
47,Brooklyn,2018-12,13,216,0,0.0
47,Brooklyn,2019-01,30,230,14,0.875
47,Brooklyn,2019-02,22,241,11,1.0
47,Brooklyn,2019-03,20,245,4,0.25
47,Brooklyn,2019-04,14,233,-12,-0.4615
47,Brooklyn,2019-05,15,229,-4,-0.2105
47,Brooklyn,2019-06,16,223,-6,-0.2727
47,Brooklyn,2019-07,20,223,0,0.0
47,Brooklyn,2019-08,22,229,6,0.375
47,Brooklyn,2019-09,15,234,5,0.5
47,Brooklyn,2019-10,24,231,-3,-0.1111
47,Brooklyn,2019-11,11,222,-9,-0.45
47,Brooklyn,2019-12,6,215,-7,-0.5385
47,Brooklyn,2020-01,18,203,-12,-0.4
47,Brooklyn,2020-02,15,196,-7,-0.3182
47,Brooklyn,2020-03,11,187,-9,-0.45
47,Brooklyn,2020-04,0,173,-14,-1.0
47,Brooklyn,2020-05,0,158,-15,-1.0
47,Brooklyn,2020-06,0,142,-16,-1.0
47,Brooklyn,2020-07,0,122,-20,-1.0
47,Brooklyn,2020-08,0,100,-22,-1.0
47,Brooklyn,2020-09,0,85,-15,-1.0
47,Brooklyn,2020-10,0,61,-24,-1.0
47,Brooklyn,2020-11,0,50,-11,-1.0
47,Brooklyn,2020-12,0,44,-6,-1.0
47,Brooklyn,2021-01,0,26,-18,-1.0
47,Brooklyn,2021-02,0,11,-15,-1.0
47,Brooklyn,2021-03,0,0,-11,-1.0
47,Brooklyn,2021-04,0,0,0,
47,Brooklyn,2021-05,0,0,0,
47,Brooklyn,2021-06,0,0,0,
47,Brooklyn,2021-07,0,0,0,
47,Brooklyn,2021-08,1,1,1,
47,Brooklyn,2021-09,0,1,0,
47,Brooklyn,2021-10,0,1,0,
47,Brooklyn,2021-11,0,1,0,
47,Brooklyn,2021-12,1,2,1,
47,Brooklyn,2022-01,1,3,1,
47,Brooklyn,2022-02,1,4,1,
47,Brooklyn,2022-03,3,7,3,
47,Brooklyn,2022-04,5,12,5,
47,Brooklyn,2022-05,2,14,2,
47,Brooklyn,2022-06,7,21,7,
47,Brooklyn,2022-07,8,29,8,
47,Brooklyn,2022-08,8,36,7,7.0
47,Brooklyn,2022-09,4,40,4,
47,Brooklyn,2022-10,8,48,8,
47,Brooklyn,2022-11,10,58,10,
47,Brooklyn,2022-12,9,66,8,8.0
47,Brooklyn,2023-01,9,74,8,8.0
47,Brooklyn,2023-02,10,83,9,9.0
47,Brooklyn,2023-03,18,98,15,5.0
47,Brooklyn,2023-04,11,104,6,1.2
47,Brooklyn,2023-05,16,118,14,7.0
47,Brooklyn,2023-06,17,128,10,1.4286
47,Brooklyn,2023-07,9,129,1,0.125
47,Brooklyn,2023-08,17,138,9,1.125
47,Brooklyn,2023-09,14,148,10,2.5
47,Brooklyn,2023-10,16,156,8,1.0
47,Brooklyn,2023-11,14,160,4,0.4
47,Brooklyn,2023-12,9,160,0,0.0
47,Brooklyn,2024-01,16,167,7,0.7778
47,Brooklyn,2024-02,11,168,1,0.1
47,Brooklyn,2024-03,19,169,1,0.0556
47,Brooklyn,2024-04,14,172,3,0.2727
47,Brooklyn,2024-05,16,172,0,0.0
47,Brooklyn,2024-06,18,173,1,0.0588
47,Brooklyn,2024-07,12,176,3,0.3333
47,Brooklyn,2024-08,20,179,3,0.1765
47,Brooklyn,2024-09,4,169,-10,-0.7143
47,Brooklyn,2024-10,17,170,1,0.0625
47,Brooklyn,2024-11,11,167,-3,-0.2143
47,Brooklyn,2024-12,20,178,11,1.2222
47,Brooklyn,2025-01,16,178,0,0.0
47,Brooklyn,2025-02,10,177,-1,-0.0909
47,Brooklyn,2025-03,19,177,0,0.0
47,Brooklyn,2025-04,18,181,4,0.2857
47,Brooklyn,2025-05,15,180,-1,-0.0625
47,Brooklyn,2025-06,19,181,1,0.0556
47,Brooklyn,2025-07,8,177,-4,-0.3333
47,Brooklyn,2025-08,16,173,-4,-0.2
47,Brooklyn,2025-09,24,193,20,5.0
47,Brooklyn,2025-10,12,188,-5,-0.2941
47,Brooklyn,2025-11,17,194,6,0.5455
47,Brooklyn,2025-12,9,183,-11,-0.55
47,Brooklyn,2026-01,10,177,-6,-0.375
47,Brooklyn,2026-02,16,183,6,0.6
47,Brooklyn,2026-03,17,181,-2,-0.1053
47,Brooklyn,2026-04,11,174,-7,-0.3889
47,Brooklyn,2026-05,17,176,2,0.1333
47,Brooklyn,2026-06,6,163,-13,-0.6842
48,Brooklyn,2017-01,22,,,
48,Brooklyn,2017-02,17,,,
48,Brooklyn,2017-03,18,,,
48,Brooklyn,2017-04,23,,,
48,Brooklyn,2017-05,18,,,
48,Brooklyn,2017-06,20,,,
48,Brooklyn,2017-07,12,,,
48,Brooklyn,2017-08,16,,,
48,Brooklyn,2017-09,18,,,
48,Brooklyn,2017-10,26,,,
48,Brooklyn,2017-11,9,,,
48,Brooklyn,2017-12,10,209,,
48,Brooklyn,2018-01,19,206,-3,-0.1364
48,Brooklyn,2018-02,12,201,-5,-0.2941
48,Brooklyn,2018-03,25,208,7,0.3889
48,Brooklyn,2018-04,22,207,-1,-0.0435
48,Brooklyn,2018-05,20,209,2,0.1111
48,Brooklyn,2018-06,29,218,9,0.45
48,Brooklyn,2018-07,23,229,11,0.9167
48,Brooklyn,2018-08,17,230,1,0.0625
48,Brooklyn,2018-09,15,227,-3,-0.1667
48,Brooklyn,2018-10,25,226,-1,-0.0385
48,Brooklyn,2018-11,14,231,5,0.5556
48,Brooklyn,2018-12,18,239,8,0.8
48,Brooklyn,2019-01,18,238,-1,-0.0526
48,Brooklyn,2019-02,12,238,0,0.0
48,Brooklyn,2019-03,19,232,-6,-0.24
48,Brooklyn,2019-04,16,226,-6,-0.2727
48,Brooklyn,2019-05,16,222,-4,-0.2
48,Brooklyn,2019-06,26,219,-3,-0.1034
48,Brooklyn,2019-07,14,210,-9,-0.3913
48,Brooklyn,2019-08,20,213,3,0.1765
48,Brooklyn,2019-09,13,211,-2,-0.1333
48,Brooklyn,2019-10,14,200,-11,-0.44
48,Brooklyn,2019-11,12,198,-2,-0.1429
48,Brooklyn,2019-12,9,189,-9,-0.5
48,Brooklyn,2020-01,16,187,-2,-0.1111
48,Brooklyn,2020-02,9,184,-3,-0.25
48,Brooklyn,2020-03,2,167,-17,-0.8947
48,Brooklyn,2020-04,0,151,-16,-1.0
48,Brooklyn,2020-05,0,135,-16,-1.0
48,Brooklyn,2020-06,0,109,-26,-1.0
48,Brooklyn,2020-07,0,95,-14,-1.0
48,Brooklyn,2020-08,0,75,-20,-1.0
48,Brooklyn,2020-09,0,62,-13,-1.0
48,Brooklyn,2020-10,0,48,-14,-1.0
48,Brooklyn,2020-11,0,36,-12,-1.0
48,Brooklyn,2020-12,0,27,-9,-1.0
48,Brooklyn,2021-01,0,11,-16,-1.0
48,Brooklyn,2021-02,0,2,-9,-1.0
48,Brooklyn,2021-03,0,0,-2,-1.0
48,Brooklyn,2021-04,0,0,0,
48,Brooklyn,2021-05,0,0,0,
48,Brooklyn,2021-06,0,0,0,
48,Brooklyn,2021-07,0,0,0,
48,Brooklyn,2021-08,1,1,1,
48,Brooklyn,2021-09,0,1,0,
48,Brooklyn,2021-10,0,1,0,
48,Brooklyn,2021-11,0,1,0,
48,Brooklyn,2021-12,1,2,1,
48,Brooklyn,2022-01,2,4,2,
48,Brooklyn,2022-02,2,6,2,
48,Brooklyn,2022-03,5,11,5,
48,Brooklyn,2022-04,4,15,4,
48,Brooklyn,2022-05,3,18,3,
48,Brooklyn,2022-06,5,23,5,
48,Brooklyn,2022-07,4,27,4,
48,Brooklyn,2022-08,12,38,11,11.0
48,Brooklyn,2022-09,5,43,5,
48,Brooklyn,2022-10,10,53,10,
48,Brooklyn,2022-11,10,63,10,
48,Brooklyn,2022-12,12,74,11,11.0
48,Brooklyn,2023-01,14,86,12,6.0
48,Brooklyn,2023-02,11,95,9,4.5
48,Brooklyn,2023-03,18,108,13,2.6
48,Brooklyn,2023-04,13,117,9,2.25
48,Brooklyn,2023-05,19,133,16,5.3333
48,Brooklyn,2023-06,14,142,9,1.8
48,Brooklyn,2023-07,9,147,5,1.25
48,Brooklyn,2023-08,11,146,-1,-0.0833
48,Brooklyn,2023-09,10,151,5,1.0
48,Brooklyn,2023-10,11,152,1,0.1
48,Brooklyn,2023-11,13,155,3,0.3
48,Brooklyn,2023-12,8,151,-4,-0.3333
48,Brooklyn,2024-01,16,153,2,0.1429
48,Brooklyn,2024-02,16,158,5,0.4545
48,Brooklyn,2024-03,23,163,5,0.2778
48,Brooklyn,2024-04,11,161,-2,-0.1538
48,Brooklyn,2024-05,23,165,4,0.2105
48,Brooklyn,2024-06,15,166,1,0.0714
48,Brooklyn,2024-07,15,172,6,0.6667
48,Brooklyn,2024-08,11,172,0,0.0
48,Brooklyn,2024-09,15,177,5,0.5
48,Brooklyn,2024-10,10,176,-1,-0.0909
48,Brooklyn,2024-11,7,170,-6,-0.4615
48,Brooklyn,2024-12,14,176,6,0.75
48,Brooklyn,2025-01,16,176,0,0.0
48,Brooklyn,2025-02,18,178,2,0.125
48,Brooklyn,2025-03,16,171,-7,-0.3043
48,Brooklyn,2025-04,20,180,9,0.8182
48,Brooklyn,2025-05,24,181,1,0.0435
48,Brooklyn,2025-06,21,187,6,0.4
48,Brooklyn,2025-07,10,182,-5,-0.3333
48,Brooklyn,2025-08,15,186,4,0.3636
48,Brooklyn,2025-09,23,194,8,0.5333
48,Brooklyn,2025-10,13,197,3,0.3
48,Brooklyn,2025-11,7,197,0,0.0
48,Brooklyn,2025-12,11,194,-3,-0.2143
48,Brooklyn,2026-01,15,193,-1,-0.0625
48,Brooklyn,2026-02,12,187,-6,-0.3333
48,Brooklyn,2026-03,19,190,3,0.1875
48,Brooklyn,2026-04,13,183,-7,-0.35
48,Brooklyn,2026-05,9,168,-15,-0.625
48,Brooklyn,2026-06,9,156,-12,-0.5714
49,Staten Island,2017-01,36,,,
49,Staten Island,2017-02,34,,,
49,Staten Island,2017-03,29,,,
49,Staten Island,2017-04,35,,,
49,Staten Island,2017-05,35,,,
49,Staten Island,2017-06,25,,,
49,Staten Island,2017-07,27,,,
49,Staten Island,2017-08,35,,,
49,Staten Island,2017-09,22,,,
49,Staten Island,2017-10,38,,,
49,Staten Island,2017-11,31,,,
49,Staten Island,2017-12,3,350,,
49,Staten Island,2018-01,37,351,1,0.0278
49,Staten Island,2018-02,29,346,-5,-0.1471
49,Staten Island,2018-03,26,343,-3,-0.1034
49,Staten Island,2018-04,42,350,7,0.2
49,Staten Island,2018-05,27,342,-8,-0.2286
49,Staten Island,2018-06,28,345,3,0.12
49,Staten Island,2018-07,23,341,-4,-0.1481
49,Staten Island,2018-08,25,331,-10,-0.2857
49,Staten Island,2018-09,25,334,3,0.1364
49,Staten Island,2018-10,36,332,-2,-0.0526
49,Staten Island,2018-11,28,329,-3,-0.0968
49,Staten Island,2018-12,28,354,25,8.3333
49,Staten Island,2019-01,26,343,-11,-0.2973
49,Staten Island,2019-02,38,352,9,0.3103
49,Staten Island,2019-03,25,351,-1,-0.0385
49,Staten Island,2019-04,33,342,-9,-0.2143
49,Staten Island,2019-05,38,353,11,0.4074
49,Staten Island,2019-06,44,369,16,0.5714
49,Staten Island,2019-07,34,380,11,0.4783
49,Staten Island,2019-08,26,381,1,0.04
49,Staten Island,2019-09,27,383,2,0.08
49,Staten Island,2019-10,29,376,-7,-0.1944
49,Staten Island,2019-11,19,367,-9,-0.3214
49,Staten Island,2019-12,13,352,-15,-0.5357
49,Staten Island,2020-01,29,355,3,0.1154
49,Staten Island,2020-02,15,332,-23,-0.6053
49,Staten Island,2020-03,11,318,-14,-0.56
49,Staten Island,2020-04,0,285,-33,-1.0
49,Staten Island,2020-05,0,247,-38,-1.0
49,Staten Island,2020-06,0,203,-44,-1.0
49,Staten Island,2020-07,0,169,-34,-1.0
49,Staten Island,2020-08,0,143,-26,-1.0
49,Staten Island,2020-09,0,116,-27,-1.0
49,Staten Island,2020-10,0,87,-29,-1.0
49,Staten Island,2020-11,0,68,-19,-1.0
49,Staten Island,2020-12,3,58,-10,-0.7692
49,Staten Island,2021-01,0,29,-29,-1.0
49,Staten Island,2021-02,0,14,-15,-1.0
49,Staten Island,2021-03,0,3,-11,-1.0
49,Staten Island,2021-04,0,3,0,
49,Staten Island,2021-05,0,3,0,
49,Staten Island,2021-06,1,4,1,
49,Staten Island,2021-07,3,7,3,
49,Staten Island,2021-08,6,13,6,
49,Staten Island,2021-09,1,14,1,
49,Staten Island,2021-10,2,16,2,
49,Staten Island,2021-11,1,17,1,
49,Staten Island,2021-12,2,16,-1,-0.3333
49,Staten Island,2022-01,9,25,9,
49,Staten Island,2022-02,8,33,8,
49,Staten Island,2022-03,7,40,7,
49,Staten Island,2022-04,6,46,6,
49,Staten Island,2022-05,14,60,14,
49,Staten Island,2022-06,8,67,7,7.0
49,Staten Island,2022-07,12,76,9,3.0
49,Staten Island,2022-08,11,81,5,0.8333
49,Staten Island,2022-09,12,92,11,11.0
49,Staten Island,2022-10,14,104,12,6.0
49,Staten Island,2022-11,21,124,20,20.0
49,Staten Island,2022-12,16,138,14,7.0
49,Staten Island,2023-01,26,155,17,1.8889
49,Staten Island,2023-02,23,170,15,1.875
49,Staten Island,2023-03,18,181,11,1.5714
49,Staten Island,2023-04,25,200,19,3.1667
49,Staten Island,2023-05,28,214,14,1.0
49,Staten Island,2023-06,47,253,39,4.875
49,Staten Island,2023-07,27,268,15,1.25
49,Staten Island,2023-08,32,289,21,1.9091
49,Staten Island,2023-09,10,287,-2,-0.1667
49,Staten Island,2023-10,29,302,15,1.0714
49,Staten Island,2023-11,25,306,4,0.1905
49,Staten Island,2023-12,19,309,3,0.1875
49,Staten Island,2024-01,40,323,14,0.5385
49,Staten Island,2024-02,35,335,12,0.5217
49,Staten Island,2024-03,46,363,28,1.5556
49,Staten Island,2024-04,37,375,12,0.48
49,Staten Island,2024-05,48,395,20,0.7143
49,Staten Island,2024-06,16,364,-31,-0.6596
49,Staten Island,2024-07,19,356,-8,-0.2963
49,Staten Island,2024-08,28,352,-4,-0.125
49,Staten Island,2024-09,29,371,19,1.9
49,Staten Island,2024-10,38,380,9,0.3103
49,Staten Island,2024-11,15,370,-10,-0.4
49,Staten Island,2024-12,25,376,6,0.3158
49,Staten Island,2025-01,34,370,-6,-0.15
49,Staten Island,2025-02,30,365,-5,-0.1429
49,Staten Island,2025-03,39,358,-7,-0.1522
49,Staten Island,2025-04,38,359,1,0.027
49,Staten Island,2025-05,31,342,-17,-0.3542
49,Staten Island,2025-06,39,365,23,1.4375
49,Staten Island,2025-07,23,369,4,0.2105
49,Staten Island,2025-08,41,382,13,0.4643
49,Staten Island,2025-09,29,382,0,0.0
49,Staten Island,2025-10,27,371,-11,-0.2895
49,Staten Island,2025-11,23,379,8,0.5333
49,Staten Island,2025-12,24,378,-1,-0.04
49,Staten Island,2026-01,17,361,-17,-0.5
49,Staten Island,2026-02,28,359,-2,-0.0667
49,Staten Island,2026-03,33,353,-6,-0.1538
49,Staten Island,2026-04,31,346,-7,-0.1842
49,Staten Island,2026-05,29,344,-2,-0.0645
49,Staten Island,2026-06,19,324,-20,-0.5128
50,Staten Island,2017-01,5,,,
50,Staten Island,2017-02,6,,,
50,Staten Island,2017-03,11,,,
50,Staten Island,2017-04,5,,,
50,Staten Island,2017-05,8,,,
50,Staten Island,2017-06,9,,,
50,Staten Island,2017-07,10,,,
50,Staten Island,2017-08,0,,,
50,Staten Island,2017-09,12,,,
50,Staten Island,2017-10,10,,,
50,Staten Island,2017-11,7,,,
50,Staten Island,2017-12,6,89,,
50,Staten Island,2018-01,7,91,2,0.4
50,Staten Island,2018-02,5,90,-1,-0.1667
50,Staten Island,2018-03,10,89,-1,-0.0909
50,Staten Island,2018-04,6,90,1,0.2
50,Staten Island,2018-05,4,86,-4,-0.5
50,Staten Island,2018-06,10,87,1,0.1111
50,Staten Island,2018-07,6,83,-4,-0.4
50,Staten Island,2018-08,16,99,16,
50,Staten Island,2018-09,2,89,-10,-0.8333
50,Staten Island,2018-10,9,88,-1,-0.1
50,Staten Island,2018-11,13,94,6,0.8571
50,Staten Island,2018-12,9,97,3,0.5
50,Staten Island,2019-01,7,97,0,0.0
50,Staten Island,2019-02,3,95,-2,-0.4
50,Staten Island,2019-03,7,92,-3,-0.3
50,Staten Island,2019-04,11,97,5,0.8333
50,Staten Island,2019-05,5,98,1,0.25
50,Staten Island,2019-06,8,96,-2,-0.2
50,Staten Island,2019-07,7,97,1,0.1667
50,Staten Island,2019-08,8,89,-8,-0.5
50,Staten Island,2019-09,4,91,2,1.0
50,Staten Island,2019-10,2,84,-7,-0.7778
50,Staten Island,2019-11,5,76,-8,-0.6154
50,Staten Island,2019-12,3,70,-6,-0.6667
50,Staten Island,2020-01,6,69,-1,-0.1429
50,Staten Island,2020-02,3,69,0,0.0
50,Staten Island,2020-03,1,63,-6,-0.8571
50,Staten Island,2020-04,0,52,-11,-1.0
50,Staten Island,2020-05,0,47,-5,-1.0
50,Staten Island,2020-06,0,39,-8,-1.0
50,Staten Island,2020-07,0,32,-7,-1.0
50,Staten Island,2020-08,0,24,-8,-1.0
50,Staten Island,2020-09,0,20,-4,-1.0
50,Staten Island,2020-10,0,18,-2,-1.0
50,Staten Island,2020-11,0,13,-5,-1.0
50,Staten Island,2020-12,0,10,-3,-1.0
50,Staten Island,2021-01,0,4,-6,-1.0
50,Staten Island,2021-02,0,1,-3,-1.0
50,Staten Island,2021-03,0,0,-1,-1.0
50,Staten Island,2021-04,0,0,0,
50,Staten Island,2021-05,0,0,0,
50,Staten Island,2021-06,0,0,0,
50,Staten Island,2021-07,1,1,1,
50,Staten Island,2021-08,0,1,0,
50,Staten Island,2021-09,0,1,0,
50,Staten Island,2021-10,0,1,0,
50,Staten Island,2021-11,1,2,1,
50,Staten Island,2021-12,1,3,1,
50,Staten Island,2022-01,3,6,3,
50,Staten Island,2022-02,3,9,3,
50,Staten Island,2022-03,8,17,8,
50,Staten Island,2022-04,5,22,5,
50,Staten Island,2022-05,7,29,7,
50,Staten Island,2022-06,1,30,1,
50,Staten Island,2022-07,7,36,6,6.0
50,Staten Island,2022-08,2,38,2,
50,Staten Island,2022-09,1,39,1,
50,Staten Island,2022-10,6,45,6,
50,Staten Island,2022-11,9,53,8,8.0
50,Staten Island,2022-12,6,58,5,5.0
50,Staten Island,2023-01,4,59,1,0.3333
50,Staten Island,2023-02,16,72,13,4.3333
50,Staten Island,2023-03,11,75,3,0.375
50,Staten Island,2023-04,5,75,0,0.0
50,Staten Island,2023-05,9,77,2,0.2857
50,Staten Island,2023-06,14,90,13,13.0
50,Staten Island,2023-07,9,92,2,0.2857
50,Staten Island,2023-08,14,104,12,6.0
50,Staten Island,2023-09,7,110,6,6.0
50,Staten Island,2023-10,12,116,6,1.0
50,Staten Island,2023-11,3,110,-6,-0.6667
50,Staten Island,2023-12,8,112,2,0.3333
50,Staten Island,2024-01,7,115,3,0.75
50,Staten Island,2024-02,15,114,-1,-0.0625
50,Staten Island,2024-03,8,111,-3,-0.2727
50,Staten Island,2024-04,9,115,4,0.8
50,Staten Island,2024-05,9,115,0,0.0
50,Staten Island,2024-06,10,111,-4,-0.2857
50,Staten Island,2024-07,11,113,2,0.2222
50,Staten Island,2024-08,7,106,-7,-0.5
50,Staten Island,2024-09,7,106,0,0.0
50,Staten Island,2024-10,15,109,3,0.25
50,Staten Island,2024-11,10,116,7,2.3333
50,Staten Island,2024-12,5,113,-3,-0.375
50,Staten Island,2025-01,10,116,3,0.4286
50,Staten Island,2025-02,10,111,-5,-0.3333
50,Staten Island,2025-03,7,110,-1,-0.125
50,Staten Island,2025-04,8,109,-1,-0.1111
50,Staten Island,2025-05,6,106,-3,-0.3333
50,Staten Island,2025-06,14,110,4,0.4
50,Staten Island,2025-07,15,114,4,0.3636
50,Staten Island,2025-08,15,122,8,1.1429
50,Staten Island,2025-09,7,122,0,0.0
50,Staten Island,2025-10,8,115,-7,-0.4667
50,Staten Island,2025-11,9,114,-1,-0.1
50,Staten Island,2025-12,4,113,-1,-0.2
50,Staten Island,2026-01,17,120,7,0.7
50,Staten Island,2026-02,12,122,2,0.2
50,Staten Island,2026-03,12,127,5,0.7143
50,Staten Island,2026-04,14,133,6,0.75
50,Staten Island,2026-05,9,136,3,0.5
50,Staten Island,2026-06,9,131,-5,-0.3571
51,Staten Island,2017-01,3,,,
51,Staten Island,2017-02,3,,,
51,Staten Island,2017-03,3,,,
51,Staten Island,2017-04,2,,,
51,Staten Island,2017-05,7,,,
51,Staten Island,2017-06,1,,,
51,Staten Island,2017-07,2,,,
51,Staten Island,2017-08,6,,,
51,Staten Island,2017-09,5,,,
51,Staten Island,2017-10,4,,,
51,Staten Island,2017-11,1,,,
51,Staten Island,2017-12,2,39,,
51,Staten Island,2018-01,1,37,-2,-0.6667
51,Staten Island,2018-02,3,37,0,0.0
51,Staten Island,2018-03,0,34,-3,-1.0
51,Staten Island,2018-04,6,38,4,2.0
51,Staten Island,2018-05,3,34,-4,-0.5714
51,Staten Island,2018-06,3,36,2,2.0
51,Staten Island,2018-07,2,36,0,0.0
51,Staten Island,2018-08,5,35,-1,-0.1667
51,Staten Island,2018-09,4,34,-1,-0.2
51,Staten Island,2018-10,7,37,3,0.75
51,Staten Island,2018-11,5,41,4,4.0
51,Staten Island,2018-12,1,40,-1,-0.5
51,Staten Island,2019-01,4,43,3,3.0
51,Staten Island,2019-02,6,46,3,1.0
51,Staten Island,2019-03,10,56,10,
51,Staten Island,2019-04,8,58,2,0.3333
51,Staten Island,2019-05,4,59,1,0.3333
51,Staten Island,2019-06,2,58,-1,-0.3333
51,Staten Island,2019-07,7,63,5,2.5
51,Staten Island,2019-08,8,66,3,0.6
51,Staten Island,2019-09,0,62,-4,-1.0
51,Staten Island,2019-10,6,61,-1,-0.1429
51,Staten Island,2019-11,2,58,-3,-0.6
51,Staten Island,2019-12,1,58,0,0.0
51,Staten Island,2020-01,1,55,-3,-0.75
51,Staten Island,2020-02,2,51,-4,-0.6667
51,Staten Island,2020-03,5,46,-5,-0.5
51,Staten Island,2020-04,0,38,-8,-1.0
51,Staten Island,2020-05,0,34,-4,-1.0
51,Staten Island,2020-06,0,32,-2,-1.0
51,Staten Island,2020-07,0,25,-7,-1.0
51,Staten Island,2020-08,0,17,-8,-1.0
51,Staten Island,2020-09,0,17,0,
51,Staten Island,2020-10,0,11,-6,-1.0
51,Staten Island,2020-11,0,9,-2,-1.0
51,Staten Island,2020-12,0,8,-1,-1.0
51,Staten Island,2021-01,0,7,-1,-1.0
51,Staten Island,2021-02,0,5,-2,-1.0
51,Staten Island,2021-03,0,0,-5,-1.0
51,Staten Island,2021-04,0,0,0,
51,Staten Island,2021-05,0,0,0,
51,Staten Island,2021-06,0,0,0,
51,Staten Island,2021-07,2,2,2,
51,Staten Island,2021-08,1,3,1,
51,Staten Island,2021-09,0,3,0,
51,Staten Island,2021-10,1,4,1,
51,Staten Island,2021-11,0,4,0,
51,Staten Island,2021-12,1,5,1,
51,Staten Island,2022-01,1,6,1,
51,Staten Island,2022-02,1,7,1,
51,Staten Island,2022-03,1,8,1,
51,Staten Island,2022-04,2,10,2,
51,Staten Island,2022-05,4,14,4,
51,Staten Island,2022-06,2,16,2,
51,Staten Island,2022-07,3,17,1,0.5
51,Staten Island,2022-08,2,18,1,1.0
51,Staten Island,2022-09,1,19,1,
51,Staten Island,2022-10,8,26,7,7.0
51,Staten Island,2022-11,8,34,8,
51,Staten Island,2022-12,4,37,3,3.0
51,Staten Island,2023-01,3,39,2,2.0
51,Staten Island,2023-02,4,42,3,3.0
51,Staten Island,2023-03,5,46,4,4.0
51,Staten Island,2023-04,7,51,5,2.5
51,Staten Island,2023-05,8,55,4,1.0
51,Staten Island,2023-06,10,63,8,4.0
51,Staten Island,2023-07,8,68,5,1.6667
51,Staten Island,2023-08,9,75,7,3.5
51,Staten Island,2023-09,4,78,3,3.0
51,Staten Island,2023-10,5,75,-3,-0.375
51,Staten Island,2023-11,2,69,-6,-0.75
51,Staten Island,2023-12,2,67,-2,-0.5
51,Staten Island,2024-01,11,75,8,2.6667
51,Staten Island,2024-02,14,85,10,2.5
51,Staten Island,2024-03,8,88,3,0.6
51,Staten Island,2024-04,8,89,1,0.1429
51,Staten Island,2024-05,14,95,6,0.75
51,Staten Island,2024-06,9,94,-1,-0.1
51,Staten Island,2024-07,8,94,0,0.0
51,Staten Island,2024-08,7,92,-2,-0.2222
51,Staten Island,2024-09,10,98,6,1.5
51,Staten Island,2024-10,8,101,3,0.6
51,Staten Island,2024-11,2,101,0,0.0
51,Staten Island,2024-12,1,100,-1,-0.5
51,Staten Island,2025-01,4,93,-7,-0.6364
51,Staten Island,2025-02,7,86,-7,-0.5
51,Staten Island,2025-03,4,82,-4,-0.5
51,Staten Island,2025-04,7,81,-1,-0.125
51,Staten Island,2025-05,7,74,-7,-0.5
51,Staten Island,2025-06,6,71,-3,-0.3333
51,Staten Island,2025-07,7,70,-1,-0.125
51,Staten Island,2025-08,13,76,6,0.8571
51,Staten Island,2025-09,8,74,-2,-0.2
51,Staten Island,2025-10,1,67,-7,-0.875
51,Staten Island,2025-11,3,68,1,0.5
51,Staten Island,2025-12,5,72,4,4.0
51,Staten Island,2026-01,3,71,-1,-0.25
51,Staten Island,2026-02,4,68,-3,-0.4286
51,Staten Island,2026-03,11,75,7,1.75
51,Staten Island,2026-04,6,74,-1,-0.1429
51,Staten Island,2026-05,9,76,2,0.2857
51,Staten Island,2026-06,8,78,2,0.3333
