coundist,borough,month,rent_streeteasy,rent_zori,se_coverage
1,Manhattan,2017-01,3829.98,3684.93,1.0
1,Manhattan,2017-02,4324.72,3718.09,1.0
1,Manhattan,2017-03,4298.77,3749.38,1.0
1,Manhattan,2017-04,4409.12,3786.45,1.0
1,Manhattan,2017-05,4033.2,3820.26,1.0
1,Manhattan,2017-06,3981.91,3847.43,1.0
1,Manhattan,2017-07,4313.38,3864.72,1.0
1,Manhattan,2017-08,3898.43,3864.59,1.0
1,Manhattan,2017-09,3969.75,3858.13,1.0
1,Manhattan,2017-10,3768.03,3805.57,1.0
1,Manhattan,2017-11,3595.95,3774.84,1.0
1,Manhattan,2017-12,3719.72,3741.64,1.0
1,Manhattan,2018-01,3877.69,3745.79,1.0
1,Manhattan,2018-02,3866.48,3754.27,1.0
1,Manhattan,2018-03,3876.43,3786.81,1.0
1,Manhattan,2018-04,3798.37,3836.43,1.0
1,Manhattan,2018-05,3897.58,3871.97,1.0
1,Manhattan,2018-06,4252.74,3900.6,1.0
1,Manhattan,2018-07,4254.21,3927.01,1.0
1,Manhattan,2018-08,4434.21,3939.33,1.0
1,Manhattan,2018-09,4473.53,3946.09,1.0
1,Manhattan,2018-10,4341.03,3918.3,1.0
1,Manhattan,2018-11,4423.85,3901.39,1.0
1,Manhattan,2018-12,4282.59,3854.15,1.0
1,Manhattan,2019-01,4246.03,3858.3,1.0
1,Manhattan,2019-02,4130.48,3877.91,1.0
1,Manhattan,2019-03,4040.86,3931.5,1.0
1,Manhattan,2019-04,3960.65,3972.05,1.0
1,Manhattan,2019-05,4242.6,4003.56,1.0
1,Manhattan,2019-06,4139.96,4037.8,1.0
1,Manhattan,2019-07,4566.8,4066.04,1.0
1,Manhattan,2019-08,3967.69,4079.97,1.0
1,Manhattan,2019-09,4145.59,4083.33,1.0
1,Manhattan,2019-10,4139.22,4064.64,1.0
1,Manhattan,2019-11,4393.08,4028.51,1.0
1,Manhattan,2019-12,4388.83,4008.94,1.0
1,Manhattan,2020-01,4234.01,3993.85,1.0
1,Manhattan,2020-02,4165.05,4038.97,1.0
1,Manhattan,2020-03,4613.7,4069.31,1.0
1,Manhattan,2020-04,4357.77,4063.21,1.0
1,Manhattan,2020-05,4416.22,3976.34,1.0
1,Manhattan,2020-06,3931.6,3893.36,1.0
1,Manhattan,2020-07,3712.09,3813.07,1.0
1,Manhattan,2020-08,3728.28,3685.46,1.0
1,Manhattan,2020-09,3555.76,3540.48,1.0
1,Manhattan,2020-10,3501.33,3420.31,1.0
1,Manhattan,2020-11,3427.83,3342.3,1.0
1,Manhattan,2020-12,3689.04,3308.2,1.0
1,Manhattan,2021-01,3588.85,3286.25,1.0
1,Manhattan,2021-02,3546.36,3320.95,1.0
1,Manhattan,2021-03,3426.02,3375.67,1.0
1,Manhattan,2021-04,3507.13,3477.74,1.0
1,Manhattan,2021-05,3668.6,3608.25,1.0
1,Manhattan,2021-06,3932.65,3769.06,1.0
1,Manhattan,2021-07,3814.99,3954.17,1.0
1,Manhattan,2021-08,4278.37,4110.96,1.0
1,Manhattan,2021-09,4676.82,4230.53,1.0
1,Manhattan,2021-10,4322.8,4327.48,1.0
1,Manhattan,2021-11,4278.57,4367.58,1.0
1,Manhattan,2021-12,4876.14,4385.96,1.0
1,Manhattan,2022-01,4795.48,4412.92,1.0
1,Manhattan,2022-02,4723.8,4452.87,1.0
1,Manhattan,2022-03,4901.6,4516.29,1.0
1,Manhattan,2022-04,5020.24,4585.17,1.0
1,Manhattan,2022-05,5207.29,4659.35,1.0
1,Manhattan,2022-06,5355.08,4735.78,1.0
1,Manhattan,2022-07,5551.45,4781.96,1.0
1,Manhattan,2022-08,5577.41,4818.36,1.0
1,Manhattan,2022-09,5381.0,4820.22,1.0
1,Manhattan,2022-10,5388.88,4793.93,1.0
1,Manhattan,2022-11,5861.07,4728.47,1.0
1,Manhattan,2022-12,5479.59,4648.07,1.0
1,Manhattan,2023-01,5134.07,4629.29,1.0
1,Manhattan,2023-02,5433.55,4643.94,1.0
1,Manhattan,2023-03,5085.14,4716.03,1.0
1,Manhattan,2023-04,5267.47,4780.84,1.0
1,Manhattan,2023-05,5278.11,4849.6,1.0
1,Manhattan,2023-06,5401.25,4905.3,1.0
1,Manhattan,2023-07,5568.43,4930.06,1.0
1,Manhattan,2023-08,5735.42,4934.64,1.0
1,Manhattan,2023-09,5752.12,4908.42,1.0
1,Manhattan,2023-10,5180.63,4867.85,1.0
1,Manhattan,2023-11,5056.16,4814.57,1.0
1,Manhattan,2023-12,4888.66,4751.94,1.0
1,Manhattan,2024-01,5220.73,4754.2,1.0
1,Manhattan,2024-02,4974.53,4783.73,1.0
1,Manhattan,2024-03,5060.23,4874.05,1.0
1,Manhattan,2024-04,5297.5,4936.52,1.0
1,Manhattan,2024-05,5546.09,5007.36,1.0
1,Manhattan,2024-06,5633.67,5071.13,1.0
1,Manhattan,2024-07,5899.17,5097.79,1.0
1,Manhattan,2024-08,5660.58,5109.46,1.0
1,Manhattan,2024-09,5715.5,5072.59,1.0
1,Manhattan,2024-10,5696.02,5054.91,1.0
1,Manhattan,2024-11,5573.17,4993.27,1.0
1,Manhattan,2024-12,5346.8,4979.67,1.0
1,Manhattan,2025-01,5163.95,4977.41,1.0
1,Manhattan,2025-02,4570.57,5049.25,1.0
1,Manhattan,2025-03,5087.83,5117.88,1.0
1,Manhattan,2025-04,5345.02,5189.95,1.0
1,Manhattan,2025-05,5562.61,5249.46,1.0
1,Manhattan,2025-06,6140.34,5314.85,1.0
1,Manhattan,2025-07,6262.76,5396.56,1.0
1,Manhattan,2025-08,5867.43,5454.72,1.0
1,Manhattan,2025-09,5483.3,5462.54,1.0
1,Manhattan,2025-10,5486.66,5428.75,1.0
1,Manhattan,2025-11,5560.35,5387.75,1.0
1,Manhattan,2025-12,5638.09,5352.31,1.0
1,Manhattan,2026-01,5417.89,5367.38,1.0
1,Manhattan,2026-02,5443.34,5421.05,1.0
1,Manhattan,2026-03,5616.31,5508.9,1.0
1,Manhattan,2026-04,5673.58,5603.04,1.0
1,Manhattan,2026-05,5821.45,5689.37,1.0
1,Manhattan,2026-06,5872.44,,1.0
2,Manhattan,2017-01,3355.63,3409.38,1.0
2,Manhattan,2017-02,3453.66,3424.09,1.0
2,Manhattan,2017-03,3455.11,3458.85,1.0
2,Manhattan,2017-04,3576.33,3483.86,1.0
2,Manhattan,2017-05,3573.17,3513.15,1.0
2,Manhattan,2017-06,3471.57,3539.61,1.0
2,Manhattan,2017-07,3485.28,3550.8,1.0
2,Manhattan,2017-08,3461.24,3544.22,1.0
2,Manhattan,2017-09,3416.71,3521.85,1.0
2,Manhattan,2017-10,3312.57,3487.23,1.0
2,Manhattan,2017-11,3245.7,3446.03,1.0
2,Manhattan,2017-12,3274.93,3419.08,1.0
2,Manhattan,2018-01,3281.17,3421.36,1.0
2,Manhattan,2018-02,3379.74,3439.61,1.0
2,Manhattan,2018-03,3325.72,3475.27,1.0
2,Manhattan,2018-04,3470.84,3510.32,1.0
2,Manhattan,2018-05,3584.14,3551.38,1.0
2,Manhattan,2018-06,3562.88,3578.59,1.0
2,Manhattan,2018-07,3552.33,3595.0,1.0
2,Manhattan,2018-08,3598.14,3603.29,1.0
2,Manhattan,2018-09,3602.12,3597.2,1.0
2,Manhattan,2018-10,3476.02,3572.6,1.0
2,Manhattan,2018-11,3515.02,3553.24,1.0
2,Manhattan,2018-12,3485.18,3533.37,1.0
2,Manhattan,2019-01,3534.7,3525.34,1.0
2,Manhattan,2019-02,3527.24,3526.43,1.0
2,Manhattan,2019-03,3548.89,3551.78,1.0
2,Manhattan,2019-04,3623.63,3593.31,1.0
2,Manhattan,2019-05,3788.99,3635.83,1.0
2,Manhattan,2019-06,3851.12,3666.7,1.0
2,Manhattan,2019-07,3891.18,3692.33,1.0
2,Manhattan,2019-08,3798.4,3704.04,1.0
2,Manhattan,2019-09,3937.74,3703.17,1.0
2,Manhattan,2019-10,3901.41,3686.77,1.0
2,Manhattan,2019-11,3828.71,3655.84,1.0
2,Manhattan,2019-12,3712.99,3638.73,1.0
2,Manhattan,2020-01,3747.65,3636.95,1.0
2,Manhattan,2020-02,3743.69,3666.73,1.0
2,Manhattan,2020-03,3803.03,3680.49,1.0
2,Manhattan,2020-04,3717.65,3660.05,1.0
2,Manhattan,2020-05,3628.32,3613.57,1.0
2,Manhattan,2020-06,3499.25,3553.6,1.0
2,Manhattan,2020-07,3378.82,3476.43,1.0
2,Manhattan,2020-08,3199.48,3321.73,1.0
2,Manhattan,2020-09,3130.68,3275.35,1.0
2,Manhattan,2020-10,3020.92,3181.07,1.0
2,Manhattan,2020-11,2884.06,2997.8,1.0
2,Manhattan,2020-12,2820.08,2949.72,1.0
2,Manhattan,2021-01,2827.6,2934.32,1.0
2,Manhattan,2021-02,2838.81,2973.1,1.0
2,Manhattan,2021-03,2831.01,3029.57,1.0
2,Manhattan,2021-04,2857.9,3126.24,1.0
2,Manhattan,2021-05,3015.64,3250.05,1.0
2,Manhattan,2021-06,3262.39,3406.68,1.0
2,Manhattan,2021-07,3539.7,3562.62,1.0
2,Manhattan,2021-08,3639.92,3698.93,1.0
2,Manhattan,2021-09,3785.27,3795.88,1.0
2,Manhattan,2021-10,3921.07,3856.14,1.0
2,Manhattan,2021-11,3967.74,3884.6,1.0
2,Manhattan,2021-12,4129.17,3909.54,1.0
2,Manhattan,2022-01,4272.71,3946.39,1.0
2,Manhattan,2022-02,4244.99,3994.21,1.0
2,Manhattan,2022-03,4329.61,4055.86,1.0
2,Manhattan,2022-04,4426.8,4125.6,1.0
2,Manhattan,2022-05,4478.06,4199.79,1.0
2,Manhattan,2022-06,4539.17,4277.18,1.0
2,Manhattan,2022-07,4548.93,4337.62,1.0
2,Manhattan,2022-08,4548.78,4376.01,1.0
2,Manhattan,2022-09,4712.07,4372.59,1.0
2,Manhattan,2022-10,4505.93,4333.55,1.0
2,Manhattan,2022-11,4437.28,4270.5,1.0
2,Manhattan,2022-12,4526.81,4229.41,1.0
2,Manhattan,2023-01,4604.61,4205.27,1.0
2,Manhattan,2023-02,4776.19,4222.46,1.0
2,Manhattan,2023-03,4503.52,4246.97,1.0
2,Manhattan,2023-04,4609.81,4297.76,1.0
2,Manhattan,2023-05,4678.97,4361.27,1.0
2,Manhattan,2023-06,4678.77,4416.91,1.0
2,Manhattan,2023-07,4591.14,4459.33,1.0
2,Manhattan,2023-08,4576.33,4461.37,1.0
2,Manhattan,2023-09,4648.95,4443.59,1.0
2,Manhattan,2023-10,4507.75,4396.72,1.0
2,Manhattan,2023-11,4440.29,4351.18,1.0
2,Manhattan,2023-12,4413.29,4301.35,1.0
2,Manhattan,2024-01,4403.33,4299.45,1.0
2,Manhattan,2024-02,4395.58,4328.92,1.0
2,Manhattan,2024-03,4501.54,4390.42,1.0
2,Manhattan,2024-04,4765.68,4458.84,1.0
2,Manhattan,2024-05,4866.42,4515.68,1.0
2,Manhattan,2024-06,4785.42,4560.79,1.0
2,Manhattan,2024-07,4661.21,4579.9,1.0
2,Manhattan,2024-08,4790.32,4579.64,1.0
2,Manhattan,2024-09,4677.43,4561.58,1.0
2,Manhattan,2024-10,4736.92,4523.24,1.0
2,Manhattan,2024-11,4655.31,4477.85,1.0
2,Manhattan,2024-12,4626.11,4463.76,1.0
2,Manhattan,2025-01,4727.17,4478.84,1.0
2,Manhattan,2025-02,4736.08,4531.95,1.0
2,Manhattan,2025-03,4720.69,4593.26,1.0
2,Manhattan,2025-04,4902.2,4654.79,1.0
2,Manhattan,2025-05,5023.25,4711.04,1.0
2,Manhattan,2025-06,5200.94,4787.02,1.0
2,Manhattan,2025-07,5297.29,4874.04,1.0
2,Manhattan,2025-08,5207.44,4944.6,1.0
2,Manhattan,2025-09,5223.5,4956.99,1.0
2,Manhattan,2025-10,5264.34,4933.37,1.0
2,Manhattan,2025-11,5135.74,4878.93,1.0
2,Manhattan,2025-12,5072.7,4855.74,1.0
2,Manhattan,2026-01,5057.24,4842.56,1.0
2,Manhattan,2026-02,5220.74,4888.16,1.0
2,Manhattan,2026-03,5282.67,4948.07,1.0
2,Manhattan,2026-04,5513.73,5039.08,1.0
2,Manhattan,2026-05,5514.11,5119.61,1.0
2,Manhattan,2026-06,5455.49,,1.0
3,Manhattan,2017-01,3925.78,3702.11,1.0
3,Manhattan,2017-02,3962.7,3697.35,1.0
3,Manhattan,2017-03,3930.82,3722.27,1.0
3,Manhattan,2017-04,3960.83,3751.11,1.0
3,Manhattan,2017-05,4015.19,3794.68,1.0
3,Manhattan,2017-06,4039.38,3820.06,1.0
3,Manhattan,2017-07,4042.12,3824.5,1.0
3,Manhattan,2017-08,3982.9,3830.03,1.0
3,Manhattan,2017-09,4004.38,3816.48,1.0
3,Manhattan,2017-10,4003.18,3789.83,1.0
3,Manhattan,2017-11,3931.2,3731.92,1.0
3,Manhattan,2017-12,3894.7,3700.99,1.0
3,Manhattan,2018-01,3922.71,3687.4,1.0
3,Manhattan,2018-02,3967.22,3699.66,1.0
3,Manhattan,2018-03,3962.8,3732.03,1.0
3,Manhattan,2018-04,3972.31,3773.71,1.0
3,Manhattan,2018-05,4002.32,3829.77,1.0
3,Manhattan,2018-06,4042.9,3861.62,1.0
3,Manhattan,2018-07,4073.76,3877.56,1.0
3,Manhattan,2018-08,4124.88,3891.22,1.0
3,Manhattan,2018-09,4174.7,3886.98,1.0
3,Manhattan,2018-10,4141.86,3877.4,1.0
3,Manhattan,2018-11,4163.59,3843.7,1.0
3,Manhattan,2018-12,4089.23,3824.09,1.0
3,Manhattan,2019-01,4062.68,3814.93,1.0
3,Manhattan,2019-02,4174.12,3827.1,1.0
3,Manhattan,2019-03,4097.6,3847.4,1.0
3,Manhattan,2019-04,4180.28,3887.74,1.0
3,Manhattan,2019-05,4262.78,3929.5,1.0
3,Manhattan,2019-06,4361.68,3975.53,1.0
3,Manhattan,2019-07,4364.2,3993.97,1.0
3,Manhattan,2019-08,4335.4,4016.5,1.0
3,Manhattan,2019-09,4325.8,4007.77,1.0
3,Manhattan,2019-10,4348.6,3985.69,1.0
3,Manhattan,2019-11,4332.64,3947.32,1.0
3,Manhattan,2019-12,4325.84,3918.26,1.0
3,Manhattan,2020-01,4267.56,3917.46,1.0
3,Manhattan,2020-02,4337.53,3939.26,1.0
3,Manhattan,2020-03,4421.77,3971.81,1.0
3,Manhattan,2020-04,4320.46,3947.33,1.0
3,Manhattan,2020-05,4021.51,3889.48,1.0
3,Manhattan,2020-06,3967.14,3809.64,1.0
3,Manhattan,2020-07,3732.92,3721.14,1.0
3,Manhattan,2020-08,3596.86,3552.14,1.0
3,Manhattan,2020-09,3470.02,3417.23,1.0
3,Manhattan,2020-10,3436.86,3369.13,1.0
3,Manhattan,2020-11,3367.75,3311.39,1.0
3,Manhattan,2020-12,3362.82,3283.39,1.0
3,Manhattan,2021-01,3338.1,3276.07,1.0
3,Manhattan,2021-02,3430.66,3305.24,1.0
3,Manhattan,2021-03,3447.66,3366.84,1.0
3,Manhattan,2021-04,3501.23,3460.77,1.0
3,Manhattan,2021-05,3609.12,3590.54,1.0
3,Manhattan,2021-06,3819.06,3746.28,1.0
3,Manhattan,2021-07,4140.55,3909.64,1.0
3,Manhattan,2021-08,4392.99,4040.67,1.0
3,Manhattan,2021-09,4608.75,4148.87,1.0
3,Manhattan,2021-10,4711.53,4201.4,1.0
3,Manhattan,2021-11,4746.51,4251.44,1.0
3,Manhattan,2021-12,4692.12,4283.29,1.0
3,Manhattan,2022-01,4792.55,4317.77,1.0
3,Manhattan,2022-02,4806.37,4362.41,1.0
3,Manhattan,2022-03,4920.52,4408.81,1.0
3,Manhattan,2022-04,5078.54,4468.66,1.0
3,Manhattan,2022-05,5180.06,4542.87,1.0
3,Manhattan,2022-06,5145.24,4623.59,1.0
3,Manhattan,2022-07,5330.54,4705.35,1.0
3,Manhattan,2022-08,5206.04,4741.24,1.0
3,Manhattan,2022-09,5310.12,4738.84,1.0
3,Manhattan,2022-10,5360.78,4699.61,1.0
3,Manhattan,2022-11,5160.2,4633.25,1.0
3,Manhattan,2022-12,5091.7,4575.62,1.0
3,Manhattan,2023-01,5250.45,4549.91,1.0
3,Manhattan,2023-02,5312.77,4566.52,1.0
3,Manhattan,2023-03,5092.1,4603.17,1.0
3,Manhattan,2023-04,5179.46,4661.61,1.0
3,Manhattan,2023-05,5433.05,4719.9,1.0
3,Manhattan,2023-06,5400.07,4781.69,1.0
3,Manhattan,2023-07,5342.37,4820.11,1.0
3,Manhattan,2023-08,5293.65,4844.78,1.0
3,Manhattan,2023-09,5345.83,4826.04,1.0
3,Manhattan,2023-10,5193.79,4780.24,1.0
3,Manhattan,2023-11,5085.93,4710.22,1.0
3,Manhattan,2023-12,5145.35,4675.41,1.0
3,Manhattan,2024-01,5311.07,4680.25,1.0
3,Manhattan,2024-02,5429.99,4731.86,1.0
3,Manhattan,2024-03,5428.07,4787.23,1.0
3,Manhattan,2024-04,5300.95,4842.99,1.0
3,Manhattan,2024-05,5523.65,4902.05,1.0
3,Manhattan,2024-06,5403.62,4955.62,1.0
3,Manhattan,2024-07,5284.42,4980.19,1.0
3,Manhattan,2024-08,5279.87,4991.79,1.0
3,Manhattan,2024-09,5281.13,4975.92,1.0
3,Manhattan,2024-10,5265.4,4955.65,1.0
3,Manhattan,2024-11,5233.39,4908.9,1.0
3,Manhattan,2024-12,5372.72,4904.98,1.0
3,Manhattan,2025-01,5404.74,4908.95,1.0
3,Manhattan,2025-02,5507.62,4975.76,1.0
3,Manhattan,2025-03,5460.3,5029.21,1.0
3,Manhattan,2025-04,5518.85,5104.89,1.0
3,Manhattan,2025-05,5508.39,5139.84,1.0
3,Manhattan,2025-06,5631.37,5213.04,1.0
3,Manhattan,2025-07,5760.35,5281.57,1.0
3,Manhattan,2025-08,5780.2,5355.07,1.0
3,Manhattan,2025-09,5653.61,5344.44,1.0
3,Manhattan,2025-10,5717.92,5314.08,1.0
3,Manhattan,2025-11,5657.15,5226.48,1.0
3,Manhattan,2025-12,5705.91,5206.6,1.0
3,Manhattan,2026-01,5651.93,5185.66,1.0
3,Manhattan,2026-02,5697.58,5253.91,1.0
3,Manhattan,2026-03,5869.98,5303.34,1.0
3,Manhattan,2026-04,5879.85,5400.98,1.0
3,Manhattan,2026-05,6112.99,5468.28,1.0
3,Manhattan,2026-06,6133.95,,1.0
4,Manhattan,2017-01,4101.84,3243.71,1.0
4,Manhattan,2017-02,4036.97,3256.6,1.0
4,Manhattan,2017-03,4036.81,3268.41,1.0
4,Manhattan,2017-04,4020.68,3293.04,1.0
4,Manhattan,2017-05,4071.86,3321.33,1.0
4,Manhattan,2017-06,4193.56,3347.22,1.0
4,Manhattan,2017-07,4132.37,3355.28,1.0
4,Manhattan,2017-08,4061.97,3355.01,1.0
4,Manhattan,2017-09,4214.24,3340.16,1.0
4,Manhattan,2017-10,4180.36,3312.27,1.0
4,Manhattan,2017-11,4021.13,3270.38,1.0
4,Manhattan,2017-12,3989.13,3245.51,1.0
4,Manhattan,2018-01,4045.13,3237.5,1.0
4,Manhattan,2018-02,4062.96,3252.4,1.0
4,Manhattan,2018-03,4001.93,3271.22,1.0
4,Manhattan,2018-04,3969.76,3298.67,1.0
4,Manhattan,2018-05,3886.79,3330.88,1.0
4,Manhattan,2018-06,3921.09,3366.0,1.0
4,Manhattan,2018-07,4139.57,3388.5,1.0
4,Manhattan,2018-08,4053.22,3398.12,1.0
4,Manhattan,2018-09,4104.35,3392.84,1.0
4,Manhattan,2018-10,4148.9,3373.31,1.0
4,Manhattan,2018-11,4393.03,3340.84,1.0
4,Manhattan,2018-12,4129.38,3316.53,1.0
4,Manhattan,2019-01,4104.88,3311.1,1.0
4,Manhattan,2019-02,4042.92,3329.05,1.0
4,Manhattan,2019-03,4040.78,3354.83,1.0
4,Manhattan,2019-04,4084.65,3383.74,1.0
4,Manhattan,2019-05,4013.69,3410.43,1.0
4,Manhattan,2019-06,4080.34,3443.38,1.0
4,Manhattan,2019-07,4068.93,3465.06,1.0
4,Manhattan,2019-08,4052.51,3478.27,1.0
4,Manhattan,2019-09,4075.22,3472.07,1.0
4,Manhattan,2019-10,4249.08,3462.61,1.0
4,Manhattan,2019-11,4285.83,3436.2,1.0
4,Manhattan,2019-12,4295.88,3426.24,1.0
4,Manhattan,2020-01,4295.72,3412.73,1.0
4,Manhattan,2020-02,4365.61,3439.41,1.0
4,Manhattan,2020-03,4355.84,3446.26,1.0
4,Manhattan,2020-04,4379.22,3431.36,1.0
4,Manhattan,2020-05,4117.27,3387.76,1.0
4,Manhattan,2020-06,3982.0,3326.32,1.0
4,Manhattan,2020-07,3737.08,3264.45,1.0
4,Manhattan,2020-08,3616.61,3139.54,1.0
4,Manhattan,2020-09,3565.0,3058.69,1.0
4,Manhattan,2020-10,3566.2,2957.72,1.0
4,Manhattan,2020-11,3540.59,2879.2,1.0
4,Manhattan,2020-12,3474.67,2835.19,1.0
4,Manhattan,2021-01,3535.63,2815.31,1.0
4,Manhattan,2021-02,3534.64,2836.75,1.0
4,Manhattan,2021-03,3514.1,2882.91,1.0
4,Manhattan,2021-04,3518.35,2946.24,1.0
4,Manhattan,2021-05,3576.82,3030.58,1.0
4,Manhattan,2021-06,3714.52,3135.28,1.0
4,Manhattan,2021-07,3911.1,3265.31,1.0
4,Manhattan,2021-08,4016.48,3393.11,1.0
4,Manhattan,2021-09,4302.43,3498.23,1.0
4,Manhattan,2021-10,4466.44,3566.06,1.0
4,Manhattan,2021-11,4620.51,3616.92,1.0
4,Manhattan,2021-12,4687.4,3647.15,1.0
4,Manhattan,2022-01,4669.01,3683.75,1.0
4,Manhattan,2022-02,4702.66,3733.76,1.0
4,Manhattan,2022-03,4864.87,3794.43,1.0
4,Manhattan,2022-04,4842.42,3852.04,1.0
4,Manhattan,2022-05,4974.67,3910.27,1.0
4,Manhattan,2022-06,4990.52,3976.29,1.0
4,Manhattan,2022-07,5366.87,4038.08,1.0
4,Manhattan,2022-08,5109.76,4070.38,1.0
4,Manhattan,2022-09,5342.38,4070.84,1.0
4,Manhattan,2022-10,5341.65,4037.06,1.0
4,Manhattan,2022-11,5220.62,3987.68,1.0
4,Manhattan,2022-12,5112.76,3951.03,1.0
4,Manhattan,2023-01,5425.53,3934.31,1.0
4,Manhattan,2023-02,5458.31,3954.45,1.0
4,Manhattan,2023-03,5000.34,3976.34,1.0
4,Manhattan,2023-04,5221.85,4026.35,1.0
4,Manhattan,2023-05,5596.61,4072.88,1.0
4,Manhattan,2023-06,5599.52,4128.4,1.0
4,Manhattan,2023-07,5481.53,4160.67,1.0
4,Manhattan,2023-08,5539.89,4168.89,1.0
4,Manhattan,2023-09,5750.84,4152.57,1.0
4,Manhattan,2023-10,5676.89,4108.54,1.0
4,Manhattan,2023-11,5412.45,4062.88,1.0
4,Manhattan,2023-12,5257.88,4017.29,1.0
4,Manhattan,2024-01,5366.11,4016.35,1.0
4,Manhattan,2024-02,5379.04,4035.83,1.0
4,Manhattan,2024-03,5392.04,4089.36,1.0
4,Manhattan,2024-04,5122.32,4139.08,1.0
4,Manhattan,2024-05,5690.01,4202.83,1.0
4,Manhattan,2024-06,5145.27,4256.05,1.0
4,Manhattan,2024-07,5139.37,4285.14,1.0
4,Manhattan,2024-08,5031.43,4285.64,1.0
4,Manhattan,2024-09,4872.0,4265.94,1.0
4,Manhattan,2024-10,4901.56,4236.82,1.0
4,Manhattan,2024-11,5040.02,4209.06,1.0
4,Manhattan,2024-12,5445.14,4197.08,1.0
4,Manhattan,2025-01,5100.63,4206.43,1.0
4,Manhattan,2025-02,5251.09,4241.49,1.0
4,Manhattan,2025-03,5119.83,4282.88,1.0
4,Manhattan,2025-04,5214.64,4339.95,1.0
4,Manhattan,2025-05,5455.06,4393.14,1.0
4,Manhattan,2025-06,5537.03,4466.91,1.0
4,Manhattan,2025-07,5536.11,4534.53,1.0
4,Manhattan,2025-08,5798.72,4570.78,1.0
4,Manhattan,2025-09,5568.83,4567.01,1.0
4,Manhattan,2025-10,6028.57,4538.0,1.0
4,Manhattan,2025-11,6195.49,4514.52,1.0
4,Manhattan,2025-12,6145.34,4484.08,1.0
4,Manhattan,2026-01,5973.14,4479.65,1.0
4,Manhattan,2026-02,5978.93,4514.5,1.0
4,Manhattan,2026-03,6046.21,4566.4,1.0
4,Manhattan,2026-04,5849.17,4633.31,1.0
4,Manhattan,2026-05,6296.81,4679.78,1.0
4,Manhattan,2026-06,6324.61,,1.0
5,Manhattan,2017-01,3042.98,2771.59,1.0
5,Manhattan,2017-02,3061.03,2778.34,1.0
5,Manhattan,2017-03,2953.06,2796.63,1.0
5,Manhattan,2017-04,3109.32,2820.97,1.0
5,Manhattan,2017-05,3042.93,2846.65,1.0
5,Manhattan,2017-06,3081.76,2864.94,1.0
5,Manhattan,2017-07,3061.45,2877.23,1.0
5,Manhattan,2017-08,2938.14,2875.92,1.0
5,Manhattan,2017-09,2978.81,2865.84,1.0
5,Manhattan,2017-10,2967.37,2840.06,1.0
5,Manhattan,2017-11,2969.93,2817.51,1.0
5,Manhattan,2017-12,2994.14,2802.43,1.0
5,Manhattan,2018-01,2954.99,2801.6,1.0
5,Manhattan,2018-02,2996.29,2811.36,1.0
5,Manhattan,2018-03,2971.33,2826.55,1.0
5,Manhattan,2018-04,2882.15,2847.36,1.0
5,Manhattan,2018-05,2983.05,2872.84,1.0
5,Manhattan,2018-06,3023.08,2896.19,1.0
5,Manhattan,2018-07,3101.48,2922.93,1.0
5,Manhattan,2018-08,3108.53,2927.41,1.0
5,Manhattan,2018-09,3055.0,2925.96,1.0
5,Manhattan,2018-10,3075.0,2912.88,1.0
5,Manhattan,2018-11,3082.77,2902.91,1.0
5,Manhattan,2018-12,3086.96,2889.7,1.0
5,Manhattan,2019-01,3120.5,2882.79,1.0
5,Manhattan,2019-02,3064.47,2895.08,1.0
5,Manhattan,2019-03,3071.52,2916.54,1.0
5,Manhattan,2019-04,3088.02,2940.78,1.0
5,Manhattan,2019-05,3106.58,2956.95,1.0
5,Manhattan,2019-06,3204.33,2986.16,1.0
5,Manhattan,2019-07,3214.38,2995.86,1.0
5,Manhattan,2019-08,3163.56,3004.3,1.0
5,Manhattan,2019-09,3180.88,2996.9,1.0
5,Manhattan,2019-10,3250.73,2999.03,1.0
5,Manhattan,2019-11,3527.24,2984.05,1.0
5,Manhattan,2019-12,3415.99,2984.22,1.0
5,Manhattan,2020-01,3337.75,2980.19,1.0
5,Manhattan,2020-02,3337.99,3013.7,1.0
5,Manhattan,2020-03,3273.66,3018.64,1.0
5,Manhattan,2020-04,3296.7,3011.46,1.0
5,Manhattan,2020-05,3224.77,2967.68,1.0
5,Manhattan,2020-06,3068.69,2921.41,1.0
5,Manhattan,2020-07,3031.04,2864.83,1.0
5,Manhattan,2020-08,2932.11,2783.2,1.0
5,Manhattan,2020-09,2867.98,2670.13,1.0
5,Manhattan,2020-10,2767.19,2617.42,1.0
5,Manhattan,2020-11,2733.81,2555.27,1.0
5,Manhattan,2020-12,2660.66,2514.59,1.0
5,Manhattan,2021-01,2587.28,2482.52,1.0
5,Manhattan,2021-02,2588.11,2499.18,1.0
5,Manhattan,2021-03,2538.45,2532.68,1.0
5,Manhattan,2021-04,2571.65,2570.37,1.0
5,Manhattan,2021-05,2584.86,2614.06,1.0
5,Manhattan,2021-06,2623.96,2670.67,1.0
5,Manhattan,2021-07,2823.17,2760.73,1.0
5,Manhattan,2021-08,2943.93,2857.67,1.0
5,Manhattan,2021-09,2968.59,2945.52,1.0
5,Manhattan,2021-10,3083.53,3013.48,1.0
5,Manhattan,2021-11,3312.87,3054.4,1.0
5,Manhattan,2021-12,3468.21,3092.19,1.0
5,Manhattan,2022-01,3498.75,3132.56,1.0
5,Manhattan,2022-02,3585.85,3199.27,1.0
5,Manhattan,2022-03,3441.95,3266.29,1.0
5,Manhattan,2022-04,3556.05,3323.72,1.0
5,Manhattan,2022-05,3611.33,3373.97,1.0
5,Manhattan,2022-06,3745.18,3433.34,1.0
5,Manhattan,2022-07,3691.48,3476.67,1.0
5,Manhattan,2022-08,3972.7,3505.19,1.0
5,Manhattan,2022-09,3918.67,3500.41,1.0
5,Manhattan,2022-10,3880.13,3476.6,1.0
5,Manhattan,2022-11,3991.93,3438.95,1.0
5,Manhattan,2022-12,3887.99,3415.04,1.0
5,Manhattan,2023-01,3944.22,3409.46,1.0
5,Manhattan,2023-02,4028.47,3430.4,1.0
5,Manhattan,2023-03,3997.34,3459.62,1.0
5,Manhattan,2023-04,3924.14,3515.33,1.0
5,Manhattan,2023-05,4060.37,3553.49,1.0
5,Manhattan,2023-06,4049.33,3592.45,1.0
5,Manhattan,2023-07,4063.77,3609.58,1.0
5,Manhattan,2023-08,4055.5,3623.65,1.0
5,Manhattan,2023-09,4045.34,3608.02,1.0
5,Manhattan,2023-10,4051.12,3575.85,1.0
5,Manhattan,2023-11,4017.7,3536.63,1.0
5,Manhattan,2023-12,3947.71,3575.83,1.0
5,Manhattan,2024-01,3949.38,3560.86,1.0
5,Manhattan,2024-02,4016.57,3566.18,1.0
5,Manhattan,2024-03,3961.65,3614.32,1.0
5,Manhattan,2024-04,4043.59,3683.93,1.0
5,Manhattan,2024-05,4075.07,3745.18,1.0
5,Manhattan,2024-06,4119.0,3792.22,1.0
5,Manhattan,2024-07,4187.03,3812.77,1.0
5,Manhattan,2024-08,4130.04,3817.78,1.0
5,Manhattan,2024-09,4093.9,3797.11,1.0
5,Manhattan,2024-10,4022.25,3765.21,1.0
5,Manhattan,2024-11,4021.04,3757.25,1.0
5,Manhattan,2024-12,3999.33,3731.03,1.0
5,Manhattan,2025-01,4037.8,3735.28,1.0
5,Manhattan,2025-02,4094.54,3755.97,1.0
5,Manhattan,2025-03,4093.5,3809.25,1.0
5,Manhattan,2025-04,4130.2,3870.76,1.0
5,Manhattan,2025-05,4158.73,3914.81,1.0
5,Manhattan,2025-06,4260.73,3979.97,1.0
5,Manhattan,2025-07,4247.16,4044.03,1.0
5,Manhattan,2025-08,4292.74,4083.78,1.0
5,Manhattan,2025-09,4336.49,4100.82,1.0
5,Manhattan,2025-10,4329.21,4061.97,1.0
5,Manhattan,2025-11,4332.03,4060.57,1.0
5,Manhattan,2025-12,4402.5,4037.54,1.0
5,Manhattan,2026-01,4384.28,4056.8,1.0
5,Manhattan,2026-02,4286.94,4060.14,1.0
5,Manhattan,2026-03,4303.54,4090.7,1.0
5,Manhattan,2026-04,4417.69,4149.14,1.0
5,Manhattan,2026-05,4449.88,4205.99,1.0
5,Manhattan,2026-06,4471.75,,1.0
6,Manhattan,2017-01,3463.68,3144.87,1.0
6,Manhattan,2017-02,3453.48,3163.56,1.0
6,Manhattan,2017-03,3426.33,3195.21,1.0
6,Manhattan,2017-04,3426.33,3218.09,1.0
6,Manhattan,2017-05,3490.63,3239.13,1.0
6,Manhattan,2017-06,3547.64,3253.4,1.0
6,Manhattan,2017-07,3540.92,3257.03,1.0
6,Manhattan,2017-08,3533.25,3256.94,1.0
6,Manhattan,2017-09,3569.87,3245.72,1.0
6,Manhattan,2017-10,3567.09,3223.3,1.0
6,Manhattan,2017-11,3506.61,3191.0,1.0
6,Manhattan,2017-12,3489.57,3172.73,1.0
6,Manhattan,2018-01,3490.27,3173.26,1.0
6,Manhattan,2018-02,3437.71,3194.32,1.0
6,Manhattan,2018-03,3395.33,3207.18,1.0
6,Manhattan,2018-04,3435.37,3233.95,1.0
6,Manhattan,2018-05,3467.75,3249.72,1.0
6,Manhattan,2018-06,3511.31,3270.08,1.0
6,Manhattan,2018-07,3543.8,3281.47,1.0
6,Manhattan,2018-08,3531.11,3291.79,1.0
6,Manhattan,2018-09,3600.59,3296.22,1.0
6,Manhattan,2018-10,3561.89,3278.96,1.0
6,Manhattan,2018-11,3596.12,3253.0,1.0
6,Manhattan,2018-12,3589.98,3242.29,1.0
6,Manhattan,2019-01,3534.63,3235.91,1.0
6,Manhattan,2019-02,3493.06,3246.32,1.0
6,Manhattan,2019-03,3534.38,3260.44,1.0
6,Manhattan,2019-04,3623.48,3292.83,1.0
6,Manhattan,2019-05,3614.83,3326.13,1.0
6,Manhattan,2019-06,3618.11,3356.64,1.0
6,Manhattan,2019-07,3558.55,3372.59,1.0
6,Manhattan,2019-08,3711.49,3377.74,1.0
6,Manhattan,2019-09,3829.88,3379.65,1.0
6,Manhattan,2019-10,3855.38,3374.28,1.0
6,Manhattan,2019-11,3820.21,3396.92,1.0
6,Manhattan,2019-12,3783.94,3372.88,1.0
6,Manhattan,2020-01,3822.56,3377.3,1.0
6,Manhattan,2020-02,3824.49,3399.09,1.0
6,Manhattan,2020-03,3820.89,3405.46,1.0
6,Manhattan,2020-04,3685.79,3374.64,1.0
6,Manhattan,2020-05,3537.16,3327.93,1.0
6,Manhattan,2020-06,3422.27,3271.06,1.0
6,Manhattan,2020-07,3311.11,3217.89,1.0
6,Manhattan,2020-08,3194.24,3142.28,1.0
6,Manhattan,2020-09,3077.61,3063.82,1.0
6,Manhattan,2020-10,2993.58,2983.8,1.0
6,Manhattan,2020-11,2934.55,2917.61,1.0
6,Manhattan,2020-12,2941.35,2854.36,1.0
6,Manhattan,2021-01,2933.95,2845.41,1.0
6,Manhattan,2021-02,2953.35,2869.57,1.0
6,Manhattan,2021-03,2933.26,2919.05,1.0
6,Manhattan,2021-04,2966.2,2974.65,1.0
6,Manhattan,2021-05,3119.18,3053.21,1.0
6,Manhattan,2021-06,3151.87,3155.95,1.0
6,Manhattan,2021-07,3352.74,3268.06,1.0
6,Manhattan,2021-08,3450.26,3368.79,1.0
6,Manhattan,2021-09,3750.41,3453.94,1.0
6,Manhattan,2021-10,3832.94,3502.78,1.0
6,Manhattan,2021-11,3963.34,3540.8,1.0
6,Manhattan,2021-12,4139.76,3580.44,1.0
6,Manhattan,2022-01,4139.95,3618.95,1.0
6,Manhattan,2022-02,4182.11,3663.12,1.0
6,Manhattan,2022-03,4254.74,3707.1,1.0
6,Manhattan,2022-04,4377.33,3756.56,1.0
6,Manhattan,2022-05,4434.17,3816.55,1.0
6,Manhattan,2022-06,4401.26,3880.47,1.0
6,Manhattan,2022-07,4681.34,3944.41,1.0
6,Manhattan,2022-08,4629.3,3974.89,1.0
6,Manhattan,2022-09,4756.38,3995.92,1.0
6,Manhattan,2022-10,4741.05,3976.16,1.0
6,Manhattan,2022-11,4647.1,3941.12,1.0
6,Manhattan,2022-12,4616.82,3894.68,1.0
6,Manhattan,2023-01,4677.4,3872.82,1.0
6,Manhattan,2023-02,4631.5,3876.95,1.0
6,Manhattan,2023-03,4594.59,3894.92,1.0
6,Manhattan,2023-04,4634.09,3937.65,1.0
6,Manhattan,2023-05,4688.31,3996.12,1.0
6,Manhattan,2023-06,4668.71,4046.33,1.0
6,Manhattan,2023-07,4674.39,4081.59,1.0
6,Manhattan,2023-08,4671.82,4093.29,1.0
6,Manhattan,2023-09,4755.36,4100.44,1.0
6,Manhattan,2023-10,4699.76,4082.55,1.0
6,Manhattan,2023-11,4544.59,4047.5,1.0
6,Manhattan,2023-12,4376.45,4003.09,1.0
6,Manhattan,2024-01,4476.49,3986.19,1.0
6,Manhattan,2024-02,4491.94,4003.82,1.0
6,Manhattan,2024-03,4603.63,4059.34,1.0
6,Manhattan,2024-04,4620.89,4126.09,1.0
6,Manhattan,2024-05,4748.21,4190.65,1.0
6,Manhattan,2024-06,4585.31,4226.25,1.0
6,Manhattan,2024-07,4616.44,4246.54,1.0
6,Manhattan,2024-08,4537.24,4259.25,1.0
6,Manhattan,2024-09,4525.18,4246.91,1.0
6,Manhattan,2024-10,4537.31,4224.03,1.0
6,Manhattan,2024-11,4420.37,4200.67,1.0
6,Manhattan,2024-12,4647.23,4197.28,1.0
6,Manhattan,2025-01,4597.19,4217.99,1.0
6,Manhattan,2025-02,4555.39,4258.32,1.0
6,Manhattan,2025-03,4627.15,4300.51,1.0
6,Manhattan,2025-04,4641.5,4347.32,1.0
6,Manhattan,2025-05,4663.46,4384.19,1.0
6,Manhattan,2025-06,4889.94,4455.96,1.0
6,Manhattan,2025-07,4936.9,4535.56,1.0
6,Manhattan,2025-08,5061.51,4596.09,1.0
6,Manhattan,2025-09,4989.22,4608.97,1.0
6,Manhattan,2025-10,5076.68,4588.29,1.0
6,Manhattan,2025-11,5052.95,4573.89,1.0
6,Manhattan,2025-12,5140.03,4537.2,1.0
6,Manhattan,2026-01,5092.64,4511.46,1.0
6,Manhattan,2026-02,5081.64,4513.58,1.0
6,Manhattan,2026-03,4978.94,4568.91,1.0
6,Manhattan,2026-04,5056.28,4642.5,1.0
6,Manhattan,2026-05,5045.07,4718.4,1.0
6,Manhattan,2026-06,5048.93,,1.0
7,Manhattan,2017-01,2883.25,2648.86,1.0
7,Manhattan,2017-02,2882.46,2654.25,1.0
7,Manhattan,2017-03,2895.94,2664.57,1.0
7,Manhattan,2017-04,2890.21,2682.58,1.0
7,Manhattan,2017-05,2938.21,2707.85,1.0
7,Manhattan,2017-06,2936.45,2740.55,1.0
7,Manhattan,2017-07,2971.17,2756.31,1.0
7,Manhattan,2017-08,2951.54,2755.92,1.0
7,Manhattan,2017-09,2922.54,2740.5,1.0
7,Manhattan,2017-10,2845.58,2710.31,1.0
7,Manhattan,2017-11,2809.88,2689.5,1.0
7,Manhattan,2017-12,2835.49,2679.42,1.0
7,Manhattan,2018-01,2801.01,2670.96,1.0
7,Manhattan,2018-02,2792.71,2675.14,1.0
7,Manhattan,2018-03,2820.77,2682.35,1.0
7,Manhattan,2018-04,2880.9,2718.35,1.0
7,Manhattan,2018-05,2919.0,2742.14,1.0
7,Manhattan,2018-06,2933.05,2770.32,1.0
7,Manhattan,2018-07,2974.43,2785.58,1.0
7,Manhattan,2018-08,3020.83,2795.91,1.0
7,Manhattan,2018-09,2961.49,2794.73,1.0
7,Manhattan,2018-10,2915.05,2775.8,1.0
7,Manhattan,2018-11,2866.54,2763.08,1.0
7,Manhattan,2018-12,2837.71,2749.57,1.0
7,Manhattan,2019-01,2834.07,2747.64,1.0
7,Manhattan,2019-02,2776.58,2749.0,1.0
7,Manhattan,2019-03,2842.9,2751.9,1.0
7,Manhattan,2019-04,2917.75,2774.64,1.0
7,Manhattan,2019-05,2985.85,2800.58,1.0
7,Manhattan,2019-06,3075.59,2836.65,1.0
7,Manhattan,2019-07,3024.72,2859.9,1.0
7,Manhattan,2019-08,3076.85,2881.01,1.0
7,Manhattan,2019-09,3104.68,2881.76,1.0
7,Manhattan,2019-10,3027.9,2872.13,1.0
7,Manhattan,2019-11,3025.94,2835.56,1.0
7,Manhattan,2019-12,3030.31,2814.29,1.0
7,Manhattan,2020-01,3021.58,2806.51,1.0
7,Manhattan,2020-02,3060.73,2823.62,1.0
7,Manhattan,2020-03,3092.27,2852.48,1.0
7,Manhattan,2020-04,3041.34,2840.95,1.0
7,Manhattan,2020-05,3016.82,2818.92,1.0
7,Manhattan,2020-06,2981.48,2767.02,1.0
7,Manhattan,2020-07,2903.35,2731.73,1.0
7,Manhattan,2020-08,2764.13,2673.02,1.0
7,Manhattan,2020-09,2649.27,2599.95,1.0
7,Manhattan,2020-10,2612.89,2539.63,1.0
7,Manhattan,2020-11,2565.39,2488.17,1.0
7,Manhattan,2020-12,2579.54,2453.09,1.0
7,Manhattan,2021-01,2618.49,2450.28,1.0
7,Manhattan,2021-02,2577.12,2455.83,1.0
7,Manhattan,2021-03,2593.8,2495.75,1.0
7,Manhattan,2021-04,2694.84,2524.92,1.0
7,Manhattan,2021-05,2791.45,2592.67,1.0
7,Manhattan,2021-06,2776.24,2651.52,1.0
7,Manhattan,2021-07,2853.2,2717.76,1.0
7,Manhattan,2021-08,2928.72,2771.14,1.0
7,Manhattan,2021-09,2901.4,2812.44,1.0
7,Manhattan,2021-10,3051.24,2834.22,1.0
7,Manhattan,2021-11,3135.62,2852.1,1.0
7,Manhattan,2021-12,3106.97,2868.37,1.0
7,Manhattan,2022-01,3164.12,2898.14,1.0
7,Manhattan,2022-02,3178.71,2927.29,1.0
7,Manhattan,2022-03,3309.47,2957.42,1.0
7,Manhattan,2022-04,3442.64,2996.77,1.0
7,Manhattan,2022-05,3483.67,3053.7,1.0
7,Manhattan,2022-06,3545.78,3131.96,1.0
7,Manhattan,2022-07,3555.77,3193.03,1.0
7,Manhattan,2022-08,3548.64,3234.31,1.0
7,Manhattan,2022-09,3769.6,3239.98,1.0
7,Manhattan,2022-10,3658.51,3217.13,1.0
7,Manhattan,2022-11,3584.32,3197.34,1.0
7,Manhattan,2022-12,3522.64,3176.08,1.0
7,Manhattan,2023-01,3510.93,3176.13,1.0
7,Manhattan,2023-02,3653.9,3162.19,1.0
7,Manhattan,2023-03,3659.7,3177.56,1.0
7,Manhattan,2023-04,3723.18,3210.66,1.0
7,Manhattan,2023-05,3690.41,3261.16,1.0
7,Manhattan,2023-06,3683.26,3307.7,1.0
7,Manhattan,2023-07,3712.08,3338.84,1.0
7,Manhattan,2023-08,3724.56,3357.63,1.0
7,Manhattan,2023-09,3737.72,3354.74,1.0
7,Manhattan,2023-10,3561.79,3313.16,1.0
7,Manhattan,2023-11,3583.95,3262.49,1.0
7,Manhattan,2023-12,3584.65,3222.97,1.0
7,Manhattan,2024-01,3650.34,3232.38,1.0
7,Manhattan,2024-02,3656.06,3259.88,1.0
7,Manhattan,2024-03,3717.25,3290.44,1.0
7,Manhattan,2024-04,3703.57,3345.53,1.0
7,Manhattan,2024-05,3639.9,3385.35,1.0
7,Manhattan,2024-06,3740.9,3442.44,1.0
7,Manhattan,2024-07,3735.75,3462.13,1.0
7,Manhattan,2024-08,3665.99,3489.81,1.0
7,Manhattan,2024-09,3576.03,3466.41,1.0
7,Manhattan,2024-10,3640.4,3439.4,1.0
7,Manhattan,2024-11,3586.89,3398.41,1.0
7,Manhattan,2024-12,3701.18,3386.93,1.0
7,Manhattan,2025-01,3735.9,3396.42,1.0
7,Manhattan,2025-02,3675.99,3418.54,1.0
7,Manhattan,2025-03,3728.8,3465.3,1.0
7,Manhattan,2025-04,3814.46,3498.63,1.0
7,Manhattan,2025-05,3943.65,3536.61,1.0
7,Manhattan,2025-06,4050.02,3587.69,1.0
7,Manhattan,2025-07,4160.44,3643.12,1.0
7,Manhattan,2025-08,4250.94,3703.09,1.0
7,Manhattan,2025-09,4165.83,3692.86,1.0
7,Manhattan,2025-10,4114.33,3685.15,1.0
7,Manhattan,2025-11,4044.25,3625.57,1.0
7,Manhattan,2025-12,3961.36,3595.96,1.0
7,Manhattan,2026-01,4019.13,3576.05,1.0
7,Manhattan,2026-02,4124.8,3602.95,1.0
7,Manhattan,2026-03,3996.72,3660.08,1.0
7,Manhattan,2026-04,4153.45,3711.08,1.0
7,Manhattan,2026-05,4170.25,3776.29,1.0
7,Manhattan,2026-06,4192.71,,1.0
8,Manhattan,2017-01,2079.47,2367.68,1.0
8,Manhattan,2017-02,1967.93,2377.33,1.0
8,Manhattan,2017-03,2058.02,2383.01,1.0
8,Manhattan,2017-04,2032.44,2374.4,1.0
8,Manhattan,2017-05,2018.98,2397.73,1.0
8,Manhattan,2017-06,2110.64,2439.04,1.0
8,Manhattan,2017-07,2030.05,2474.55,1.0
8,Manhattan,2017-08,2007.01,2495.74,1.0
8,Manhattan,2017-09,2040.7,2477.97,1.0
8,Manhattan,2017-10,2054.74,2475.12,1.0
8,Manhattan,2017-11,2103.35,2452.7,1.0
8,Manhattan,2017-12,2096.22,2457.91,1.0
8,Manhattan,2018-01,2102.07,2439.05,1.0
8,Manhattan,2018-02,2159.52,2423.3,1.0
8,Manhattan,2018-03,2178.92,2422.96,1.0
8,Manhattan,2018-04,2139.75,2439.73,1.0
8,Manhattan,2018-05,2126.71,2473.05,1.0
8,Manhattan,2018-06,2097.29,2479.03,1.0
8,Manhattan,2018-07,2099.89,2505.6,1.0
8,Manhattan,2018-08,2485.83,2516.83,1.0
8,Manhattan,2018-09,2437.31,2528.24,1.0
8,Manhattan,2018-10,2395.8,2509.37,1.0
8,Manhattan,2018-11,2271.69,2479.48,1.0
8,Manhattan,2018-12,2262.17,2470.62,1.0
8,Manhattan,2019-01,2183.22,2464.78,1.0
8,Manhattan,2019-02,2186.99,2490.13,1.0
8,Manhattan,2019-03,2267.97,2510.2,1.0
8,Manhattan,2019-04,2183.52,2538.36,1.0
8,Manhattan,2019-05,2201.16,2551.55,1.0
8,Manhattan,2019-06,2401.5,2549.75,1.0
8,Manhattan,2019-07,2285.02,2567.96,1.0
8,Manhattan,2019-08,2261.58,2574.1,1.0
8,Manhattan,2019-09,2351.88,2582.3,1.0
8,Manhattan,2019-10,2304.61,2580.89,1.0
8,Manhattan,2019-11,2227.57,2561.06,1.0
8,Manhattan,2019-12,2250.68,2562.81,1.0
8,Manhattan,2020-01,2281.2,2550.65,1.0
8,Manhattan,2020-02,2201.1,2572.63,1.0
8,Manhattan,2020-03,2235.32,2569.4,1.0
8,Manhattan,2020-04,2339.09,2562.1,1.0
8,Manhattan,2020-05,2259.77,2560.38,1.0
8,Manhattan,2020-06,2133.5,2545.41,1.0
8,Manhattan,2020-07,2141.07,2515.98,1.0
8,Manhattan,2020-08,2060.16,2440.08,1.0
8,Manhattan,2020-09,2064.2,2391.63,1.0
8,Manhattan,2020-10,2031.17,2332.98,1.0
8,Manhattan,2020-11,2019.03,2277.29,1.0
8,Manhattan,2020-12,1962.26,2225.99,1.0
8,Manhattan,2021-01,1981.66,2225.58,1.0
8,Manhattan,2021-02,1975.38,2238.16,1.0
8,Manhattan,2021-03,2021.13,2268.85,1.0
8,Manhattan,2021-04,2073.81,2305.04,1.0
8,Manhattan,2021-05,2130.5,2344.16,1.0
8,Manhattan,2021-06,2139.54,2386.05,1.0
8,Manhattan,2021-07,2186.76,2418.86,1.0
8,Manhattan,2021-08,2174.08,2446.39,1.0
8,Manhattan,2021-09,2232.75,2459.96,1.0
8,Manhattan,2021-10,2144.08,2465.13,1.0
8,Manhattan,2021-11,2229.02,2473.47,1.0
8,Manhattan,2021-12,2237.45,2472.07,1.0
8,Manhattan,2022-01,2538.88,2497.78,1.0
8,Manhattan,2022-02,2409.41,2555.52,1.0
8,Manhattan,2022-03,2420.51,2572.87,1.0
8,Manhattan,2022-04,2360.3,2618.74,1.0
8,Manhattan,2022-05,2431.41,2662.08,1.0
8,Manhattan,2022-06,2645.87,2699.7,1.0
8,Manhattan,2022-07,2703.78,2743.67,1.0
8,Manhattan,2022-08,2603.94,2758.08,1.0
8,Manhattan,2022-09,2491.01,2749.13,1.0
8,Manhattan,2022-10,2566.48,2764.91,1.0
8,Manhattan,2022-11,2534.62,2742.86,1.0
8,Manhattan,2022-12,2606.02,2725.32,1.0
8,Manhattan,2023-01,2697.38,2696.81,1.0
8,Manhattan,2023-02,2662.69,2710.59,1.0
8,Manhattan,2023-03,2638.13,2760.35,1.0
8,Manhattan,2023-04,2537.72,2812.52,1.0
8,Manhattan,2023-05,2627.9,2817.49,1.0
8,Manhattan,2023-06,2647.92,2822.53,1.0
8,Manhattan,2023-07,2636.17,2826.87,1.0
8,Manhattan,2023-08,2897.48,2852.76,1.0
8,Manhattan,2023-09,2883.52,2833.56,1.0
8,Manhattan,2023-10,2940.63,2813.79,1.0
8,Manhattan,2023-11,2870.71,2791.11,1.0
8,Manhattan,2023-12,2873.88,2771.6,1.0
8,Manhattan,2024-01,2906.71,2784.09,1.0
8,Manhattan,2024-02,2959.81,2807.69,1.0
8,Manhattan,2024-03,2896.23,2870.59,1.0
8,Manhattan,2024-04,2932.54,2891.37,1.0
8,Manhattan,2024-05,2738.01,2911.56,1.0
8,Manhattan,2024-06,2901.49,2924.92,1.0
8,Manhattan,2024-07,2924.83,2948.69,1.0
8,Manhattan,2024-08,2848.8,2945.47,1.0
8,Manhattan,2024-09,2733.38,2905.59,1.0
8,Manhattan,2024-10,2953.95,2867.32,1.0
8,Manhattan,2024-11,2942.49,2889.52,1.0
8,Manhattan,2024-12,2815.82,2902.32,1.0
8,Manhattan,2025-01,2896.39,2936.41,1.0
8,Manhattan,2025-02,3168.34,2933.93,1.0
8,Manhattan,2025-03,3183.64,2946.91,1.0
8,Manhattan,2025-04,2747.78,2959.5,1.0
8,Manhattan,2025-05,2773.97,2970.65,1.0
8,Manhattan,2025-06,2924.29,3024.18,1.0
8,Manhattan,2025-07,2910.42,3024.96,1.0
8,Manhattan,2025-08,3267.02,3041.05,1.0
8,Manhattan,2025-09,3025.94,3012.76,1.0
8,Manhattan,2025-10,2980.71,3016.49,1.0
8,Manhattan,2025-11,2932.78,2967.33,1.0
8,Manhattan,2025-12,2953.5,2973.24,1.0
8,Manhattan,2026-01,2966.07,2982.92,1.0
8,Manhattan,2026-02,2975.16,3019.53,1.0
8,Manhattan,2026-03,2964.3,3045.52,1.0
8,Manhattan,2026-04,3019.57,3063.07,1.0
8,Manhattan,2026-05,2962.85,3114.91,1.0
8,Manhattan,2026-06,3016.27,,1.0
9,Manhattan,2017-01,2470.55,2423.26,1.0
9,Manhattan,2017-02,2434.67,2434.96,1.0
9,Manhattan,2017-03,2406.6,2428.12,1.0
9,Manhattan,2017-04,2403.43,2439.67,1.0
9,Manhattan,2017-05,2442.56,2461.87,1.0
9,Manhattan,2017-06,2463.98,2500.65,1.0
9,Manhattan,2017-07,2513.45,2533.05,1.0
9,Manhattan,2017-08,2528.45,2550.53,1.0
9,Manhattan,2017-09,2481.88,2525.44,1.0
9,Manhattan,2017-10,2446.67,2491.6,1.0
9,Manhattan,2017-11,2392.82,2465.38,1.0
9,Manhattan,2017-12,2410.35,2459.02,1.0
9,Manhattan,2018-01,2399.51,2476.08,1.0
9,Manhattan,2018-02,2430.57,2480.36,1.0
9,Manhattan,2018-03,2475.22,2508.27,1.0
9,Manhattan,2018-04,2550.59,2519.22,1.0
9,Manhattan,2018-05,2489.23,2541.58,1.0
9,Manhattan,2018-06,2490.7,2557.34,1.0
9,Manhattan,2018-07,2535.59,2574.93,1.0
9,Manhattan,2018-08,2580.07,2584.0,1.0
9,Manhattan,2018-09,2482.43,2579.19,1.0
9,Manhattan,2018-10,2458.02,2546.18,1.0
9,Manhattan,2018-11,2389.28,2518.98,1.0
9,Manhattan,2018-12,2375.51,2497.12,1.0
9,Manhattan,2019-01,2381.92,2525.24,1.0
9,Manhattan,2019-02,2443.06,2542.97,1.0
9,Manhattan,2019-03,2485.5,2569.52,1.0
9,Manhattan,2019-04,2546.68,2575.49,1.0
9,Manhattan,2019-05,2604.59,2593.92,1.0
9,Manhattan,2019-06,2652.8,2610.64,1.0
9,Manhattan,2019-07,2644.41,2624.95,1.0
9,Manhattan,2019-08,2651.64,2645.54,1.0
9,Manhattan,2019-09,2577.97,2637.02,1.0
9,Manhattan,2019-10,2528.77,2639.32,1.0
9,Manhattan,2019-11,2527.78,2595.1,1.0
9,Manhattan,2019-12,2483.27,2579.84,1.0
9,Manhattan,2020-01,2477.18,2499.69,1.0
9,Manhattan,2020-02,2499.95,2520.62,1.0
9,Manhattan,2020-03,2517.99,2544.4,1.0
9,Manhattan,2020-04,2575.75,2548.35,1.0
9,Manhattan,2020-05,2599.11,2545.31,1.0
9,Manhattan,2020-06,2605.28,2529.14,1.0
9,Manhattan,2020-07,2569.42,2494.61,1.0
9,Manhattan,2020-08,2464.94,2443.29,1.0
9,Manhattan,2020-09,2415.22,2392.85,1.0
9,Manhattan,2020-10,2358.71,2332.48,1.0
9,Manhattan,2020-11,2338.88,2283.54,1.0
9,Manhattan,2020-12,2299.66,2240.1,1.0
9,Manhattan,2021-01,2267.32,2244.32,1.0
9,Manhattan,2021-02,2260.69,2255.04,1.0
9,Manhattan,2021-03,2246.83,2281.78,1.0
9,Manhattan,2021-04,2260.89,2297.3,1.0
9,Manhattan,2021-05,2290.61,2340.81,1.0
9,Manhattan,2021-06,2365.26,2374.94,1.0
9,Manhattan,2021-07,2419.48,2413.19,1.0
9,Manhattan,2021-08,2406.8,2437.11,1.0
9,Manhattan,2021-09,2444.76,2459.49,1.0
9,Manhattan,2021-10,2411.94,2470.36,1.0
9,Manhattan,2021-11,2389.21,2472.02,1.0
9,Manhattan,2021-12,2445.01,2474.56,1.0
9,Manhattan,2022-01,2505.8,2496.07,1.0
9,Manhattan,2022-02,2556.36,2533.73,1.0
9,Manhattan,2022-03,2575.74,2577.15,1.0
9,Manhattan,2022-04,2642.3,2620.04,1.0
9,Manhattan,2022-05,2722.42,2668.67,1.0
9,Manhattan,2022-06,2922.23,2730.22,1.0
9,Manhattan,2022-07,3018.96,2792.25,1.0
9,Manhattan,2022-08,2954.52,2832.63,1.0
9,Manhattan,2022-09,2863.21,2828.65,1.0
9,Manhattan,2022-10,2823.2,2811.13,1.0
9,Manhattan,2022-11,2843.3,2804.92,1.0
9,Manhattan,2022-12,2836.07,2799.62,1.0
9,Manhattan,2023-01,2846.71,2792.97,1.0
9,Manhattan,2023-02,2914.52,2789.9,1.0
9,Manhattan,2023-03,2934.95,2805.06,1.0
9,Manhattan,2023-04,3079.1,2847.56,1.0
9,Manhattan,2023-05,3057.43,2872.78,1.0
9,Manhattan,2023-06,3130.01,2908.85,1.0
9,Manhattan,2023-07,3153.58,2914.85,1.0
9,Manhattan,2023-08,3066.68,2927.7,1.0
9,Manhattan,2023-09,2982.05,2914.96,1.0
9,Manhattan,2023-10,2954.17,2878.89,1.0
9,Manhattan,2023-11,2949.26,2838.66,1.0
9,Manhattan,2023-12,2956.0,2817.34,1.0
9,Manhattan,2024-01,2974.67,2829.03,1.0
9,Manhattan,2024-02,3064.66,2868.22,1.0
9,Manhattan,2024-03,3039.54,2899.67,1.0
9,Manhattan,2024-04,3116.31,2946.2,1.0
9,Manhattan,2024-05,3127.63,2953.3,1.0
9,Manhattan,2024-06,3174.21,2999.19,1.0
9,Manhattan,2024-07,3206.55,3017.87,1.0
9,Manhattan,2024-08,3142.85,3032.74,1.0
9,Manhattan,2024-09,3115.52,2997.99,1.0
9,Manhattan,2024-10,2971.25,2975.88,1.0
9,Manhattan,2024-11,2948.06,2967.59,1.0
9,Manhattan,2024-12,2970.15,2953.27,1.0
9,Manhattan,2025-01,2953.08,2946.95,1.0
9,Manhattan,2025-02,2965.54,2941.75,1.0
9,Manhattan,2025-03,3037.58,3003.94,1.0
9,Manhattan,2025-04,3143.86,3036.92,1.0
9,Manhattan,2025-05,3242.6,3091.56,1.0
9,Manhattan,2025-06,3376.39,3108.69,1.0
9,Manhattan,2025-07,3453.99,3162.19,1.0
9,Manhattan,2025-08,3437.1,3181.59,1.0
9,Manhattan,2025-09,3435.21,3191.2,1.0
9,Manhattan,2025-10,3367.81,3169.44,1.0
9,Manhattan,2025-11,3255.48,3128.68,1.0
9,Manhattan,2025-12,3212.29,3082.57,1.0
9,Manhattan,2026-01,3235.61,3071.58,1.0
9,Manhattan,2026-02,3180.21,3142.96,1.0
9,Manhattan,2026-03,3212.2,3132.47,1.0
9,Manhattan,2026-04,3387.01,3190.83,1.0
9,Manhattan,2026-05,3469.77,3257.08,1.0
9,Manhattan,2026-06,3536.53,,1.0
10,Manhattan,2017-01,2105.84,1953.26,1.0
10,Manhattan,2017-02,2066.25,1932.68,1.0
10,Manhattan,2017-03,2081.94,1932.85,1.0
10,Manhattan,2017-04,2087.49,1951.62,1.0
10,Manhattan,2017-05,2104.02,1981.37,1.0
10,Manhattan,2017-06,2100.85,1999.01,1.0
10,Manhattan,2017-07,2162.56,2006.16,1.0
10,Manhattan,2017-08,2101.12,2008.85,1.0
10,Manhattan,2017-09,2059.53,2011.63,1.0
10,Manhattan,2017-10,2099.46,2010.29,1.0
10,Manhattan,2017-11,2005.0,1991.74,1.0
10,Manhattan,2017-12,2043.09,1975.92,1.0
10,Manhattan,2018-01,2058.6,1969.85,1.0
10,Manhattan,2018-02,2066.08,1994.46,1.0
10,Manhattan,2018-03,2086.89,2011.99,1.0
10,Manhattan,2018-04,2092.43,2033.41,1.0
10,Manhattan,2018-05,2106.35,2033.51,1.0
10,Manhattan,2018-06,2140.18,2044.56,1.0
10,Manhattan,2018-07,2205.63,2047.09,1.0
10,Manhattan,2018-08,2167.95,2050.05,1.0
10,Manhattan,2018-09,2131.8,2051.59,1.0
10,Manhattan,2018-10,2166.38,2046.83,1.0
10,Manhattan,2018-11,2129.17,2046.1,1.0
10,Manhattan,2018-12,2103.44,2039.02,1.0
10,Manhattan,2019-01,2077.23,2036.19,1.0
10,Manhattan,2019-02,2134.97,2033.99,1.0
10,Manhattan,2019-03,2114.6,2025.97,1.0
10,Manhattan,2019-04,2130.03,2032.91,1.0
10,Manhattan,2019-05,2160.68,2053.76,1.0
10,Manhattan,2019-06,2196.8,2087.0,1.0
10,Manhattan,2019-07,2190.17,2105.76,1.0
10,Manhattan,2019-08,2173.81,2123.1,1.0
10,Manhattan,2019-09,2187.44,2111.14,1.0
10,Manhattan,2019-10,2164.55,2104.74,1.0
10,Manhattan,2019-11,2139.3,2083.78,1.0
10,Manhattan,2019-12,2146.27,2076.9,1.0
10,Manhattan,2020-01,2159.37,2073.88,1.0
10,Manhattan,2020-02,2198.0,2082.46,1.0
10,Manhattan,2020-03,2209.04,2104.8,1.0
10,Manhattan,2020-04,2216.36,2111.09,1.0
10,Manhattan,2020-05,2127.02,2133.25,1.0
10,Manhattan,2020-06,2168.09,2122.25,1.0
10,Manhattan,2020-07,2178.61,2112.67,1.0
10,Manhattan,2020-08,2166.69,2096.26,1.0
10,Manhattan,2020-09,2077.02,2070.33,1.0
10,Manhattan,2020-10,2062.02,2033.62,1.0
10,Manhattan,2020-11,2052.5,2002.18,1.0
10,Manhattan,2020-12,1950.19,1976.94,1.0
10,Manhattan,2021-01,1956.21,1978.64,1.0
10,Manhattan,2021-02,2008.54,1986.84,1.0
10,Manhattan,2021-03,1977.22,2001.4,1.0
10,Manhattan,2021-04,2035.72,2013.67,1.0
10,Manhattan,2021-05,2025.08,2017.26,1.0
10,Manhattan,2021-06,2047.38,2025.89,1.0
10,Manhattan,2021-07,2093.92,2036.73,1.0
10,Manhattan,2021-08,2096.78,2046.86,1.0
10,Manhattan,2021-09,2105.18,2060.08,1.0
10,Manhattan,2021-10,2112.89,2070.26,1.0
10,Manhattan,2021-11,2107.31,2085.07,1.0
10,Manhattan,2021-12,2154.78,2103.49,1.0
10,Manhattan,2022-01,2158.04,2123.57,1.0
10,Manhattan,2022-02,2203.62,2158.64,1.0
10,Manhattan,2022-03,2187.3,2174.23,1.0
10,Manhattan,2022-04,2247.37,2190.84,1.0
10,Manhattan,2022-05,2312.75,2218.77,1.0
10,Manhattan,2022-06,2399.05,2249.83,1.0
10,Manhattan,2022-07,2378.83,2284.5,1.0
10,Manhattan,2022-08,2358.12,2294.91,1.0
10,Manhattan,2022-09,2364.33,2305.27,1.0
10,Manhattan,2022-10,2353.72,2291.78,1.0
10,Manhattan,2022-11,2291.41,2292.56,1.0
10,Manhattan,2022-12,2287.14,2312.08,1.0
10,Manhattan,2023-01,2323.33,2336.13,1.0
10,Manhattan,2023-02,2366.34,2342.29,1.0
10,Manhattan,2023-03,2361.24,2337.93,1.0
10,Manhattan,2023-04,2450.4,2336.53,1.0
10,Manhattan,2023-05,2462.31,2360.77,1.0
10,Manhattan,2023-06,2517.33,2369.39,1.0
10,Manhattan,2023-07,2478.86,2388.7,1.0
10,Manhattan,2023-08,2487.42,2395.22,1.0
10,Manhattan,2023-09,2497.01,2426.07,1.0
10,Manhattan,2023-10,2465.6,2419.56,1.0
10,Manhattan,2023-11,2491.46,2414.93,1.0
10,Manhattan,2023-12,2498.56,2379.08,1.0
10,Manhattan,2024-01,2479.46,2386.91,1.0
10,Manhattan,2024-02,2488.71,2385.08,1.0
10,Manhattan,2024-03,2483.12,2397.81,1.0
10,Manhattan,2024-04,2532.85,2419.96,1.0
10,Manhattan,2024-05,2563.19,2441.28,1.0
10,Manhattan,2024-06,2605.84,2471.05,1.0
10,Manhattan,2024-07,2620.8,2484.13,1.0
10,Manhattan,2024-08,2597.46,2499.2,1.0
10,Manhattan,2024-09,2596.1,2493.4,1.0
10,Manhattan,2024-10,2559.38,2486.15,1.0
10,Manhattan,2024-11,2551.57,2469.19,1.0
10,Manhattan,2024-12,2545.31,2462.52,1.0
10,Manhattan,2025-01,2611.81,2457.99,1.0
10,Manhattan,2025-02,2609.04,2464.56,1.0
10,Manhattan,2025-03,2640.83,2479.14,1.0
10,Manhattan,2025-04,2797.47,2509.99,1.0
10,Manhattan,2025-05,2900.54,2533.0,1.0
10,Manhattan,2025-06,2976.97,2582.46,1.0
10,Manhattan,2025-07,3020.85,2623.21,1.0
10,Manhattan,2025-08,2969.24,2651.92,1.0
10,Manhattan,2025-09,2886.13,2656.21,1.0
10,Manhattan,2025-10,2909.54,2643.85,1.0
10,Manhattan,2025-11,2886.13,2642.5,1.0
10,Manhattan,2025-12,2958.23,2631.75,1.0
10,Manhattan,2026-01,2910.52,2615.17,1.0
10,Manhattan,2026-02,2859.82,2617.79,1.0
10,Manhattan,2026-03,2986.93,2648.26,1.0
10,Manhattan,2026-04,2983.74,2659.4,1.0
10,Manhattan,2026-05,2986.13,2684.31,1.0
10,Manhattan,2026-06,2946.44,,1.0
11,Bronx,2017-01,1779.89,1643.87,1.0
11,Bronx,2017-02,1774.15,1652.15,1.0
11,Bronx,2017-03,1830.11,1696.24,1.0
11,Bronx,2017-04,1803.06,1698.49,1.0
11,Bronx,2017-05,1811.64,1713.91,1.0
11,Bronx,2017-06,1868.85,1702.62,1.0
11,Bronx,2017-07,1911.07,1720.93,1.0
11,Bronx,2017-08,1856.06,1706.11,0.9992
11,Bronx,2017-09,1828.28,1714.8,0.9992
11,Bronx,2017-10,1845.37,1712.94,0.9992
11,Bronx,2017-11,1811.95,1729.73,1.0
11,Bronx,2017-12,1838.36,1728.01,1.0
11,Bronx,2018-01,1832.98,1721.64,1.0
11,Bronx,2018-02,1824.09,1742.63,1.0
11,Bronx,2018-03,1891.77,1753.01,1.0
11,Bronx,2018-04,1993.25,1777.25,1.0
11,Bronx,2018-05,1903.35,1782.81,1.0
11,Bronx,2018-06,2017.97,1798.58,1.0
11,Bronx,2018-07,1999.54,1806.17,1.0
11,Bronx,2018-08,1939.65,1793.68,0.9992
11,Bronx,2018-09,1947.24,1799.12,1.0
11,Bronx,2018-10,1947.55,1815.0,1.0
11,Bronx,2018-11,1938.5,1814.84,1.0
11,Bronx,2018-12,2058.13,1820.06,1.0
11,Bronx,2019-01,2065.37,1802.58,1.0
11,Bronx,2019-02,2000.3,1808.79,1.0
11,Bronx,2019-03,1926.66,1805.8,1.0
11,Bronx,2019-04,1935.03,1811.37,1.0
11,Bronx,2019-05,1911.24,1820.75,1.0
11,Bronx,2019-06,1953.39,1828.73,1.0
11,Bronx,2019-07,1967.27,1864.82,1.0
11,Bronx,2019-08,2041.03,1883.68,1.0
11,Bronx,2019-09,2089.54,1921.62,1.0
11,Bronx,2019-10,2140.91,1918.86,1.0
11,Bronx,2019-11,2095.92,1901.64,1.0
11,Bronx,2019-12,2092.03,1873.24,1.0
11,Bronx,2020-01,2056.55,1864.17,1.0
11,Bronx,2020-02,2112.64,1896.24,1.0
11,Bronx,2020-03,2035.44,1932.58,1.0
11,Bronx,2020-04,2086.83,1930.63,1.0
11,Bronx,2020-05,2011.96,1908.29,1.0
11,Bronx,2020-06,2029.19,1897.79,1.0
11,Bronx,2020-07,2188.76,1919.42,1.0
11,Bronx,2020-08,2118.86,1944.99,1.0
11,Bronx,2020-09,2048.43,1974.64,1.0
11,Bronx,2020-10,1967.44,1963.11,1.0
11,Bronx,2020-11,1953.71,1974.23,1.0
11,Bronx,2020-12,1933.16,1931.32,1.0
11,Bronx,2021-01,2034.98,1929.67,1.0
11,Bronx,2021-02,2074.67,1903.69,1.0
11,Bronx,2021-03,1943.7,1927.23,1.0
11,Bronx,2021-04,1925.13,1924.65,1.0
11,Bronx,2021-05,1985.16,1946.83,1.0
11,Bronx,2021-06,2047.85,1952.43,1.0
11,Bronx,2021-07,2019.92,1973.35,1.0
11,Bronx,2021-08,2087.09,1966.54,1.0
11,Bronx,2021-09,2161.21,1983.72,1.0
11,Bronx,2021-10,2167.13,2011.33,1.0
11,Bronx,2021-11,2111.56,2035.09,1.0
11,Bronx,2021-12,2118.8,2005.39,1.0
11,Bronx,2022-01,2081.05,1987.37,1.0
11,Bronx,2022-02,2139.51,2008.47,1.0
11,Bronx,2022-03,2174.48,2055.83,1.0
11,Bronx,2022-04,2143.86,2084.89,1.0
11,Bronx,2022-05,2233.22,2071.48,1.0
11,Bronx,2022-06,2366.34,2086.52,0.9992
11,Bronx,2022-07,2234.17,2126.96,1.0
11,Bronx,2022-08,2425.87,2126.73,1.0
11,Bronx,2022-09,2444.64,2124.08,1.0
11,Bronx,2022-10,2420.03,2108.21,1.0
11,Bronx,2022-11,2311.84,2145.76,1.0
11,Bronx,2022-12,2250.27,2135.4,1.0
11,Bronx,2023-01,2292.05,2146.49,1.0
11,Bronx,2023-02,2301.3,2141.86,1.0
11,Bronx,2023-03,2214.45,2183.85,1.0
11,Bronx,2023-04,2247.25,2179.63,1.0
11,Bronx,2023-05,2147.07,2201.27,1.0
11,Bronx,2023-06,2389.63,2237.81,1.0
11,Bronx,2023-07,2320.78,2265.49,1.0
11,Bronx,2023-08,2334.14,2266.98,1.0
11,Bronx,2023-09,2435.98,2297.76,1.0
11,Bronx,2023-10,2440.43,2300.4,1.0
11,Bronx,2023-11,2491.32,2313.78,1.0
11,Bronx,2023-12,2303.34,2269.22,1.0
11,Bronx,2024-01,2321.38,2298.0,1.0
11,Bronx,2024-02,2391.36,2310.95,1.0
11,Bronx,2024-03,2672.21,2345.5,1.0
11,Bronx,2024-04,2512.23,2388.09,1.0
11,Bronx,2024-05,2443.69,2394.76,1.0
11,Bronx,2024-06,2777.88,2415.11,1.0
11,Bronx,2024-07,2684.29,2377.89,1.0
11,Bronx,2024-08,2556.71,2365.4,1.0
11,Bronx,2024-09,2535.86,2319.3,1.0
11,Bronx,2024-10,2629.3,2359.19,1.0
11,Bronx,2024-11,2611.3,2401.25,1.0
11,Bronx,2024-12,2591.26,2459.04,1.0
11,Bronx,2025-01,2496.15,2483.34,1.0
11,Bronx,2025-02,2435.36,2465.57,1.0
11,Bronx,2025-03,2519.76,2433.49,1.0
11,Bronx,2025-04,2676.02,2381.1,1.0
11,Bronx,2025-05,2743.07,2392.42,1.0
11,Bronx,2025-06,2668.88,2485.64,1.0
11,Bronx,2025-07,2717.84,2544.27,1.0
11,Bronx,2025-08,2809.07,2602.69,1.0
11,Bronx,2025-09,2602.64,2570.61,1.0
11,Bronx,2025-10,2505.75,2646.84,1.0
11,Bronx,2025-11,2757.01,2638.89,1.0
11,Bronx,2025-12,2709.68,2611.01,1.0
11,Bronx,2026-01,2678.19,2555.3,1.0
11,Bronx,2026-02,2699.62,2602.37,1.0
11,Bronx,2026-03,2677.61,2638.22,1.0
11,Bronx,2026-04,2533.49,2643.01,1.0
11,Bronx,2026-05,2609.85,2657.11,1.0
11,Bronx,2026-06,2777.06,,1.0
12,Bronx,2017-01,1682.48,1386.66,0.7711
12,Bronx,2017-02,1868.9,1410.1,0.7711
12,Bronx,2017-03,1916.22,1473.84,0.7711
12,Bronx,2017-04,2030.19,1470.26,0.7711
12,Bronx,2017-05,1995.76,1495.49,0.7711
12,Bronx,2017-06,1775.67,1466.9,0.7711
12,Bronx,2017-07,1694.99,1468.44,0.7711
12,Bronx,2017-08,1474.22,1432.92,0.3726
12,Bronx,2017-09,1513.37,1430.24,0.3726
12,Bronx,2017-10,1580.53,1450.97,0.3726
12,Bronx,2017-11,1733.75,1482.24,0.7711
12,Bronx,2017-12,1764.89,1485.24,0.7711
12,Bronx,2018-01,2411.64,1452.47,0.9462
12,Bronx,2018-02,2231.69,1496.14,0.9462
12,Bronx,2018-03,1682.87,1523.91,0.7711
12,Bronx,2018-04,1955.36,1566.89,0.7711
12,Bronx,2018-05,1841.05,1565.76,0.7711
12,Bronx,2018-06,1705.67,1565.54,0.7711
12,Bronx,2018-07,1934.6,1584.23,0.7711
12,Bronx,2018-08,1681.76,1579.06,0.3726
12,Bronx,2018-09,1597.81,1608.61,0.7711
12,Bronx,2018-10,1912.14,1622.68,0.7711
12,Bronx,2018-11,1879.75,1624.82,0.7711
12,Bronx,2018-12,1985.65,1649.88,0.7711
12,Bronx,2019-01,1794.95,1637.77,0.7711
12,Bronx,2019-02,1965.12,1635.38,0.7711
12,Bronx,2019-03,2048.31,1613.13,0.7711
12,Bronx,2019-04,1836.04,1608.51,0.7711
12,Bronx,2019-05,1956.37,1617.78,0.7711
12,Bronx,2019-06,2102.85,1613.59,0.7711
12,Bronx,2019-07,1958.09,1659.82,0.7711
12,Bronx,2019-08,1886.1,1673.46,0.7711
12,Bronx,2019-09,2012.85,1731.4,0.7711
12,Bronx,2019-10,1967.91,1729.71,0.7711
12,Bronx,2019-11,1880.26,1706.86,0.7711
12,Bronx,2019-12,1832.4,1680.08,0.7711
12,Bronx,2020-01,1937.03,1683.86,0.7711
12,Bronx,2020-02,2619.69,1725.64,0.7711
12,Bronx,2020-03,2950.22,1733.38,0.7711
12,Bronx,2020-04,2651.06,1711.6,0.7711
12,Bronx,2020-05,2657.18,1667.22,0.7711
12,Bronx,2020-06,2143.85,1669.34,0.7711
12,Bronx,2020-07,2203.83,1725.29,0.7711
12,Bronx,2020-08,2047.23,1792.05,0.7711
12,Bronx,2020-09,1903.13,1819.93,0.7711
12,Bronx,2020-10,1858.75,1812.83,0.7711
12,Bronx,2020-11,1879.07,1836.59,0.7711
12,Bronx,2020-12,1794.95,1787.29,0.7711
12,Bronx,2021-01,1829.38,1795.37,0.7711
12,Bronx,2021-02,2101.27,1748.64,0.7172
12,Bronx,2021-03,2214.91,1783.27,0.7172
12,Bronx,2021-04,1999.23,1737.6,0.7711
12,Bronx,2021-05,1918.66,1768.3,0.7711
12,Bronx,2021-06,1904.5,1776.24,0.7711
12,Bronx,2021-07,1947.06,1813.86,0.7711
12,Bronx,2021-08,2055.93,1799.34,0.7711
12,Bronx,2021-09,2139.03,1828.71,0.7711
12,Bronx,2021-10,2270.77,1846.46,1.0
12,Bronx,2021-11,2185.36,1858.37,1.0
12,Bronx,2021-12,2247.1,1793.26,1.0
12,Bronx,2022-01,2069.98,1796.13,1.0
12,Bronx,2022-02,2192.44,1848.25,1.0
12,Bronx,2022-03,2392.39,1922.58,0.7711
12,Bronx,2022-04,2201.29,1959.68,0.7711
12,Bronx,2022-05,2143.93,2035.18,0.7711
12,Bronx,2022-06,2068.67,2073.97,0.3726
12,Bronx,2022-07,2163.37,2056.18,0.7711
12,Bronx,2022-08,2057.24,2034.3,0.7711
12,Bronx,2022-09,2170.1,2079.09,0.7711
12,Bronx,2022-10,2001.7,2140.26,0.7711
12,Bronx,2022-11,2140.58,2135.09,1.0
12,Bronx,2022-12,2018.25,2092.63,1.0
12,Bronx,2023-01,2234.0,2159.28,1.0
12,Bronx,2023-02,2236.16,2254.2,0.7711
12,Bronx,2023-03,2307.25,2238.44,0.7711
12,Bronx,2023-04,2306.92,2240.68,0.7711
12,Bronx,2023-05,2058.31,2230.32,0.7711
12,Bronx,2023-06,2409.22,2288.41,0.7711
12,Bronx,2023-07,2202.52,2282.67,1.0
12,Bronx,2023-08,2219.03,2336.89,1.0
12,Bronx,2023-09,2368.7,2371.91,1.0
12,Bronx,2023-10,2673.31,2425.51,0.7711
12,Bronx,2023-11,2590.85,2487.04,0.7711
12,Bronx,2023-12,2798.45,2493.97,0.7711
12,Bronx,2024-01,2265.12,2484.71,0.7711
12,Bronx,2024-02,2702.1,2494.05,0.7711
12,Bronx,2024-03,2762.88,2518.15,0.7711
12,Bronx,2024-04,2295.12,2563.81,0.7711
12,Bronx,2024-05,2984.09,2491.17,0.7711
12,Bronx,2024-06,2861.17,2572.47,0.7711
12,Bronx,2024-07,2637.22,2542.91,0.7711
12,Bronx,2024-08,2855.5,2574.71,0.7711
12,Bronx,2024-09,3089.18,2508.65,0.7172
12,Bronx,2024-10,2830.77,2553.3,1.0
12,Bronx,2024-11,2798.91,2566.34,0.7711
12,Bronx,2024-12,2809.16,2702.68,0.7711
12,Bronx,2025-01,2705.15,2719.29,0.7711
12,Bronx,2025-02,2349.93,2754.17,0.7711
12,Bronx,2025-03,2515.03,2663.96,0.7711
12,Bronx,2025-04,2908.46,2612.88,1.0
12,Bronx,2025-05,2903.57,2570.09,1.0
12,Bronx,2025-06,3207.47,2638.65,0.7711
12,Bronx,2025-07,2847.9,2713.68,0.7711
12,Bronx,2025-08,2706.69,2779.19,0.7711
12,Bronx,2025-09,3061.98,2802.47,0.7711
12,Bronx,2025-10,2954.08,2830.7,0.7711
12,Bronx,2025-11,2839.53,2824.84,0.7711
12,Bronx,2025-12,3149.65,2761.01,0.7711
12,Bronx,2026-01,2961.08,2726.81,0.7711
12,Bronx,2026-02,2765.19,2732.03,0.7711
12,Bronx,2026-03,3363.63,2844.76,0.7711
12,Bronx,2026-04,3564.35,2941.38,0.7711
12,Bronx,2026-05,3143.47,2992.66,0.7711
12,Bronx,2026-06,3383.82,,0.7711
13,Bronx,2017-01,1723.23,1449.74,0.9996
13,Bronx,2017-02,1725.65,1444.96,0.9996
13,Bronx,2017-03,1800.61,1477.82,0.9996
13,Bronx,2017-04,1739.64,1500.34,0.9996
13,Bronx,2017-05,1867.38,1529.36,0.9996
13,Bronx,2017-06,1768.36,1525.02,0.9996
13,Bronx,2017-07,1804.06,1512.39,0.9996
13,Bronx,2017-08,1863.23,1499.08,0.9674
13,Bronx,2017-09,1902.72,1490.99,0.9674
13,Bronx,2017-10,1835.88,1521.42,0.9674
13,Bronx,2017-11,1826.18,1510.88,0.9996
13,Bronx,2017-12,1795.36,1526.23,0.9996
13,Bronx,2018-01,1729.03,1527.83,0.8718
13,Bronx,2018-02,1880.46,1525.83,0.8718
13,Bronx,2018-03,1923.2,1534.36,0.9996
13,Bronx,2018-04,1849.01,1543.68,0.9996
13,Bronx,2018-05,1802.83,1593.66,0.9996
13,Bronx,2018-06,1870.72,1590.48,0.9996
13,Bronx,2018-07,2064.96,1617.42,0.9996
13,Bronx,2018-08,2022.13,1581.45,0.9674
13,Bronx,2018-09,1979.86,1631.88,0.9996
13,Bronx,2018-10,2009.51,1621.36,0.9996
13,Bronx,2018-11,1959.09,1645.01,0.9996
13,Bronx,2018-12,1970.56,1619.57,0.9996
13,Bronx,2019-01,1783.97,1624.13,0.9996
13,Bronx,2019-02,1863.83,1629.17,0.9996
13,Bronx,2019-03,2240.2,1653.88,0.9996
13,Bronx,2019-04,1955.01,1669.9,0.9996
13,Bronx,2019-05,2045.74,1704.35,0.9996
13,Bronx,2019-06,2160.48,1724.07,0.9996
13,Bronx,2019-07,2043.37,1716.55,0.9996
13,Bronx,2019-08,2142.84,1702.3,0.9996
13,Bronx,2019-09,1987.95,1680.55,0.9996
13,Bronx,2019-10,1939.16,1667.08,0.9996
13,Bronx,2019-11,1999.07,1668.66,0.9996
13,Bronx,2019-12,1934.32,1698.5,0.9996
13,Bronx,2020-01,1837.69,1716.43,0.9996
13,Bronx,2020-02,1925.53,1734.5,0.9996
13,Bronx,2020-03,1966.47,1740.04,0.9996
13,Bronx,2020-04,2468.85,1753.02,0.9732
13,Bronx,2020-05,2091.14,1736.92,0.9996
13,Bronx,2020-06,2210.55,1716.0,0.9996
13,Bronx,2020-07,2070.36,1714.69,0.9996
13,Bronx,2020-08,1864.28,1731.07,0.9996
13,Bronx,2020-09,2219.45,1738.68,0.9996
13,Bronx,2020-10,2101.5,1752.61,0.9996
13,Bronx,2020-11,1918.67,1733.51,0.9996
13,Bronx,2020-12,1798.1,1717.86,0.9996
13,Bronx,2021-01,1946.27,1720.64,0.9996
13,Bronx,2021-02,1896.99,1745.78,0.8714
13,Bronx,2021-03,1946.73,1746.59,0.8714
13,Bronx,2021-04,2074.46,1733.7,0.9996
13,Bronx,2021-05,1981.96,1749.56,0.9996
13,Bronx,2021-06,2103.46,1783.86,0.9996
13,Bronx,2021-07,2233.73,1797.82,0.9996
13,Bronx,2021-08,2163.08,1820.35,0.9996
13,Bronx,2021-09,2191.93,1869.95,0.9955
13,Bronx,2021-10,2016.22,1903.98,1.0
13,Bronx,2021-11,2162.18,1886.08,1.0
13,Bronx,2021-12,2194.34,1831.66,1.0
13,Bronx,2022-01,2161.96,1850.48,1.0
13,Bronx,2022-02,2264.94,1866.49,1.0
13,Bronx,2022-03,2036.74,1927.33,0.9996
13,Bronx,2022-04,2181.85,1936.97,0.9996
13,Bronx,2022-05,1973.85,1990.11,0.9955
13,Bronx,2022-06,2133.54,2009.66,0.9674
13,Bronx,2022-07,2226.54,2010.16,0.9996
13,Bronx,2022-08,2246.19,2028.94,0.9996
13,Bronx,2022-09,2324.03,2013.34,0.9996
13,Bronx,2022-10,2297.41,2029.14,0.9996
13,Bronx,2022-11,2336.9,2010.42,1.0
13,Bronx,2022-12,2326.25,2029.05,1.0
13,Bronx,2023-01,2101.86,2066.55,1.0
13,Bronx,2023-02,2335.42,2075.25,0.9996
13,Bronx,2023-03,2456.46,2102.18,0.9996
13,Bronx,2023-04,2589.95,2122.96,0.9996
13,Bronx,2023-05,2242.63,2165.63,0.9996
13,Bronx,2023-06,2253.48,2145.0,0.9996
13,Bronx,2023-07,2429.35,2129.29,1.0
13,Bronx,2023-08,2366.11,2148.33,0.9959
13,Bronx,2023-09,2160.83,2196.22,0.9736
13,Bronx,2023-10,2399.34,2214.65,0.9996
13,Bronx,2023-11,2320.09,2221.45,0.9996
13,Bronx,2023-12,2582.68,2208.58,0.9996
13,Bronx,2024-01,2031.59,2213.67,0.9996
13,Bronx,2024-02,2428.28,2238.98,0.9996
13,Bronx,2024-03,2550.54,2263.36,0.9996
13,Bronx,2024-04,2370.98,2312.12,0.9996
13,Bronx,2024-05,2282.78,2328.64,0.9996
13,Bronx,2024-06,2014.39,2385.16,0.9996
13,Bronx,2024-07,2149.41,2353.38,0.9996
13,Bronx,2024-08,2866.41,2346.66,0.9996
13,Bronx,2024-09,2616.37,2343.49,0.8714
13,Bronx,2024-10,2318.33,2401.35,1.0
13,Bronx,2024-11,2161.96,2449.3,0.9996
13,Bronx,2024-12,2733.21,2449.51,0.9996
13,Bronx,2025-01,2556.51,2437.45,0.9996
13,Bronx,2025-02,2678.13,2407.95,0.9996
13,Bronx,2025-03,2321.48,2435.46,0.9996
13,Bronx,2025-04,2638.92,2473.32,1.0
13,Bronx,2025-05,2463.56,2468.6,0.9736
13,Bronx,2025-06,2577.62,2458.21,0.9955
13,Bronx,2025-07,2854.68,2442.42,0.9996
13,Bronx,2025-08,2408.62,2476.7,0.9732
13,Bronx,2025-09,2914.51,2523.84,0.9996
13,Bronx,2025-10,2660.51,2592.95,0.9996
13,Bronx,2025-11,2623.05,2592.33,0.9996
13,Bronx,2025-12,2492.26,2589.0,0.9955
13,Bronx,2026-01,2434.99,2587.81,0.9996
13,Bronx,2026-02,2820.04,2605.26,0.8461
13,Bronx,2026-03,2712.29,2651.7,0.9996
13,Bronx,2026-04,3028.32,2642.01,0.9732
13,Bronx,2026-05,2940.27,2695.89,0.9955
13,Bronx,2026-06,2814.84,,0.9955
14,Bronx,2017-01,1496.37,1897.06,1.0
14,Bronx,2017-02,1575.82,1890.48,1.0
14,Bronx,2017-03,1691.63,1914.23,1.0
14,Bronx,2017-04,1607.58,1922.58,1.0
14,Bronx,2017-05,1616.36,1928.24,1.0
14,Bronx,2017-06,1623.35,1934.11,1.0
14,Bronx,2017-07,1601.43,1968.95,1.0
14,Bronx,2017-08,1624.54,1974.72,1.0
14,Bronx,2017-09,1645.88,1994.63,1.0
14,Bronx,2017-10,1634.66,1970.04,1.0
14,Bronx,2017-11,1653.17,1972.22,1.0
14,Bronx,2017-12,1646.69,1965.9,1.0
14,Bronx,2018-01,1651.75,1986.13,1.0
14,Bronx,2018-02,1609.36,1984.42,1.0
14,Bronx,2018-03,1711.79,1977.96,1.0
14,Bronx,2018-04,1702.59,1982.8,1.0
14,Bronx,2018-05,1725.21,1995.68,1.0
14,Bronx,2018-06,1735.13,2026.95,1.0
14,Bronx,2018-07,1801.69,2024.11,1.0
14,Bronx,2018-08,1823.3,2003.61,1.0
14,Bronx,2018-09,1764.2,1985.6,1.0
14,Bronx,2018-10,1728.81,2003.56,1.0
14,Bronx,2018-11,1631.54,2002.02,1.0
14,Bronx,2018-12,1673.87,1987.11,1.0
14,Bronx,2019-01,1669.81,1963.66,1.0
14,Bronx,2019-02,1731.6,1978.16,1.0
14,Bronx,2019-03,1732.44,1994.31,1.0
14,Bronx,2019-04,1725.67,2010.49,1.0
14,Bronx,2019-05,1779.1,2019.79,1.0
14,Bronx,2019-06,1825.01,2040.34,1.0
14,Bronx,2019-07,1762.6,2065.66,1.0
14,Bronx,2019-08,1812.03,2089.73,1.0
14,Bronx,2019-09,1886.5,2106.95,1.0
14,Bronx,2019-10,1830.65,2103.32,1.0
14,Bronx,2019-11,1727.51,2092.1,1.0
14,Bronx,2019-12,1755.08,2062.59,1.0
14,Bronx,2020-01,1777.12,2040.9,1.0
14,Bronx,2020-02,1812.77,2062.81,1.0
14,Bronx,2020-03,1789.41,2155.02,1.0
14,Bronx,2020-04,1715.8,2145.42,1.0
14,Bronx,2020-05,1783.56,2145.76,1.0
14,Bronx,2020-06,1696.66,2122.78,1.0
14,Bronx,2020-07,1713.17,2110.01,1.0
14,Bronx,2020-08,1687.47,2094.02,1.0
14,Bronx,2020-09,1699.47,2125.39,1.0
14,Bronx,2020-10,1784.59,2109.23,1.0
14,Bronx,2020-11,1727.84,2107.6,1.0
14,Bronx,2020-12,1747.58,2071.54,1.0
14,Bronx,2021-01,1695.14,2060.37,1.0
14,Bronx,2021-02,1712.04,2056.04,1.0
14,Bronx,2021-03,1790.06,2068.18,1.0
14,Bronx,2021-04,1764.67,2109.16,1.0
14,Bronx,2021-05,1830.1,2122.34,1.0
14,Bronx,2021-06,1813.86,2125.53,1.0
14,Bronx,2021-07,1761.19,2129.26,1.0
14,Bronx,2021-08,1784.06,2129.86,1.0
14,Bronx,2021-09,1776.58,2134.64,1.0
14,Bronx,2021-10,1801.69,2171.91,1.0
14,Bronx,2021-11,1698.54,2207.21,1.0
14,Bronx,2021-12,1750.35,2212.95,1.0
14,Bronx,2022-01,1834.05,2174.84,1.0
14,Bronx,2022-02,1784.3,2165.03,1.0
14,Bronx,2022-03,1806.6,2185.63,1.0
14,Bronx,2022-04,1914.58,2206.11,1.0
14,Bronx,2022-05,1882.66,1853.55,1.0
14,Bronx,2022-06,1821.34,1877.44,1.0
14,Bronx,2022-07,1873.42,1886.06,1.0
14,Bronx,2022-08,2018.82,1891.31,1.0
14,Bronx,2022-09,1879.82,1912.26,1.0
14,Bronx,2022-10,1871.04,1931.16,1.0
14,Bronx,2022-11,1910.48,1977.39,1.0
14,Bronx,2022-12,1933.64,1942.5,1.0
14,Bronx,2023-01,1903.07,1923.67,1.0
14,Bronx,2023-02,2081.5,1926.56,1.0
14,Bronx,2023-03,2071.83,1969.14,1.0
14,Bronx,2023-04,2026.83,1982.62,1.0
14,Bronx,2023-05,2024.6,1974.19,1.0
14,Bronx,2023-06,2674.67,2005.38,1.0
14,Bronx,2023-07,2326.42,2055.3,1.0
14,Bronx,2023-08,2100.89,2081.02,1.0
14,Bronx,2023-09,2054.23,2077.43,1.0
14,Bronx,2023-10,2128.02,2057.35,1.0
14,Bronx,2023-11,2236.68,2021.34,1.0
14,Bronx,2023-12,1991.09,1998.1,1.0
14,Bronx,2024-01,2039.43,2040.37,1.0
14,Bronx,2024-02,1950.36,2094.77,1.0
14,Bronx,2024-03,1966.59,2151.8,1.0
14,Bronx,2024-04,2019.75,2136.17,1.0
14,Bronx,2024-05,2136.82,2111.34,1.0
14,Bronx,2024-06,2068.76,2110.59,1.0
14,Bronx,2024-07,2306.47,2082.87,1.0
14,Bronx,2024-08,2245.7,2119.83,1.0
14,Bronx,2024-09,2184.14,2117.97,1.0
14,Bronx,2024-10,2067.78,2153.99,1.0
14,Bronx,2024-11,2063.19,2121.1,1.0
14,Bronx,2024-12,2202.31,2113.6,1.0
14,Bronx,2025-01,2075.08,2158.56,1.0
14,Bronx,2025-02,1904.01,2152.35,1.0
14,Bronx,2025-03,1879.15,2168.93,1.0
14,Bronx,2025-04,2145.88,2160.88,1.0
14,Bronx,2025-05,2031.43,2227.01,1.0
14,Bronx,2025-06,2180.98,2232.34,1.0
14,Bronx,2025-07,2259.0,2172.16,1.0
14,Bronx,2025-08,2388.66,2203.23,1.0
14,Bronx,2025-09,2086.18,2264.84,1.0
14,Bronx,2025-10,2325.19,2356.82,1.0
14,Bronx,2025-11,2282.26,2333.95,1.0
14,Bronx,2025-12,2130.9,2241.03,1.0
14,Bronx,2026-01,2168.55,2256.01,1.0
14,Bronx,2026-02,2070.9,2279.36,1.0
14,Bronx,2026-03,2103.84,2519.23,1.0
14,Bronx,2026-04,2186.41,2653.65,1.0
14,Bronx,2026-05,2122.71,2571.46,1.0
14,Bronx,2026-06,2010.18,,1.0
15,Bronx,2017-01,1552.49,1445.44,1.0
15,Bronx,2017-02,1557.69,1465.33,1.0
15,Bronx,2017-03,1583.17,1466.35,1.0
15,Bronx,2017-04,1738.23,1487.35,1.0
15,Bronx,2017-05,1675.46,1505.22,1.0
15,Bronx,2017-06,1702.91,1490.57,1.0
15,Bronx,2017-07,1702.52,1494.5,1.0
15,Bronx,2017-08,1737.05,1477.27,0.9753
15,Bronx,2017-09,1698.59,1478.44,1.0
15,Bronx,2017-10,1697.63,1467.47,1.0
15,Bronx,2017-11,1700.51,1471.76,1.0
15,Bronx,2017-12,1640.65,1469.33,1.0
15,Bronx,2018-01,1654.87,1484.83,1.0
15,Bronx,2018-02,1675.62,1506.36,1.0
15,Bronx,2018-03,1693.76,1545.51,1.0
15,Bronx,2018-04,1679.31,1529.26,1.0
15,Bronx,2018-05,1702.16,1567.74,1.0
15,Bronx,2018-06,1792.6,1565.56,1.0
15,Bronx,2018-07,1775.72,1604.45,1.0
15,Bronx,2018-08,1849.27,1553.32,1.0
15,Bronx,2018-09,1909.82,1584.03,1.0
15,Bronx,2018-10,2016.4,1615.21,1.0
15,Bronx,2018-11,1800.02,1664.25,1.0
15,Bronx,2018-12,1755.43,1655.37,1.0
15,Bronx,2019-01,1879.96,1605.26,1.0
15,Bronx,2019-02,1956.27,1597.05,1.0
15,Bronx,2019-03,1911.69,1588.75,1.0
15,Bronx,2019-04,1815.68,1615.16,1.0
15,Bronx,2019-05,1704.72,1619.12,1.0
15,Bronx,2019-06,1717.11,1648.82,1.0
15,Bronx,2019-07,1833.83,1645.68,1.0
15,Bronx,2019-08,1946.76,1663.71,1.0
15,Bronx,2019-09,1890.27,1661.07,1.0
15,Bronx,2019-10,1854.76,1670.87,1.0
15,Bronx,2019-11,1898.24,1678.69,1.0
15,Bronx,2019-12,1735.48,1676.65,1.0
15,Bronx,2020-01,1779.35,1679.42,1.0
15,Bronx,2020-02,1824.28,1680.36,1.0
15,Bronx,2020-03,1716.33,1713.32,1.0
15,Bronx,2020-04,1833.85,1707.7,1.0
15,Bronx,2020-05,2069.88,1724.49,1.0
15,Bronx,2020-06,1984.72,1722.02,1.0
15,Bronx,2020-07,1996.28,1733.72,1.0
15,Bronx,2020-08,1931.65,1733.57,1.0
15,Bronx,2020-09,1835.59,1762.36,1.0
15,Bronx,2020-10,1785.45,1736.88,1.0
15,Bronx,2020-11,1786.36,1743.21,1.0
15,Bronx,2020-12,1816.67,1727.13,1.0
15,Bronx,2021-01,1892.33,1739.38,1.0
15,Bronx,2021-02,1938.66,1766.37,1.0
15,Bronx,2021-03,1761.99,1770.51,1.0
15,Bronx,2021-04,1830.42,1799.06,1.0
15,Bronx,2021-05,1911.26,1794.12,1.0
15,Bronx,2021-06,1910.94,1796.33,1.0
15,Bronx,2021-07,1914.77,1784.53,1.0
15,Bronx,2021-08,1966.12,1758.24,1.0
15,Bronx,2021-09,2058.23,1755.68,1.0
15,Bronx,2021-10,2180.98,1781.53,1.0
15,Bronx,2021-11,2005.2,1795.62,1.0
15,Bronx,2021-12,1862.76,1776.98,1.0
15,Bronx,2022-01,1615.43,1794.22,1.0
15,Bronx,2022-02,1808.09,1813.35,1.0
15,Bronx,2022-03,1798.06,1872.12,1.0
15,Bronx,2022-04,1853.72,1875.64,1.0
15,Bronx,2022-05,2167.03,1880.04,1.0
15,Bronx,2022-06,2085.28,1881.96,1.0
15,Bronx,2022-07,1987.05,1892.25,1.0
15,Bronx,2022-08,2202.08,1880.41,1.0
15,Bronx,2022-09,2122.13,1919.48,1.0
15,Bronx,2022-10,2115.92,1930.51,1.0
15,Bronx,2022-11,2117.58,1975.8,1.0
15,Bronx,2022-12,2149.24,1957.2,1.0
15,Bronx,2023-01,2158.14,1974.82,1.0
15,Bronx,2023-02,2282.52,1996.82,1.0
15,Bronx,2023-03,2477.36,2017.45,1.0
15,Bronx,2023-04,2480.66,2027.56,1.0
15,Bronx,2023-05,2293.93,2027.66,1.0
15,Bronx,2023-06,2298.3,2028.48,1.0
15,Bronx,2023-07,2445.96,2053.67,1.0
15,Bronx,2023-08,2263.77,2091.78,1.0
15,Bronx,2023-09,2343.48,2091.51,1.0
15,Bronx,2023-10,2150.06,2130.95,1.0
15,Bronx,2023-11,2065.01,2111.78,1.0
15,Bronx,2023-12,2301.96,2162.3,1.0
15,Bronx,2024-01,2465.13,2176.13,1.0
15,Bronx,2024-02,2225.46,2273.66,1.0
15,Bronx,2024-03,2280.18,2262.24,1.0
15,Bronx,2024-04,2179.58,2519.07,1.0
15,Bronx,2024-05,2358.92,2530.59,1.0
15,Bronx,2024-06,2586.03,2391.73,1.0
15,Bronx,2024-07,2595.04,2397.81,1.0
15,Bronx,2024-08,2360.0,2394.01,1.0
15,Bronx,2024-09,2743.77,2355.93,1.0
15,Bronx,2024-10,2256.44,2366.66,1.0
15,Bronx,2024-11,2449.68,2430.22,1.0
15,Bronx,2024-12,2745.65,2544.67,1.0
15,Bronx,2025-01,2478.99,2556.54,1.0
15,Bronx,2025-02,2598.65,2505.34,1.0
15,Bronx,2025-03,2695.68,2452.39,1.0
15,Bronx,2025-04,2872.21,2475.82,1.0
15,Bronx,2025-05,2712.05,2476.59,1.0
15,Bronx,2025-06,2669.16,2386.8,1.0
15,Bronx,2025-07,2587.43,2375.68,1.0
15,Bronx,2025-08,3118.23,2497.83,0.9753
15,Bronx,2025-09,2821.91,2476.9,1.0
15,Bronx,2025-10,2866.68,2545.51,1.0
15,Bronx,2025-11,2898.99,2666.75,1.0
15,Bronx,2025-12,2750.27,2804.06,1.0
15,Bronx,2026-01,2484.31,2903.88,1.0
15,Bronx,2026-02,2026.39,2842.47,1.0
15,Bronx,2026-03,2346.81,2784.52,1.0
15,Bronx,2026-04,2355.62,2768.58,1.0
15,Bronx,2026-05,2276.82,2799.6,1.0
15,Bronx,2026-06,2659.78,,1.0
16,Bronx,2017-01,1582.83,,1.0
16,Bronx,2017-02,1565.98,,1.0
16,Bronx,2017-03,1694.08,,1.0
16,Bronx,2017-04,1666.8,,1.0
16,Bronx,2017-05,1672.07,,1.0
16,Bronx,2017-06,1637.52,,1.0
16,Bronx,2017-07,1696.44,,1.0
16,Bronx,2017-08,1620.89,,1.0
16,Bronx,2017-09,1778.19,,1.0
16,Bronx,2017-10,1781.42,,1.0
16,Bronx,2017-11,1700.19,,1.0
16,Bronx,2017-12,1683.14,,1.0
16,Bronx,2018-01,1676.34,,1.0
16,Bronx,2018-02,1891.08,,1.0
16,Bronx,2018-03,1766.21,,1.0
16,Bronx,2018-04,1827.72,,1.0
16,Bronx,2018-05,1820.94,,1.0
16,Bronx,2018-06,1804.85,,1.0
16,Bronx,2018-07,1761.31,,1.0
16,Bronx,2018-08,1758.04,,1.0
16,Bronx,2018-09,1755.82,,1.0
16,Bronx,2018-10,1818.09,,1.0
16,Bronx,2018-11,1763.59,,1.0
16,Bronx,2018-12,1780.65,,1.0
16,Bronx,2019-01,1911.23,,1.0
16,Bronx,2019-02,1861.75,,1.0
16,Bronx,2019-03,1762.35,,1.0
16,Bronx,2019-04,1714.62,,1.0
16,Bronx,2019-05,1741.48,,1.0
16,Bronx,2019-06,1766.5,,1.0
16,Bronx,2019-07,1827.21,,1.0
16,Bronx,2019-08,1782.37,,1.0
16,Bronx,2019-09,1726.26,,1.0
16,Bronx,2019-10,1745.1,,1.0
16,Bronx,2019-11,1743.85,,1.0
16,Bronx,2019-12,1841.71,,1.0
16,Bronx,2020-01,1850.9,,1.0
16,Bronx,2020-02,1872.17,,1.0
16,Bronx,2020-03,1850.69,,1.0
16,Bronx,2020-04,1927.14,,1.0
16,Bronx,2020-05,1872.18,,1.0
16,Bronx,2020-06,1847.9,,1.0
16,Bronx,2020-07,1805.21,,1.0
16,Bronx,2020-08,1776.79,,1.0
16,Bronx,2020-09,1781.96,,1.0
16,Bronx,2020-10,1773.61,,1.0
16,Bronx,2020-11,1732.43,,1.0
16,Bronx,2020-12,1704.25,,1.0
16,Bronx,2021-01,1740.11,,1.0
16,Bronx,2021-02,1803.98,,1.0
16,Bronx,2021-03,1786.76,,1.0
16,Bronx,2021-04,1839.94,,1.0
16,Bronx,2021-05,1923.25,,1.0
16,Bronx,2021-06,1916.36,,1.0
16,Bronx,2021-07,1933.19,,1.0
16,Bronx,2021-08,1878.16,,1.0
16,Bronx,2021-09,1848.52,,1.0
16,Bronx,2021-10,1838.24,,1.0
16,Bronx,2021-11,1885.47,,1.0
16,Bronx,2021-12,1818.86,,1.0
16,Bronx,2022-01,1851.09,,1.0
16,Bronx,2022-02,1796.56,,1.0
16,Bronx,2022-03,1895.59,,1.0
16,Bronx,2022-04,1904.92,,1.0
16,Bronx,2022-05,1956.59,1742.27,1.0
16,Bronx,2022-06,1958.45,1765.91,1.0
16,Bronx,2022-07,1992.5,1761.52,1.0
16,Bronx,2022-08,2001.61,1769.36,1.0
16,Bronx,2022-09,1934.2,1796.6,1.0
16,Bronx,2022-10,1994.34,1818.28,1.0
16,Bronx,2022-11,1865.38,1862.36,1.0
16,Bronx,2022-12,2035.11,1819.73,1.0
16,Bronx,2023-01,2013.58,2718.58,1.0
16,Bronx,2023-02,2127.34,2766.33,1.0
16,Bronx,2023-03,1961.98,2782.69,1.0
16,Bronx,2023-04,2176.62,2803.18,1.0
16,Bronx,2023-05,2225.26,2783.78,1.0
16,Bronx,2023-06,2274.83,2872.16,1.0
16,Bronx,2023-07,2202.57,2943.3,1.0
16,Bronx,2023-08,2182.04,2944.31,1.0
16,Bronx,2023-09,2138.42,2896.31,1.0
16,Bronx,2023-10,2168.13,2853.43,1.0
16,Bronx,2023-11,2170.65,2917.45,1.0
16,Bronx,2023-12,2192.91,2864.24,1.0
16,Bronx,2024-01,2187.2,2846.95,1.0
16,Bronx,2024-02,2341.54,2797.6,1.0
16,Bronx,2024-03,2154.69,2808.01,1.0
16,Bronx,2024-04,2263.85,2802.79,1.0
16,Bronx,2024-05,2309.79,2786.01,1.0
16,Bronx,2024-06,2291.27,2846.47,1.0
16,Bronx,2024-07,2452.52,2871.7,1.0
16,Bronx,2024-08,2324.31,2894.88,1.0
16,Bronx,2024-09,2432.25,2876.93,1.0
16,Bronx,2024-10,2367.48,2883.44,1.0
16,Bronx,2024-11,2260.56,2847.13,1.0
16,Bronx,2024-12,2229.34,2913.29,1.0
16,Bronx,2025-01,2201.96,2927.99,1.0
16,Bronx,2025-02,2359.38,2965.24,1.0
16,Bronx,2025-03,2305.23,2907.19,1.0
16,Bronx,2025-04,2527.57,2893.93,1.0
16,Bronx,2025-05,2405.05,2861.04,1.0
16,Bronx,2025-06,2441.46,2836.15,1.0
16,Bronx,2025-07,2484.6,2752.59,1.0
16,Bronx,2025-08,2412.88,2764.0,1.0
16,Bronx,2025-09,2441.92,2708.78,1.0
16,Bronx,2025-10,2489.21,2706.05,1.0
16,Bronx,2025-11,2333.21,2775.38,1.0
16,Bronx,2025-12,2205.7,2790.45,1.0
16,Bronx,2026-01,2089.11,2664.43,1.0
16,Bronx,2026-02,2127.04,2713.76,1.0
16,Bronx,2026-03,2069.11,2469.25,1.0
16,Bronx,2026-04,2232.95,2586.39,1.0
16,Bronx,2026-05,2283.57,2664.21,1.0
16,Bronx,2026-06,2546.49,,1.0
17,Bronx,2017-01,1644.86,1467.24,1.0
17,Bronx,2017-02,1554.84,1454.63,1.0
17,Bronx,2017-03,1715.2,1478.92,1.0
17,Bronx,2017-04,1697.21,1508.68,1.0
17,Bronx,2017-05,1743.62,1538.76,1.0
17,Bronx,2017-06,1751.95,1541.15,1.0
17,Bronx,2017-07,1718.93,1524.59,1.0
17,Bronx,2017-08,1592.35,1517.44,0.8708
17,Bronx,2017-09,1641.46,1507.85,1.0
17,Bronx,2017-10,1911.06,1540.97,1.0
17,Bronx,2017-11,2023.69,1518.83,1.0
17,Bronx,2017-12,1923.01,,1.0
17,Bronx,2018-01,1750.88,1550.57,1.0
17,Bronx,2018-02,1856.98,1600.89,1.0
17,Bronx,2018-03,1926.6,1603.71,1.0
17,Bronx,2018-04,1602.68,1604.03,0.8652
17,Bronx,2018-05,1739.0,1614.19,1.0
17,Bronx,2018-06,2054.38,1685.3,1.0
17,Bronx,2018-07,1652.21,1661.28,1.0
17,Bronx,2018-08,1737.59,1642.36,1.0
17,Bronx,2018-09,1829.39,1585.78,1.0
17,Bronx,2018-10,1810.0,1582.41,1.0
17,Bronx,2018-11,1749.83,1578.31,1.0
17,Bronx,2018-12,1664.6,1612.42,1.0
17,Bronx,2019-01,1720.05,1615.26,1.0
17,Bronx,2019-02,1710.87,1643.02,1.0
17,Bronx,2019-03,1804.57,1655.39,1.0
17,Bronx,2019-04,1837.11,,1.0
17,Bronx,2019-05,1757.39,1706.4,1.0
17,Bronx,2019-06,1719.58,1705.59,1.0
17,Bronx,2019-07,1765.01,1681.12,1.0
17,Bronx,2019-08,1769.39,1668.83,1.0
17,Bronx,2019-09,1808.81,1683.51,1.0
17,Bronx,2019-10,1775.0,1697.9,1.0
17,Bronx,2019-11,2210.13,1722.62,1.0
17,Bronx,2019-12,2208.07,1711.98,1.0
17,Bronx,2020-01,1957.58,1731.14,1.0
17,Bronx,2020-02,2017.91,1698.45,1.0
17,Bronx,2020-03,1965.07,1693.03,1.0
17,Bronx,2020-04,2180.27,1714.61,1.0
17,Bronx,2020-05,1910.1,1707.02,1.0
17,Bronx,2020-06,1994.01,1713.46,0.6055
17,Bronx,2020-07,2301.26,1698.9,1.0
17,Bronx,2020-08,2154.9,1717.86,1.0
17,Bronx,2020-09,1802.56,1745.71,1.0
17,Bronx,2020-10,1791.48,1735.7,1.0
17,Bronx,2020-11,1975.4,1740.68,1.0
17,Bronx,2020-12,1805.44,1726.05,1.0
17,Bronx,2021-01,1734.43,1756.94,1.0
17,Bronx,2021-02,1720.12,1771.04,1.0
17,Bronx,2021-03,1666.81,1767.44,1.0
17,Bronx,2021-04,1845.71,1759.0,0.6055
17,Bronx,2021-05,1931.03,1767.36,1.0
17,Bronx,2021-06,1882.02,1816.43,0.6055
17,Bronx,2021-07,1843.74,1801.87,1.0
17,Bronx,2021-08,1907.47,1766.86,1.0
17,Bronx,2021-09,1929.85,1713.06,1.0
17,Bronx,2021-10,1816.85,1812.09,1.0
17,Bronx,2021-11,2058.19,1903.61,1.0
17,Bronx,2021-12,1953.6,1957.45,1.0
17,Bronx,2022-01,2114.45,1875.01,1.0
17,Bronx,2022-02,2155.12,1818.84,1.0
17,Bronx,2022-03,2037.25,2470.36,1.0
17,Bronx,2022-04,1917.3,2517.06,1.0
17,Bronx,2022-05,1963.93,2573.24,1.0
17,Bronx,2022-06,2006.85,2576.0,1.0
17,Bronx,2022-07,2136.39,2617.48,1.0
17,Bronx,2022-08,2047.85,2603.62,1.0
17,Bronx,2022-09,2571.62,2557.78,1.0
17,Bronx,2022-10,2612.51,2575.53,1.0
17,Bronx,2022-11,2545.98,2566.29,1.0
17,Bronx,2022-12,2193.69,2548.67,0.6055
17,Bronx,2023-01,2257.35,2799.18,1.0
17,Bronx,2023-02,1891.52,2850.48,1.0
17,Bronx,2023-03,2080.15,2864.51,1.0
17,Bronx,2023-04,2111.2,2885.37,1.0
17,Bronx,2023-05,2197.15,2865.24,1.0
17,Bronx,2023-06,2549.49,2958.08,1.0
17,Bronx,2023-07,2076.62,3029.93,1.0
17,Bronx,2023-08,2073.48,3027.78,1.0
17,Bronx,2023-09,2820.95,2976.06,1.0
17,Bronx,2023-10,2702.78,2931.65,1.0
17,Bronx,2023-11,2679.84,3005.35,1.0
17,Bronx,2023-12,2424.21,2949.65,1.0
17,Bronx,2024-01,2063.73,2927.33,1.0
17,Bronx,2024-02,2296.38,2868.25,1.0
17,Bronx,2024-03,2132.24,2874.1,1.0
17,Bronx,2024-04,2649.55,2871.93,1.0
17,Bronx,2024-05,2988.52,2856.95,1.0
17,Bronx,2024-06,2853.31,2922.56,1.0
17,Bronx,2024-07,3052.69,2951.3,1.0
17,Bronx,2024-08,2805.72,2972.53,1.0
17,Bronx,2024-09,2842.79,2952.78,0.6055
17,Bronx,2024-10,2452.21,2957.0,1.0
17,Bronx,2024-11,2404.29,2921.82,1.0
17,Bronx,2024-12,2353.34,2995.17,1.0
17,Bronx,2025-01,2739.83,3006.63,1.0
17,Bronx,2025-02,2140.54,3046.87,1.0
17,Bronx,2025-03,2237.64,2981.7,1.0
17,Bronx,2025-04,2316.97,2968.32,1.0
17,Bronx,2025-05,2010.69,2925.59,1.0
17,Bronx,2025-06,2041.66,2899.3,1.0
17,Bronx,2025-07,2316.09,2815.53,1.0
17,Bronx,2025-08,2190.89,2732.18,0.8708
17,Bronx,2025-09,2242.43,2610.94,1.0
17,Bronx,2025-10,2177.95,2705.71,0.6055
17,Bronx,2025-11,2637.43,2825.5,0.4707
17,Bronx,2025-12,2505.44,2929.72,1.0
17,Bronx,2026-01,2260.61,2809.19,1.0
17,Bronx,2026-02,2063.96,2747.94,1.0
17,Bronx,2026-03,2122.9,2866.38,1.0
17,Bronx,2026-04,2786.27,2939.25,1.0
17,Bronx,2026-05,2586.41,2959.9,1.0
17,Bronx,2026-06,2766.52,,1.0
18,Bronx,2017-01,1627.88,1467.24,1.0
18,Bronx,2017-02,1606.98,1454.63,1.0
18,Bronx,2017-03,1700.36,1478.92,1.0
18,Bronx,2017-04,1737.4,1508.68,1.0
18,Bronx,2017-05,1750.93,1538.76,1.0
18,Bronx,2017-06,1688.67,1541.15,1.0
18,Bronx,2017-07,1635.81,1524.59,1.0
18,Bronx,2017-08,1607.9,1517.44,1.0
18,Bronx,2017-09,1589.93,1507.85,1.0
18,Bronx,2017-10,1734.08,1540.97,1.0
18,Bronx,2017-11,1660.78,1518.83,1.0
18,Bronx,2017-12,1682.13,1530.09,1.0
18,Bronx,2018-01,1595.89,1543.43,1.0
18,Bronx,2018-02,1705.76,1571.01,1.0
18,Bronx,2018-03,1868.84,1575.62,1.0
18,Bronx,2018-04,1780.89,1578.65,1.0
18,Bronx,2018-05,1769.3,1606.59,1.0
18,Bronx,2018-06,1748.22,1647.2,1.0
18,Bronx,2018-07,1821.89,1644.28,1.0
18,Bronx,2018-08,1717.27,1617.49,1.0
18,Bronx,2018-09,1916.25,1605.32,1.0
18,Bronx,2018-10,1784.34,1598.32,1.0
18,Bronx,2018-11,1907.98,1606.2,1.0
18,Bronx,2018-12,1782.32,1614.47,1.0
18,Bronx,2019-01,1775.13,1618.5,1.0
18,Bronx,2019-02,1836.99,1637.17,1.0
18,Bronx,2019-03,1773.89,1655.94,1.0
18,Bronx,2019-04,1857.45,1675.68,1.0
18,Bronx,2019-05,1838.4,1708.05,1.0
18,Bronx,2019-06,1946.24,1716.33,1.0
18,Bronx,2019-07,1523.66,1697.26,1.0
18,Bronx,2019-08,1891.24,1683.36,1.0
18,Bronx,2019-09,1767.22,1680.84,1.0
18,Bronx,2019-10,1775.69,1683.48,1.0
18,Bronx,2019-11,1815.7,1699.43,1.0
18,Bronx,2019-12,1878.03,1707.0,1.0
18,Bronx,2020-01,2128.61,1726.06,1.0
18,Bronx,2020-02,2131.82,1713.46,1.0
18,Bronx,2020-03,2004.71,1712.47,1.0
18,Bronx,2020-04,1911.63,1731.53,0.7266
18,Bronx,2020-05,1760.78,1721.26,1.0
18,Bronx,2020-06,1881.0,1715.84,1.0
18,Bronx,2020-07,1943.04,1705.06,1.0
18,Bronx,2020-08,1990.72,1721.51,1.0
18,Bronx,2020-09,1821.66,1740.49,1.0
18,Bronx,2020-10,1964.33,1740.89,1.0
18,Bronx,2020-11,1900.27,1734.78,1.0
18,Bronx,2020-12,2011.8,1720.7,1.0
18,Bronx,2021-01,2019.28,1739.92,1.0
18,Bronx,2021-02,2070.22,1760.62,1.0
18,Bronx,2021-03,2087.11,1757.85,1.0
18,Bronx,2021-04,1904.36,1748.53,1.0
18,Bronx,2021-05,2004.71,1755.33,1.0
18,Bronx,2021-06,1857.36,1801.37,1.0
18,Bronx,2021-07,2216.91,1805.65,1.0
18,Bronx,2021-08,1878.25,1785.84,1.0
18,Bronx,2021-09,2042.02,1755.7,0.8577
18,Bronx,2021-10,2187.64,1818.32,1.0
18,Bronx,2021-11,2109.67,1880.35,1.0
18,Bronx,2021-12,1891.4,1923.94,1.0
18,Bronx,2022-01,2201.28,1872.24,1.0
18,Bronx,2022-02,1948.87,1828.76,1.0
18,Bronx,2022-03,1838.07,1848.72,1.0
18,Bronx,2022-04,1801.67,1897.35,1.0
18,Bronx,2022-05,2031.96,1945.78,0.8577
18,Bronx,2022-06,1952.29,1926.04,1.0
18,Bronx,2022-07,1830.24,1936.1,1.0
18,Bronx,2022-08,2325.82,1977.0,1.0
18,Bronx,2022-09,2197.33,1994.34,1.0
18,Bronx,2022-10,2109.37,1992.98,1.0
18,Bronx,2022-11,1889.31,1971.53,1.0
18,Bronx,2022-12,1578.5,1976.18,1.0
18,Bronx,2023-01,2180.91,2022.38,1.0
18,Bronx,2023-02,2043.41,2078.24,1.0
18,Bronx,2023-03,2368.25,2125.02,1.0
18,Bronx,2023-04,1952.94,2100.13,1.0
18,Bronx,2023-05,2307.09,2097.84,1.0
18,Bronx,2023-06,2081.41,2104.54,1.0
18,Bronx,2023-07,1981.48,2111.44,1.0
18,Bronx,2023-08,2395.69,2128.08,0.8577
18,Bronx,2023-09,2102.18,2150.84,0.7266
18,Bronx,2023-10,2060.47,2159.98,1.0
18,Bronx,2023-11,1939.2,2104.45,1.0
18,Bronx,2023-12,2027.2,2131.2,1.0
18,Bronx,2024-01,1872.32,2160.08,1.0
18,Bronx,2024-02,2254.98,2239.47,1.0
18,Bronx,2024-03,2008.21,2236.5,1.0
18,Bronx,2024-04,2208.36,2281.33,1.0
18,Bronx,2024-05,2352.47,2320.64,1.0
18,Bronx,2024-06,2458.84,2386.14,1.0
18,Bronx,2024-07,2031.19,2408.0,1.0
18,Bronx,2024-08,2533.99,2397.99,1.0
18,Bronx,2024-09,2957.0,2383.02,1.0
18,Bronx,2024-10,2659.05,2363.02,1.0
18,Bronx,2024-11,2314.17,2362.95,1.0
18,Bronx,2024-12,2056.44,2325.96,1.0
18,Bronx,2025-01,2405.21,2352.6,1.0
18,Bronx,2025-02,2202.4,2375.71,1.0
18,Bronx,2025-03,2303.79,2453.62,1.0
18,Bronx,2025-04,2047.65,2504.33,1.0
18,Bronx,2025-05,2107.67,2508.74,0.7266
18,Bronx,2025-06,2001.9,2498.2,0.8577
18,Bronx,2025-07,3000.43,2458.8,1.0
18,Bronx,2025-08,1820.14,2523.68,0.7266
18,Bronx,2025-09,2152.94,2500.47,1.0
18,Bronx,2025-10,2683.86,2541.49,1.0
18,Bronx,2025-11,3227.18,2547.71,1.0
18,Bronx,2025-12,2704.74,2643.87,0.8577
18,Bronx,2026-01,2767.88,2695.92,1.0
18,Bronx,2026-02,2386.71,2597.05,1.0
18,Bronx,2026-03,2487.66,3023.09,0.9107
18,Bronx,2026-04,2450.78,3010.03,0.7266
18,Bronx,2026-05,2333.41,3094.86,0.8577
18,Bronx,2026-06,2333.06,,0.8577
19,Queens,2017-01,2337.77,1861.2,1.0
19,Queens,2017-02,2233.65,1871.12,1.0
19,Queens,2017-03,2218.34,1893.12,1.0
19,Queens,2017-04,2247.47,1907.91,1.0
19,Queens,2017-05,2243.49,1925.71,1.0
19,Queens,2017-06,2362.91,1927.34,1.0
19,Queens,2017-07,2323.65,1938.11,1.0
19,Queens,2017-08,2280.43,1936.31,0.8576
19,Queens,2017-09,2565.76,1936.72,1.0
19,Queens,2017-10,2209.2,1921.77,1.0
19,Queens,2017-11,2347.8,1907.38,1.0
19,Queens,2017-12,2240.55,1904.01,1.0
19,Queens,2018-01,2404.03,1929.79,1.0
19,Queens,2018-02,2878.13,1950.76,1.0
19,Queens,2018-03,2039.7,1984.29,1.0
19,Queens,2018-04,2272.27,1976.69,0.8576
19,Queens,2018-05,2236.37,1943.76,0.8576
19,Queens,2018-06,2035.74,1953.71,0.8576
19,Queens,2018-07,2211.32,1972.61,1.0
19,Queens,2018-08,2233.18,2022.09,1.0
19,Queens,2018-09,2223.89,1993.52,1.0
19,Queens,2018-10,2204.02,1982.28,0.8576
19,Queens,2018-11,2350.85,1962.83,1.0
19,Queens,2018-12,2159.39,1943.79,1.0
19,Queens,2019-01,2217.67,1935.22,1.0
19,Queens,2019-02,2186.87,1944.62,1.0
19,Queens,2019-03,2306.64,2004.56,1.0
19,Queens,2019-04,2251.57,2016.35,1.0
19,Queens,2019-05,2320.39,2014.54,1.0
19,Queens,2019-06,2279.2,1999.03,1.0
19,Queens,2019-07,2283.94,2010.02,1.0
19,Queens,2019-08,2129.07,2013.12,1.0
19,Queens,2019-09,2039.49,2019.67,1.0
19,Queens,2019-10,2200.07,2018.27,1.0
19,Queens,2019-11,2127.62,2025.83,1.0
19,Queens,2019-12,2235.64,2017.26,1.0
19,Queens,2020-01,2090.61,2001.27,1.0
19,Queens,2020-02,2092.83,2002.45,1.0
19,Queens,2020-03,2030.8,2013.97,1.0
19,Queens,2020-04,2062.85,2059.2,1.0
19,Queens,2020-05,2316.29,2058.51,1.0
19,Queens,2020-06,2183.21,2059.82,1.0
19,Queens,2020-07,2136.39,1995.61,1.0
19,Queens,2020-08,2024.43,1963.18,1.0
19,Queens,2020-09,2136.31,1925.43,1.0
19,Queens,2020-10,2208.86,1938.18,1.0
19,Queens,2020-11,2145.67,1964.32,1.0
19,Queens,2020-12,2127.65,1983.66,1.0
19,Queens,2021-01,2144.66,1992.12,1.0
19,Queens,2021-02,2120.39,1970.35,1.0
19,Queens,2021-03,2149.29,1948.03,1.0
19,Queens,2021-04,2202.15,1953.04,0.8576
19,Queens,2021-05,3025.13,1955.39,0.8576
19,Queens,2021-06,2291.13,1990.88,1.0
19,Queens,2021-07,2095.95,2025.55,0.8576
19,Queens,2021-08,2119.95,2068.26,0.8576
19,Queens,2021-09,2210.23,2057.16,1.0
19,Queens,2021-10,2509.06,2058.2,1.0
19,Queens,2021-11,2374.4,2061.63,1.0
19,Queens,2021-12,1944.84,2046.5,1.0
19,Queens,2022-01,2362.52,2057.83,1.0
19,Queens,2022-02,2075.83,2084.5,1.0
19,Queens,2022-03,2355.54,2113.88,1.0
19,Queens,2022-04,2407.47,2146.41,1.0
19,Queens,2022-05,2473.38,2150.23,1.0
19,Queens,2022-06,2454.08,2183.01,1.0
19,Queens,2022-07,2373.42,2187.02,1.0
19,Queens,2022-08,2376.98,2207.03,1.0
19,Queens,2022-09,2548.92,2225.53,1.0
19,Queens,2022-10,2576.99,2241.93,1.0
19,Queens,2022-11,2478.96,2266.36,1.0
19,Queens,2022-12,2488.17,2261.8,1.0
19,Queens,2023-01,2517.25,2263.31,1.0
19,Queens,2023-02,2490.11,2261.55,1.0
19,Queens,2023-03,2501.08,2271.66,1.0
19,Queens,2023-04,2458.71,2296.94,1.0
19,Queens,2023-05,2485.46,2316.92,1.0
19,Queens,2023-06,2498.94,2339.03,1.0
19,Queens,2023-07,2532.19,2358.37,1.0
19,Queens,2023-08,2675.65,2348.8,1.0
19,Queens,2023-09,2426.87,2368.41,1.0
19,Queens,2023-10,2495.93,2361.81,1.0
19,Queens,2023-11,2727.34,2375.0,1.0
19,Queens,2023-12,2670.48,2371.38,1.0
19,Queens,2024-01,2721.48,2396.81,1.0
19,Queens,2024-02,2851.33,2407.39,1.0
19,Queens,2024-03,2658.12,2439.59,1.0
19,Queens,2024-04,2761.07,2441.71,1.0
19,Queens,2024-05,2546.69,2479.37,1.0
19,Queens,2024-06,2885.76,2519.32,1.0
19,Queens,2024-07,2863.66,2536.29,1.0
19,Queens,2024-08,2738.32,2541.1,1.0
19,Queens,2024-09,2992.76,2520.68,1.0
19,Queens,2024-10,2766.54,2514.57,1.0
19,Queens,2024-11,2979.36,2532.71,1.0
19,Queens,2024-12,2896.87,2529.17,1.0
19,Queens,2025-01,2459.6,2501.14,1.0
19,Queens,2025-02,2537.22,2543.34,1.0
19,Queens,2025-03,2686.67,2538.16,1.0
19,Queens,2025-04,2816.21,2547.54,1.0
19,Queens,2025-05,2828.15,2527.13,1.0
19,Queens,2025-06,2593.12,2567.75,1.0
19,Queens,2025-07,2838.6,2618.62,1.0
19,Queens,2025-08,3118.03,2666.78,1.0
19,Queens,2025-09,2871.36,2662.09,1.0
19,Queens,2025-10,3088.04,2654.34,1.0
19,Queens,2025-11,2923.12,2640.11,1.0
19,Queens,2025-12,2841.07,2688.96,1.0
19,Queens,2026-01,2769.65,2774.04,0.8576
19,Queens,2026-02,3047.48,2721.79,0.8576
19,Queens,2026-03,3046.72,2690.34,0.8576
19,Queens,2026-04,2977.49,2755.13,0.8576
19,Queens,2026-05,3069.65,2794.75,1.0
19,Queens,2026-06,2927.54,,1.0
20,Queens,2017-01,2182.79,1823.86,1.0
20,Queens,2017-02,2192.43,1801.9,1.0
20,Queens,2017-03,2053.93,1824.63,1.0
20,Queens,2017-04,2155.37,1827.75,1.0
20,Queens,2017-05,1991.9,1860.1,1.0
20,Queens,2017-06,2201.41,1870.53,1.0
20,Queens,2017-07,2171.68,1886.7,1.0
20,Queens,2017-08,2039.23,1906.03,1.0
20,Queens,2017-09,1911.47,1897.5,1.0
20,Queens,2017-10,1794.33,1903.61,1.0
20,Queens,2017-11,1859.28,1895.26,1.0
20,Queens,2017-12,2073.82,1895.08,1.0
20,Queens,2018-01,2088.95,1903.37,1.0
20,Queens,2018-02,2074.99,1898.24,1.0
20,Queens,2018-03,1931.27,1911.41,1.0
20,Queens,2018-04,2010.71,1899.2,1.0
20,Queens,2018-05,1921.61,1892.01,1.0
20,Queens,2018-06,2034.59,1908.01,1.0
20,Queens,2018-07,1999.77,1929.39,1.0
20,Queens,2018-08,2025.52,1955.35,1.0
20,Queens,2018-09,1965.3,1958.61,1.0
20,Queens,2018-10,1915.79,1967.33,1.0
20,Queens,2018-11,1955.94,1962.69,1.0
20,Queens,2018-12,1911.51,1937.23,1.0
20,Queens,2019-01,1990.93,1898.33,1.0
20,Queens,2019-02,1960.93,1890.25,1.0
20,Queens,2019-03,1970.29,1900.0,1.0
20,Queens,2019-04,1983.96,1932.99,1.0
20,Queens,2019-05,1986.01,1940.95,1.0
20,Queens,2019-06,1955.76,1962.39,1.0
20,Queens,2019-07,1847.63,1968.83,1.0
20,Queens,2019-08,2043.45,2001.96,1.0
20,Queens,2019-09,2033.89,2002.54,1.0
20,Queens,2019-10,1931.25,2005.43,1.0
20,Queens,2019-11,1956.94,1986.28,1.0
20,Queens,2019-12,1896.16,1983.43,1.0
20,Queens,2020-01,1919.86,1972.86,1.0
20,Queens,2020-02,1955.67,1976.97,1.0
20,Queens,2020-03,2058.86,1946.71,1.0
20,Queens,2020-04,1754.97,1956.11,1.0
20,Queens,2020-05,1947.27,1954.2,1.0
20,Queens,2020-06,2116.95,1994.48,1.0
20,Queens,2020-07,2046.26,1966.45,1.0
20,Queens,2020-08,2028.13,1968.48,1.0
20,Queens,2020-09,2054.24,1933.13,1.0
20,Queens,2020-10,2055.78,1938.03,1.0
20,Queens,2020-11,2015.13,1913.65,1.0
20,Queens,2020-12,2140.78,1923.25,1.0
20,Queens,2021-01,2033.53,1911.85,1.0
20,Queens,2021-02,2008.16,1899.77,1.0
20,Queens,2021-03,2053.54,1886.34,1.0
20,Queens,2021-04,2017.13,1891.51,1.0
20,Queens,2021-05,2020.74,1917.79,1.0
20,Queens,2021-06,2136.56,1939.34,1.0
20,Queens,2021-07,2117.73,1965.03,1.0
20,Queens,2021-08,2062.07,1979.35,1.0
20,Queens,2021-09,2233.59,1958.66,1.0
20,Queens,2021-10,2097.88,1946.25,1.0
20,Queens,2021-11,2163.47,1960.16,0.988
20,Queens,2021-12,1889.98,1980.98,1.0
20,Queens,2022-01,2196.54,1994.17,1.0
20,Queens,2022-02,2187.84,1983.67,1.0
20,Queens,2022-03,2225.23,2009.57,1.0
20,Queens,2022-04,2178.6,2016.32,1.0
20,Queens,2022-05,2223.88,2042.62,1.0
20,Queens,2022-06,2225.71,2073.07,1.0
20,Queens,2022-07,2283.89,2128.46,1.0
20,Queens,2022-08,2390.63,2150.35,1.0
20,Queens,2022-09,2375.31,2186.97,1.0
20,Queens,2022-10,2292.02,2182.4,0.988
20,Queens,2022-11,2212.52,2189.29,1.0
20,Queens,2022-12,2234.74,2170.49,1.0
20,Queens,2023-01,2298.28,2186.89,1.0
20,Queens,2023-02,2401.82,2204.51,1.0
20,Queens,2023-03,2089.48,2201.21,1.0
20,Queens,2023-04,2212.97,2187.95,1.0
20,Queens,2023-05,2312.84,2180.61,1.0
20,Queens,2023-06,2389.4,2205.38,1.0
20,Queens,2023-07,2383.14,2245.57,1.0
20,Queens,2023-08,2569.83,2274.52,1.0
20,Queens,2023-09,2732.26,2302.63,1.0
20,Queens,2023-10,2674.98,2318.58,1.0
20,Queens,2023-11,2547.73,2337.23,1.0
20,Queens,2023-12,2431.44,2325.81,1.0
20,Queens,2024-01,2485.83,2361.31,1.0
20,Queens,2024-02,2500.63,2384.03,1.0
20,Queens,2024-03,2850.76,2404.14,1.0
20,Queens,2024-04,2727.96,2399.37,1.0
20,Queens,2024-05,2700.22,2425.3,1.0
20,Queens,2024-06,2657.39,2447.83,1.0
20,Queens,2024-07,2474.48,2481.18,1.0
20,Queens,2024-08,2455.61,2480.54,1.0
20,Queens,2024-09,2430.32,2439.93,1.0
20,Queens,2024-10,2411.47,2421.94,1.0
20,Queens,2024-11,2630.05,2416.37,1.0
20,Queens,2024-12,2567.4,2454.06,1.0
20,Queens,2025-01,2673.46,2449.93,1.0
20,Queens,2025-02,2545.56,2457.22,1.0
20,Queens,2025-03,2572.87,2477.33,1.0
20,Queens,2025-04,2595.73,2521.19,1.0
20,Queens,2025-05,2526.17,2535.12,1.0
20,Queens,2025-06,2566.76,2558.63,1.0
20,Queens,2025-07,2414.42,2579.71,1.0
20,Queens,2025-08,2417.49,2666.13,1.0
20,Queens,2025-09,3052.17,2696.71,1.0
20,Queens,2025-10,3014.07,2672.41,1.0
20,Queens,2025-11,2741.6,2591.53,1.0
20,Queens,2025-12,2893.65,2573.42,1.0
20,Queens,2026-01,2706.95,2596.47,1.0
20,Queens,2026-02,2540.6,2618.61,1.0
20,Queens,2026-03,2652.85,2610.54,1.0
20,Queens,2026-04,2615.25,2596.47,1.0
20,Queens,2026-05,2778.46,2645.88,1.0
20,Queens,2026-06,2653.11,,1.0
21,Queens,2017-01,1943.79,2126.06,0.6859
21,Queens,2017-02,2049.8,2126.51,1.0
21,Queens,2017-03,1976.2,2123.67,1.0
21,Queens,2017-04,1895.62,2118.14,1.0
21,Queens,2017-05,2077.07,2106.03,1.0
21,Queens,2017-06,2164.22,2115.21,1.0
21,Queens,2017-07,2122.16,2128.75,1.0
21,Queens,2017-08,2023.03,2147.91,1.0
21,Queens,2017-09,1845.41,2145.54,1.0
21,Queens,2017-10,1854.58,2139.51,1.0
21,Queens,2017-11,1880.42,2129.34,1.0
21,Queens,2017-12,1933.68,2117.97,1.0
21,Queens,2018-01,1868.74,2098.82,1.0
21,Queens,2018-02,1822.99,2111.63,1.0
21,Queens,2018-03,1795.81,2122.57,1.0
21,Queens,2018-04,1816.87,2165.08,1.0
21,Queens,2018-05,1819.54,2165.2,1.0
21,Queens,2018-06,1965.51,2177.66,1.0
21,Queens,2018-07,2217.17,2168.87,1.0
21,Queens,2018-08,2178.05,2181.05,1.0
21,Queens,2018-09,1911.11,2174.95,1.0
21,Queens,2018-10,2031.34,2177.35,1.0
21,Queens,2018-11,1975.88,2177.74,1.0
21,Queens,2018-12,2073.56,2194.55,1.0
21,Queens,2019-01,1975.81,2210.46,1.0
21,Queens,2019-02,1829.52,2216.8,1.0
21,Queens,2019-03,1923.47,2223.67,1.0
21,Queens,2019-04,2182.96,2208.52,1.0
21,Queens,2019-05,2176.13,2230.32,1.0
21,Queens,2019-06,2075.13,2258.0,1.0
21,Queens,2019-07,2372.72,2300.45,1.0
21,Queens,2019-08,2220.4,2287.61,1.0
21,Queens,2019-09,1969.71,2276.16,1.0
21,Queens,2019-10,1890.11,2257.2,1.0
21,Queens,2019-11,2015.34,2272.8,1.0
21,Queens,2019-12,2086.81,2248.85,1.0
21,Queens,2020-01,2311.64,2261.68,1.0
21,Queens,2020-02,2007.28,2283.5,1.0
21,Queens,2020-03,1976.31,2306.09,1.0
21,Queens,2020-04,1906.38,2296.37,1.0
21,Queens,2020-05,2059.59,2274.47,1.0
21,Queens,2020-06,1964.58,2268.05,1.0
21,Queens,2020-07,1997.53,2247.31,1.0
21,Queens,2020-08,1972.64,2246.25,1.0
21,Queens,2020-09,2054.59,2226.64,1.0
21,Queens,2020-10,2020.52,2231.18,1.0
21,Queens,2020-11,2039.65,2203.86,1.0
21,Queens,2020-12,2066.51,2207.2,1.0
21,Queens,2021-01,2094.76,2187.11,1.0
21,Queens,2021-02,2077.94,1801.63,1.0
21,Queens,2021-03,2222.71,1829.38,1.0
21,Queens,2021-04,2138.36,1855.93,1.0
21,Queens,2021-05,2195.57,1879.23,1.0
21,Queens,2021-06,2159.57,1900.64,1.0
21,Queens,2021-07,2182.24,1934.62,1.0
21,Queens,2021-08,2072.98,1937.75,1.0
21,Queens,2021-09,1820.52,1933.74,1.0
21,Queens,2021-10,1968.95,1930.87,1.0
21,Queens,2021-11,1802.66,1930.15,1.0
21,Queens,2021-12,2124.17,1979.85,1.0
21,Queens,2022-01,1788.83,1972.94,1.0
21,Queens,2022-02,1950.48,1979.12,1.0
21,Queens,2022-03,2132.73,1996.46,1.0
21,Queens,2022-04,2120.4,2023.52,1.0
21,Queens,2022-05,2118.03,2039.2,1.0
21,Queens,2022-06,2039.75,2089.08,1.0
21,Queens,2022-07,2281.85,2131.06,1.0
21,Queens,2022-08,1959.23,2152.07,1.0
21,Queens,2022-09,2284.55,2132.55,1.0
21,Queens,2022-10,2489.44,2112.75,1.0
21,Queens,2022-11,2240.42,2099.41,1.0
21,Queens,2022-12,2324.98,2116.35,1.0
21,Queens,2023-01,2275.06,2119.6,1.0
21,Queens,2023-02,2487.76,2134.27,1.0
21,Queens,2023-03,2349.23,2139.92,1.0
21,Queens,2023-04,2803.59,2158.18,1.0
21,Queens,2023-05,2758.4,2173.2,1.0
21,Queens,2023-06,2811.56,2187.0,1.0
21,Queens,2023-07,2457.08,2220.03,1.0
21,Queens,2023-08,2401.54,2228.63,1.0
21,Queens,2023-09,2604.87,2241.95,1.0
21,Queens,2023-10,2621.05,2246.16,1.0
21,Queens,2023-11,2842.24,2254.27,1.0
21,Queens,2023-12,2708.21,2224.42,1.0
21,Queens,2024-01,2625.54,2197.5,1.0
21,Queens,2024-02,2951.85,2199.06,1.0
21,Queens,2024-03,2705.75,2231.21,1.0
21,Queens,2024-04,3010.82,2256.23,1.0
21,Queens,2024-05,2939.67,2268.71,1.0
21,Queens,2024-06,2718.12,2310.07,1.0
21,Queens,2024-07,2625.95,2337.97,1.0
21,Queens,2024-08,2662.09,2331.24,1.0
21,Queens,2024-09,2806.06,2325.43,1.0
21,Queens,2024-10,2767.3,2274.96,1.0
21,Queens,2024-11,2629.22,2282.79,1.0
21,Queens,2024-12,2727.52,2287.1,1.0
21,Queens,2025-01,2724.25,2333.13,1.0
21,Queens,2025-02,2619.07,2356.64,1.0
21,Queens,2025-03,2774.17,2359.73,1.0
21,Queens,2025-04,2798.09,2341.7,1.0
21,Queens,2025-05,2666.33,2352.02,1.0
21,Queens,2025-06,2788.84,2374.67,1.0
21,Queens,2025-07,2748.16,2451.31,1.0
21,Queens,2025-08,3283.64,2460.14,1.0
21,Queens,2025-09,2733.53,2446.68,1.0
21,Queens,2025-10,2541.11,2394.4,1.0
21,Queens,2025-11,2649.83,2394.36,1.0
21,Queens,2025-12,2633.79,2436.26,1.0
21,Queens,2026-01,2921.53,2455.5,1.0
21,Queens,2026-02,2542.43,2443.65,1.0
21,Queens,2026-03,2760.42,2525.82,1.0
21,Queens,2026-04,2494.3,2549.64,1.0
21,Queens,2026-05,2713.6,2555.12,1.0
21,Queens,2026-06,2914.13,,1.0
22,Queens,2017-01,2204.04,2198.94,0.9423
22,Queens,2017-02,2173.27,2188.48,1.0
22,Queens,2017-03,2207.51,2199.14,1.0
22,Queens,2017-04,2190.2,2199.34,1.0
22,Queens,2017-05,2210.91,2226.77,1.0
22,Queens,2017-06,2277.96,2249.11,1.0
22,Queens,2017-07,2277.96,2266.54,1.0
22,Queens,2017-08,2282.46,2249.56,1.0
22,Queens,2017-09,2240.97,2246.22,1.0
22,Queens,2017-10,2158.33,2241.26,1.0
22,Queens,2017-11,2155.55,2236.75,1.0
22,Queens,2017-12,2171.11,2213.66,1.0
22,Queens,2018-01,2135.06,2191.86,1.0
22,Queens,2018-02,2096.66,2169.18,1.0
22,Queens,2018-03,2098.8,2171.82,1.0
22,Queens,2018-04,2112.14,2195.85,1.0
22,Queens,2018-05,2162.95,2233.76,1.0
22,Queens,2018-06,2157.58,2254.25,1.0
22,Queens,2018-07,2184.59,2267.39,1.0
22,Queens,2018-08,2232.68,2288.03,1.0
22,Queens,2018-09,2202.91,2295.15,1.0
22,Queens,2018-10,2174.13,2280.12,1.0
22,Queens,2018-11,2133.91,2247.34,1.0
22,Queens,2018-12,2129.76,2237.37,1.0
22,Queens,2019-01,2136.86,2222.54,1.0
22,Queens,2019-02,2121.97,2236.86,1.0
22,Queens,2019-03,2146.43,2236.06,1.0
22,Queens,2019-04,2180.77,2260.2,1.0
22,Queens,2019-05,2215.49,2283.5,1.0
22,Queens,2019-06,2245.1,2319.23,1.0
22,Queens,2019-07,2328.75,2350.29,1.0
22,Queens,2019-08,2329.62,2338.85,1.0
22,Queens,2019-09,2301.74,2342.52,1.0
22,Queens,2019-10,2276.92,2355.18,1.0
22,Queens,2019-11,2266.23,2370.44,1.0
22,Queens,2019-12,2274.72,2355.3,1.0
22,Queens,2020-01,2315.2,2338.21,1.0
22,Queens,2020-02,2346.96,2350.85,1.0
22,Queens,2020-03,2279.35,2354.18,1.0
22,Queens,2020-04,2262.4,2350.3,1.0
22,Queens,2020-05,2261.67,2259.6,1.0
22,Queens,2020-06,2236.38,2255.8,1.0
22,Queens,2020-07,2215.2,2261.78,1.0
22,Queens,2020-08,2177.8,2244.86,1.0
22,Queens,2020-09,2143.64,2215.11,1.0
22,Queens,2020-10,2007.85,2185.46,1.0
22,Queens,2020-11,1999.71,2164.91,1.0
22,Queens,2020-12,2010.11,2143.13,1.0
22,Queens,2021-01,1962.95,2127.29,1.0
22,Queens,2021-02,1962.14,2117.55,1.0
22,Queens,2021-03,1919.32,2127.1,1.0
22,Queens,2021-04,1958.53,2140.52,1.0
22,Queens,2021-05,2011.37,2152.04,1.0
22,Queens,2021-06,2022.33,2161.78,1.0
22,Queens,2021-07,2105.18,2194.96,1.0
22,Queens,2021-08,2185.68,2234.54,1.0
22,Queens,2021-09,2152.99,2255.32,1.0
22,Queens,2021-10,2179.1,2263.09,1.0
22,Queens,2021-11,2146.33,2263.92,1.0
22,Queens,2021-12,2230.89,2294.18,1.0
22,Queens,2022-01,2183.62,2315.58,1.0
22,Queens,2022-02,2254.28,2345.27,1.0
22,Queens,2022-03,2340.04,2353.56,1.0
22,Queens,2022-04,2321.44,2367.54,1.0
22,Queens,2022-05,2411.26,2398.72,1.0
22,Queens,2022-06,2538.42,2449.53,1.0
22,Queens,2022-07,2520.99,2500.94,1.0
22,Queens,2022-08,2563.67,2543.56,1.0
22,Queens,2022-09,2696.74,2564.57,1.0
22,Queens,2022-10,2639.45,2578.38,1.0
22,Queens,2022-11,2529.29,2567.91,1.0
22,Queens,2022-12,2551.63,2567.39,1.0
22,Queens,2023-01,2621.8,2565.86,1.0
22,Queens,2023-02,2622.29,2570.58,1.0
22,Queens,2023-03,2637.71,2583.72,1.0
22,Queens,2023-04,2763.74,2603.29,1.0
22,Queens,2023-05,2726.34,2636.1,1.0
22,Queens,2023-06,2782.29,2663.7,1.0
22,Queens,2023-07,2846.1,2699.07,1.0
22,Queens,2023-08,2846.32,2705.22,1.0
22,Queens,2023-09,2791.33,2691.71,1.0
22,Queens,2023-10,2827.81,2678.35,1.0
22,Queens,2023-11,2870.93,2673.41,1.0
22,Queens,2023-12,2832.64,2691.48,1.0
22,Queens,2024-01,2780.39,2683.91,1.0
22,Queens,2024-02,2865.19,2705.49,1.0
22,Queens,2024-03,2859.9,2718.0,1.0
22,Queens,2024-04,2856.99,2741.89,1.0
22,Queens,2024-05,2915.96,2751.46,1.0
22,Queens,2024-06,2931.33,2757.82,1.0
22,Queens,2024-07,2932.68,2770.25,1.0
22,Queens,2024-08,2972.74,2777.94,1.0
22,Queens,2024-09,2901.71,2767.87,1.0
22,Queens,2024-10,2882.49,2764.62,1.0
22,Queens,2024-11,2871.75,2747.67,1.0
22,Queens,2024-12,2799.68,2755.24,1.0
22,Queens,2025-01,2857.76,2765.59,1.0
22,Queens,2025-02,2881.09,2799.13,1.0
22,Queens,2025-03,2934.82,2817.04,1.0
22,Queens,2025-04,2988.26,2829.94,1.0
22,Queens,2025-05,2960.44,2843.57,1.0
22,Queens,2025-06,3105.46,2879.09,1.0
22,Queens,2025-07,3215.64,2934.02,1.0
22,Queens,2025-08,3284.22,2982.95,1.0
22,Queens,2025-09,3123.76,3002.6,1.0
22,Queens,2025-10,3121.35,2988.22,1.0
22,Queens,2025-11,3114.02,2987.11,1.0
22,Queens,2025-12,3048.98,2958.48,1.0
22,Queens,2026-01,3146.42,2954.24,1.0
22,Queens,2026-02,3080.36,2950.79,1.0
22,Queens,2026-03,2993.66,2990.61,1.0
22,Queens,2026-04,3031.52,3016.57,1.0
22,Queens,2026-05,3160.36,2997.21,1.0
22,Queens,2026-06,3296.21,,1.0
23,Queens,2017-01,2013.55,1546.94,1.0
23,Queens,2017-02,1968.21,1548.21,1.0
23,Queens,2017-03,1976.57,1543.29,1.0
23,Queens,2017-04,1997.72,1584.75,1.0
23,Queens,2017-05,1906.54,1597.17,1.0
23,Queens,2017-06,2217.72,1626.38,1.0
23,Queens,2017-07,2282.31,1573.99,1.0
23,Queens,2017-08,2144.81,1524.2,1.0
23,Queens,2017-09,2058.54,1530.71,1.0
23,Queens,2017-10,1993.52,1564.01,1.0
23,Queens,2017-11,1934.14,1638.93,1.0
23,Queens,2017-12,1917.14,1665.35,1.0
23,Queens,2018-01,2162.89,1682.0,1.0
23,Queens,2018-02,2450.11,1666.75,1.0
23,Queens,2018-03,2025.84,1632.72,1.0
23,Queens,2018-04,1906.77,1628.62,1.0
23,Queens,2018-05,2373.73,1674.0,1.0
23,Queens,2018-06,2136.76,1695.6,1.0
23,Queens,2018-07,2199.74,1688.6,1.0
23,Queens,2018-08,2140.89,1642.84,1.0
23,Queens,2018-09,2259.66,1663.02,1.0
23,Queens,2018-10,2098.19,1721.79,1.0
23,Queens,2018-11,2170.85,1747.24,1.0
23,Queens,2018-12,1993.95,1756.23,1.0
23,Queens,2019-01,1970.02,1796.51,1.0
23,Queens,2019-02,2206.75,1828.4,1.0
23,Queens,2019-03,2019.16,1819.01,1.0
23,Queens,2019-04,1989.76,1738.64,1.0
23,Queens,2019-05,2063.51,1756.04,1.0
23,Queens,2019-06,2038.1,1784.55,1.0
23,Queens,2019-07,2121.01,1798.16,1.0
23,Queens,2019-08,2190.53,1817.03,1.0
23,Queens,2019-09,2037.72,1787.48,1.0
23,Queens,2019-10,2153.07,1798.05,1.0
23,Queens,2019-11,2132.74,1771.33,1.0
23,Queens,2019-12,2223.51,1779.61,1.0
23,Queens,2020-01,2230.94,1806.8,1.0
23,Queens,2020-02,2024.41,1831.32,1.0
23,Queens,2020-03,2084.83,1855.82,1.0
23,Queens,2020-04,2084.33,1815.54,1.0
23,Queens,2020-05,2292.93,1791.9,0.8339
23,Queens,2020-06,2127.12,1754.04,1.0
23,Queens,2020-07,2259.35,1753.04,1.0
23,Queens,2020-08,2026.61,1756.95,1.0
23,Queens,2020-09,2172.43,1765.98,1.0
23,Queens,2020-10,2337.79,1777.6,1.0
23,Queens,2020-11,2448.61,1787.74,1.0
23,Queens,2020-12,2285.22,1907.29,1.0
23,Queens,2021-01,2127.49,1940.86,1.0
23,Queens,2021-02,2316.35,1932.15,0.7976
23,Queens,2021-03,1833.76,1926.62,1.0
23,Queens,2021-04,1855.61,1928.15,1.0
23,Queens,2021-05,2006.49,1953.45,1.0
23,Queens,2021-06,1907.47,1959.57,1.0
23,Queens,2021-07,2043.27,1982.66,1.0
23,Queens,2021-08,2051.39,2016.34,1.0
23,Queens,2021-09,2322.16,1994.54,1.0
23,Queens,2021-10,2305.94,1974.26,1.0
23,Queens,2021-11,2071.72,1957.22,0.9404
23,Queens,2021-12,2038.31,1986.82,1.0
23,Queens,2022-01,2189.52,2008.83,0.7976
23,Queens,2022-02,2087.85,2074.73,0.7976
23,Queens,2022-03,2337.05,2079.97,1.0
23,Queens,2022-04,2444.42,2124.89,1.0
23,Queens,2022-05,2100.29,2119.49,1.0
23,Queens,2022-06,2070.04,2140.98,0.7942
23,Queens,2022-07,2294.96,2098.31,0.7976
23,Queens,2022-08,2364.81,2098.96,1.0
23,Queens,2022-09,2519.49,2096.74,1.0
23,Queens,2022-10,2195.36,2129.74,0.9404
23,Queens,2022-11,2219.16,2153.05,1.0
23,Queens,2022-12,2286.84,2194.13,0.8339
23,Queens,2023-01,2585.62,2215.89,1.0
23,Queens,2023-02,2489.8,2206.43,1.0
23,Queens,2023-03,2504.95,2216.52,1.0
23,Queens,2023-04,2590.45,2229.37,1.0
23,Queens,2023-05,2740.2,2255.27,1.0
23,Queens,2023-06,2494.36,2254.59,0.7976
23,Queens,2023-07,2348.58,2258.55,1.0
23,Queens,2023-08,2536.18,2268.46,1.0
23,Queens,2023-09,2561.8,2283.59,1.0
23,Queens,2023-10,2457.36,2266.18,1.0
23,Queens,2023-11,2518.44,2340.69,1.0
23,Queens,2023-12,2531.23,2284.27,0.7976
23,Queens,2024-01,2683.23,2461.14,1.0
23,Queens,2024-02,2946.2,2495.54,1.0
23,Queens,2024-03,2601.17,2456.64,1.0
23,Queens,2024-04,2634.4,2464.09,1.0
23,Queens,2024-05,2528.07,2487.67,1.0
23,Queens,2024-06,2742.33,2530.41,0.7976
23,Queens,2024-07,2596.38,2615.49,1.0
23,Queens,2024-08,2829.15,2614.92,1.0
23,Queens,2024-09,2871.85,2653.72,1.0
23,Queens,2024-10,2350.23,2591.28,1.0
23,Queens,2024-11,2337.6,2689.04,1.0
23,Queens,2024-12,2561.35,2699.38,0.7976
23,Queens,2025-01,2407.12,2710.23,0.7976
23,Queens,2025-02,2455.6,2623.55,1.0
23,Queens,2025-03,2697.36,2620.18,1.0
23,Queens,2025-04,2632.71,2625.22,1.0
23,Queens,2025-05,2594.31,2612.43,1.0
23,Queens,2025-06,2605.58,2668.72,1.0
23,Queens,2025-07,2696.04,2754.95,1.0
23,Queens,2025-08,2794.19,2803.04,1.0
23,Queens,2025-09,2705.84,2811.0,1.0
23,Queens,2025-10,2851.18,2801.47,1.0
23,Queens,2025-11,2540.03,2807.04,1.0
23,Queens,2025-12,2532.6,2867.07,1.0
23,Queens,2026-01,2534.76,2855.43,1.0
23,Queens,2026-02,2644.65,2902.83,1.0
23,Queens,2026-03,2527.34,2827.46,1.0
23,Queens,2026-04,2706.77,2859.63,0.7976
23,Queens,2026-05,2629.49,2952.42,1.0
23,Queens,2026-06,2601.64,,1.0
24,Queens,2017-01,1948.57,1626.44,1.0
24,Queens,2017-02,1893.86,1633.38,1.0
24,Queens,2017-03,1914.35,1635.56,1.0
24,Queens,2017-04,1920.16,1666.13,1.0
24,Queens,2017-05,1879.26,1669.86,1.0
24,Queens,2017-06,2006.77,1692.15,1.0
24,Queens,2017-07,2080.92,1665.8,1.0
24,Queens,2017-08,2296.58,1641.77,1.0
24,Queens,2017-09,1992.93,1645.52,1.0
24,Queens,2017-10,2221.45,1661.11,1.0
24,Queens,2017-11,2059.35,1698.71,1.0
24,Queens,2017-12,2121.5,1709.44,1.0
24,Queens,2018-01,2021.73,1717.69,1.0
24,Queens,2018-02,2021.89,1724.58,1.0
24,Queens,2018-03,2040.02,1712.5,1.0
24,Queens,2018-04,1969.37,1718.02,1.0
24,Queens,2018-05,2038.85,1736.16,1.0
24,Queens,2018-06,2308.21,1750.56,1.0
24,Queens,2018-07,2426.92,1746.82,1.0
24,Queens,2018-08,2366.41,1724.01,1.0
24,Queens,2018-09,2404.96,1735.71,1.0
24,Queens,2018-10,2305.17,1772.15,1.0
24,Queens,2018-11,2177.36,1796.07,1.0
24,Queens,2018-12,2183.08,1808.05,1.0
24,Queens,2019-01,2152.99,1840.57,1.0
24,Queens,2019-02,2206.37,1857.46,1.0
24,Queens,2019-03,2129.78,1853.58,1.0
24,Queens,2019-04,2141.38,1796.88,1.0
24,Queens,2019-05,2160.74,1813.45,1.0
24,Queens,2019-06,2057.57,1833.99,1.0
24,Queens,2019-07,1899.99,1852.27,1.0
24,Queens,2019-08,2000.68,1863.97,1.0
24,Queens,2019-09,2111.61,1843.73,1.0
24,Queens,2019-10,2234.55,1853.44,1.0
24,Queens,2019-11,2037.08,1837.4,1.0
24,Queens,2019-12,2122.54,1842.69,1.0
24,Queens,2020-01,2299.88,1855.53,1.0
24,Queens,2020-02,2016.15,1868.16,1.0
24,Queens,2020-03,2216.02,1885.17,1.0
24,Queens,2020-04,2316.55,1885.05,1.0
24,Queens,2020-05,2118.88,1877.88,1.0
24,Queens,2020-06,2219.3,1860.43,1.0
24,Queens,2020-07,2444.33,1834.08,1.0
24,Queens,2020-08,2041.54,1829.45,1.0
24,Queens,2020-09,1857.54,1827.9,1.0
24,Queens,2020-10,2052.81,1837.39,1.0
24,Queens,2020-11,2105.07,1844.23,1.0
24,Queens,2020-12,2166.73,1860.16,1.0
24,Queens,2021-01,1887.17,1879.79,1.0
24,Queens,2021-02,2206.71,1878.88,1.0
24,Queens,2021-03,1897.9,1891.09,1.0
24,Queens,2021-04,1939.84,1912.88,1.0
24,Queens,2021-05,2177.72,1919.53,1.0
24,Queens,2021-06,1972.52,1929.46,1.0
24,Queens,2021-07,1899.33,1929.62,1.0
24,Queens,2021-08,1847.74,1962.7,1.0
24,Queens,2021-09,2194.87,1989.53,1.0
24,Queens,2021-10,1906.57,1912.3,1.0
24,Queens,2021-11,2067.94,1896.99,0.8947
24,Queens,2021-12,2090.2,1892.18,1.0
24,Queens,2022-01,1979.88,1918.35,1.0
24,Queens,2022-02,1951.66,1944.4,1.0
24,Queens,2022-03,2045.99,1961.67,1.0
24,Queens,2022-04,2112.17,2004.82,1.0
24,Queens,2022-05,2135.58,2028.12,1.0
24,Queens,2022-06,2189.21,2063.74,1.0
24,Queens,2022-07,2455.23,2051.89,1.0
24,Queens,2022-08,2652.7,2057.44,1.0
24,Queens,2022-09,2560.81,2044.07,1.0
24,Queens,2022-10,2507.4,2070.45,0.8947
24,Queens,2022-11,2460.21,2074.66,1.0
24,Queens,2022-12,2429.05,2120.68,1.0
24,Queens,2023-01,2683.5,2113.82,1.0
24,Queens,2023-02,2639.12,2118.91,1.0
24,Queens,2023-03,2635.17,2121.37,1.0
24,Queens,2023-04,2623.95,2139.32,1.0
24,Queens,2023-05,2570.99,2168.39,1.0
24,Queens,2023-06,2428.72,2168.28,1.0
24,Queens,2023-07,2425.37,2178.19,1.0
24,Queens,2023-08,2918.75,2195.98,1.0
24,Queens,2023-09,2724.09,2216.52,1.0
24,Queens,2023-10,2634.82,2211.55,1.0
24,Queens,2023-11,2708.02,2223.66,1.0
24,Queens,2023-12,2563.21,2183.51,1.0
24,Queens,2024-01,2740.93,2222.82,1.0
24,Queens,2024-02,2525.38,2236.71,1.0
24,Queens,2024-03,2360.38,2289.04,1.0
24,Queens,2024-04,2304.22,2306.15,1.0
24,Queens,2024-05,2429.54,2337.03,1.0
24,Queens,2024-06,2608.92,2352.41,1.0
24,Queens,2024-07,2709.99,2384.71,1.0
24,Queens,2024-08,3010.01,2397.85,1.0
24,Queens,2024-09,2554.14,2401.12,1.0
24,Queens,2024-10,2307.63,2344.35,1.0
24,Queens,2024-11,2333.24,2332.27,1.0
24,Queens,2024-12,2466.38,2348.63,1.0
24,Queens,2025-01,2397.72,2371.24,1.0
24,Queens,2025-02,2725.56,2425.88,1.0
24,Queens,2025-03,2689.29,2456.52,1.0
24,Queens,2025-04,2564.98,2519.9,1.0
24,Queens,2025-05,2914.01,2525.4,1.0
24,Queens,2025-06,2908.64,2533.55,1.0
24,Queens,2025-07,2515.79,2491.58,1.0
24,Queens,2025-08,2588.07,2477.86,1.0
24,Queens,2025-09,2687.57,2562.8,1.0
24,Queens,2025-10,2764.58,2592.03,1.0
24,Queens,2025-11,2616.86,2539.88,1.0
24,Queens,2025-12,2561.94,2507.9,1.0
24,Queens,2026-01,2642.14,2479.0,1.0
24,Queens,2026-02,2694.28,2491.76,1.0
24,Queens,2026-03,2416.25,2509.55,1.0
24,Queens,2026-04,2646.39,2545.04,1.0
24,Queens,2026-05,2618.91,2573.3,1.0
24,Queens,2026-06,2877.04,,1.0
25,Queens,2017-01,1924.4,2118.5,1.0
25,Queens,2017-02,1919.81,2128.56,1.0
25,Queens,2017-03,1964.53,2122.9,1.0
25,Queens,2017-04,1924.65,2125.27,1.0
25,Queens,2017-05,1964.69,2110.45,1.0
25,Queens,2017-06,1918.38,2103.63,1.0
25,Queens,2017-07,1978.47,2117.6,1.0
25,Queens,2017-08,1920.32,2134.63,1.0
25,Queens,2017-09,1941.1,2146.09,1.0
25,Queens,2017-10,1888.49,2142.39,1.0
25,Queens,2017-11,1910.2,2142.44,1.0
25,Queens,2017-12,1924.47,2120.1,1.0
25,Queens,2018-01,1922.77,2081.93,1.0
25,Queens,2018-02,1938.42,2073.95,1.0
25,Queens,2018-03,1919.0,2101.79,1.0
25,Queens,2018-04,1920.07,2143.77,1.0
25,Queens,2018-05,1876.99,2139.05,1.0
25,Queens,2018-06,1842.59,2144.16,1.0
25,Queens,2018-07,1963.85,2143.83,1.0
25,Queens,2018-08,1978.07,2171.27,1.0
25,Queens,2018-09,2007.97,2169.31,1.0
25,Queens,2018-10,1909.3,2172.41,1.0
25,Queens,2018-11,1856.92,2174.86,1.0
25,Queens,2018-12,1864.44,2191.67,1.0
25,Queens,2019-01,1874.7,2192.08,1.0
25,Queens,2019-02,1859.96,2193.32,1.0
25,Queens,2019-03,1877.78,2201.61,1.0
25,Queens,2019-04,1916.47,2215.77,1.0
25,Queens,2019-05,1959.93,2234.5,1.0
25,Queens,2019-06,2071.7,2246.11,1.0
25,Queens,2019-07,2084.29,2275.28,1.0
25,Queens,2019-08,2017.63,2276.61,1.0
25,Queens,2019-09,1907.8,2256.62,1.0
25,Queens,2019-10,1954.05,2237.52,1.0
25,Queens,2019-11,1985.7,2237.2,1.0
25,Queens,2019-12,1946.44,2223.51,1.0
25,Queens,2020-01,2023.85,2246.85,1.0
25,Queens,2020-02,2065.41,2260.34,1.0
25,Queens,2020-03,2031.99,2289.98,1.0
25,Queens,2020-04,2027.76,2269.12,1.0
25,Queens,2020-05,2035.35,2269.26,1.0
25,Queens,2020-06,2005.36,2270.09,1.0
25,Queens,2020-07,1984.89,2251.46,1.0
25,Queens,2020-08,1964.59,2240.25,1.0
25,Queens,2020-09,1950.76,2148.11,1.0
25,Queens,2020-10,1909.76,2133.73,1.0
25,Queens,2020-11,1839.11,2158.67,1.0
25,Queens,2020-12,1827.44,2139.83,1.0
25,Queens,2021-01,1784.5,2141.72,1.0
25,Queens,2021-02,1785.12,1888.74,1.0
25,Queens,2021-03,1812.79,1918.59,1.0
25,Queens,2021-04,1801.51,1890.54,1.0
25,Queens,2021-05,1825.68,1906.07,1.0
25,Queens,2021-06,1894.62,1925.79,1.0
25,Queens,2021-07,1862.37,1949.86,1.0
25,Queens,2021-08,1887.36,1957.77,1.0
25,Queens,2021-09,1957.76,1958.47,1.0
25,Queens,2021-10,1976.83,1947.35,1.0
25,Queens,2021-11,2067.85,1968.49,1.0
25,Queens,2021-12,2003.31,1983.16,1.0
25,Queens,2022-01,2000.33,1990.84,1.0
25,Queens,2022-02,1992.54,2008.99,1.0
25,Queens,2022-03,2007.8,2036.71,1.0
25,Queens,2022-04,2109.68,2055.1,1.0
25,Queens,2022-05,2061.68,2069.01,1.0
25,Queens,2022-06,2120.33,2110.34,1.0
25,Queens,2022-07,2131.73,2166.9,1.0
25,Queens,2022-08,2127.27,2184.77,1.0
25,Queens,2022-09,2193.03,2177.71,1.0
25,Queens,2022-10,2225.39,2157.2,1.0
25,Queens,2022-11,2214.71,2153.4,1.0
25,Queens,2022-12,2216.12,2167.9,1.0
25,Queens,2023-01,2165.44,2175.16,1.0
25,Queens,2023-02,2314.61,2186.88,1.0
25,Queens,2023-03,2323.95,2188.45,1.0
25,Queens,2023-04,2283.13,2194.29,1.0
25,Queens,2023-05,2369.33,2211.93,1.0
25,Queens,2023-06,2312.1,2233.3,1.0
25,Queens,2023-07,2376.36,2273.18,1.0
25,Queens,2023-08,2393.22,2284.81,1.0
25,Queens,2023-09,2505.72,2292.72,1.0
25,Queens,2023-10,2442.5,2294.19,1.0
25,Queens,2023-11,2457.61,2299.55,1.0
25,Queens,2023-12,2519.52,2277.88,1.0
25,Queens,2024-01,2517.67,2270.46,1.0
25,Queens,2024-02,2476.72,2264.48,1.0
25,Queens,2024-03,2440.14,2290.49,1.0
25,Queens,2024-04,2384.76,2309.11,1.0
25,Queens,2024-05,2388.24,2328.47,1.0
25,Queens,2024-06,2528.27,2366.89,1.0
25,Queens,2024-07,2459.84,2395.19,1.0
25,Queens,2024-08,2463.89,2399.34,1.0
25,Queens,2024-09,2531.51,2398.22,1.0
25,Queens,2024-10,2432.86,2344.32,1.0
25,Queens,2024-11,2273.0,2346.59,1.0
25,Queens,2024-12,2373.09,2341.96,1.0
25,Queens,2025-01,2552.03,2371.81,1.0
25,Queens,2025-02,2465.89,2385.11,1.0
25,Queens,2025-03,2486.58,2395.58,1.0
25,Queens,2025-04,2587.41,2387.49,1.0
25,Queens,2025-05,2605.78,2394.59,1.0
25,Queens,2025-06,2635.97,2409.61,1.0
25,Queens,2025-07,2539.29,2493.18,1.0
25,Queens,2025-08,2566.97,2522.52,1.0
25,Queens,2025-09,2605.19,2526.24,1.0
25,Queens,2025-10,2563.51,2480.29,1.0
25,Queens,2025-11,2600.21,2468.09,1.0
25,Queens,2025-12,2493.46,2507.54,1.0
25,Queens,2026-01,2482.82,2517.38,1.0
25,Queens,2026-02,2496.91,2513.36,1.0
25,Queens,2026-03,2643.88,2495.93,1.0
25,Queens,2026-04,2578.07,2537.66,1.0
25,Queens,2026-05,2720.2,2572.99,1.0
25,Queens,2026-06,2749.77,,1.0
26,Queens,2017-01,2209.18,2885.78,1.0
26,Queens,2017-02,2207.3,2898.89,1.0
26,Queens,2017-03,2200.09,2948.3,1.0
26,Queens,2017-04,2200.82,2982.06,1.0
26,Queens,2017-05,2189.5,2998.73,1.0
26,Queens,2017-06,2285.77,3034.96,1.0
26,Queens,2017-07,2302.44,3031.08,1.0
26,Queens,2017-08,2323.99,3028.05,1.0
26,Queens,2017-09,2296.97,3003.99,1.0
26,Queens,2017-10,2238.76,2961.62,1.0
26,Queens,2017-11,2176.74,2897.36,1.0
26,Queens,2017-12,2196.04,2802.78,1.0
26,Queens,2018-01,2140.79,2786.55,1.0
26,Queens,2018-02,2134.41,2771.22,1.0
26,Queens,2018-03,2219.38,2813.8,1.0
26,Queens,2018-04,2240.7,2838.73,1.0
26,Queens,2018-05,2241.26,2921.98,1.0
26,Queens,2018-06,2281.37,3006.28,1.0
26,Queens,2018-07,2207.18,3079.19,1.0
26,Queens,2018-08,2242.51,3117.58,1.0
26,Queens,2018-09,2300.53,3110.75,1.0
26,Queens,2018-10,2223.77,3087.14,1.0
26,Queens,2018-11,2253.0,3033.91,1.0
26,Queens,2018-12,2244.15,3003.14,1.0
26,Queens,2019-01,2207.08,2979.32,1.0
26,Queens,2019-02,2189.39,2996.29,1.0
26,Queens,2019-03,2226.91,3036.1,1.0
26,Queens,2019-04,2253.47,3077.78,1.0
26,Queens,2019-05,2278.76,3140.6,1.0
26,Queens,2019-06,2297.58,3182.39,1.0
26,Queens,2019-07,2334.45,3239.61,1.0
26,Queens,2019-08,2399.89,3255.72,1.0
26,Queens,2019-09,2367.65,3256.79,1.0
26,Queens,2019-10,2342.61,3254.86,1.0
26,Queens,2019-11,2345.94,3218.75,1.0
26,Queens,2019-12,2352.88,3193.32,1.0
26,Queens,2020-01,2254.23,3161.34,1.0
26,Queens,2020-02,2337.91,3193.41,1.0
26,Queens,2020-03,2416.07,3199.19,1.0
26,Queens,2020-04,2381.62,3146.91,1.0
26,Queens,2020-05,2297.34,3016.03,1.0
26,Queens,2020-06,2330.74,3017.42,1.0
26,Queens,2020-07,2247.76,3048.57,1.0
26,Queens,2020-08,2244.49,2960.68,1.0
26,Queens,2020-09,2168.75,2630.64,1.0
26,Queens,2020-10,2168.56,2612.78,1.0
26,Queens,2020-11,2128.87,2634.95,1.0
26,Queens,2020-12,2115.93,2625.18,1.0
26,Queens,2021-01,2094.93,2620.86,1.0
26,Queens,2021-02,2074.93,2605.94,1.0
26,Queens,2021-03,2064.27,2620.15,1.0
26,Queens,2021-04,2077.2,2625.86,1.0
26,Queens,2021-05,2100.97,2637.98,1.0
26,Queens,2021-06,2161.04,2662.74,1.0
26,Queens,2021-07,2221.35,2696.94,1.0
26,Queens,2021-08,2272.44,2761.73,1.0
26,Queens,2021-09,2340.0,2800.02,1.0
26,Queens,2021-10,2397.72,2845.9,1.0
26,Queens,2021-11,2382.88,2879.06,1.0
26,Queens,2021-12,2383.99,2906.7,1.0
26,Queens,2022-01,2427.7,2925.37,1.0
26,Queens,2022-02,2481.17,2928.02,1.0
26,Queens,2022-03,2497.69,2799.82,1.0
26,Queens,2022-04,2507.82,2807.32,1.0
26,Queens,2022-05,2665.23,2846.91,1.0
26,Queens,2022-06,2610.49,2888.84,1.0
26,Queens,2022-07,2717.32,2955.2,1.0
26,Queens,2022-08,2759.93,3014.28,1.0
26,Queens,2022-09,2744.43,3063.03,1.0
26,Queens,2022-10,2693.97,3054.64,1.0
26,Queens,2022-11,2637.29,3023.8,1.0
26,Queens,2022-12,2731.48,3002.37,1.0
26,Queens,2023-01,2633.55,3003.58,1.0
26,Queens,2023-02,2759.37,3024.08,1.0
26,Queens,2023-03,2763.39,3035.13,1.0
26,Queens,2023-04,2785.76,3050.1,1.0
26,Queens,2023-05,2894.2,3073.43,1.0
26,Queens,2023-06,2891.76,3100.76,1.0
26,Queens,2023-07,2877.9,3145.18,1.0
26,Queens,2023-08,3132.19,3170.1,1.0
26,Queens,2023-09,3103.18,3201.73,1.0
26,Queens,2023-10,3035.97,3207.83,1.0
26,Queens,2023-11,3009.61,3193.45,1.0
26,Queens,2023-12,2953.16,3184.95,1.0
26,Queens,2024-01,2877.13,3190.92,1.0
26,Queens,2024-02,2877.88,3186.9,1.0
26,Queens,2024-03,2926.26,3187.36,1.0
26,Queens,2024-04,2869.45,3175.22,1.0
26,Queens,2024-05,3018.06,3199.47,1.0
26,Queens,2024-06,3058.25,3227.15,1.0
26,Queens,2024-07,3212.47,3258.6,1.0
26,Queens,2024-08,3135.7,3282.59,1.0
26,Queens,2024-09,3093.02,3285.67,1.0
26,Queens,2024-10,3072.16,3296.08,1.0
26,Queens,2024-11,3021.42,3291.14,1.0
26,Queens,2024-12,3091.84,3297.95,1.0
26,Queens,2025-01,3070.09,3288.31,1.0
26,Queens,2025-02,3067.3,3301.28,1.0
26,Queens,2025-03,3147.48,3320.15,1.0
26,Queens,2025-04,3153.24,3336.99,1.0
26,Queens,2025-05,3131.84,3328.52,1.0
26,Queens,2025-06,3190.38,3334.53,1.0
26,Queens,2025-07,3264.17,3385.96,1.0
26,Queens,2025-08,3284.89,3452.89,1.0
26,Queens,2025-09,3288.74,3478.41,1.0
26,Queens,2025-10,3324.38,3441.68,1.0
26,Queens,2025-11,3286.32,3394.97,1.0
26,Queens,2025-12,3246.46,3390.46,1.0
26,Queens,2026-01,3257.74,3398.38,1.0
26,Queens,2026-02,3241.34,3430.39,1.0
26,Queens,2026-03,3275.53,3459.06,1.0
26,Queens,2026-04,3275.71,3482.71,1.0
26,Queens,2026-05,3358.06,3493.51,1.0
26,Queens,2026-06,3397.02,,1.0
27,Queens,2017-01,1701.07,1532.24,0.9968
27,Queens,2017-02,1712.69,1544.29,0.8418
27,Queens,2017-03,1935.96,1552.13,0.9968
27,Queens,2017-04,1974.8,1586.38,0.9256
27,Queens,2017-05,1967.99,1589.47,1.0
27,Queens,2017-06,2119.01,1611.53,1.0
27,Queens,2017-07,2036.78,1589.34,1.0
27,Queens,2017-08,1595.35,1568.38,0.9256
27,Queens,2017-09,1527.37,1572.08,0.8418
27,Queens,2017-10,1884.66,1583.26,0.9968
27,Queens,2017-11,2158.87,1612.14,0.9968
27,Queens,2017-12,1878.3,1619.93,0.9256
27,Queens,2018-01,2012.46,1631.15,0.6523
27,Queens,2018-02,1765.69,1649.7,1.0
27,Queens,2018-03,1843.62,1643.96,1.0
27,Queens,2018-04,1693.7,1644.72,0.8451
27,Queens,2018-05,1677.38,1651.86,0.8451
27,Queens,2018-06,1696.57,1662.59,0.8451
27,Queens,2018-07,1898.91,1662.13,0.8451
27,Queens,2018-08,1851.04,1642.88,0.8451
27,Queens,2018-09,1699.97,1654.55,0.8451
27,Queens,2018-10,1923.95,1687.36,0.8451
27,Queens,2018-11,1768.54,1717.02,1.0
27,Queens,2018-12,1834.44,1729.41,0.8451
27,Queens,2019-01,1892.14,1762.18,1.0
27,Queens,2019-02,1913.53,1773.22,1.0
27,Queens,2019-03,1832.93,1769.55,1.0
27,Queens,2019-04,2051.37,1714.83,1.0
27,Queens,2019-05,2029.87,1729.46,1.0
27,Queens,2019-06,1784.26,1743.42,0.8451
27,Queens,2019-07,2008.97,1757.75,0.8451
27,Queens,2019-08,2148.58,1772.02,0.8451
27,Queens,2019-09,1870.22,1754.88,0.8451
27,Queens,2019-10,1930.57,1772.2,0.8451
27,Queens,2019-11,2244.04,1753.71,0.8451
27,Queens,2019-12,2176.6,1765.39,1.0
27,Queens,2020-01,2290.64,1769.61,0.8451
27,Queens,2020-02,2336.97,1772.68,1.0
27,Queens,2020-03,1877.78,1783.59,0.8451
27,Queens,2020-04,2213.76,1810.13,0.8451
27,Queens,2020-05,1933.7,1816.67,1.0
27,Queens,2020-06,1694.29,1808.13,1.0
27,Queens,2020-07,2246.56,1765.14,1.0
27,Queens,2020-08,2086.98,1754.53,0.4974
27,Queens,2020-09,1922.82,1751.91,0.7707
27,Queens,2020-10,1975.96,1761.44,0.7674
27,Queens,2020-11,2092.9,1775.85,0.8418
27,Queens,2020-12,2165.49,1786.76,0.8451
27,Queens,2021-01,2327.58,1806.62,0.8451
27,Queens,2021-02,2640.06,1805.45,0.8451
27,Queens,2021-03,2145.75,1814.86,0.9256
27,Queens,2021-04,2131.08,1833.67,0.9256
27,Queens,2021-05,2134.71,1740.69,1.0
27,Queens,2021-06,1903.82,1856.27,0.8418
27,Queens,2021-07,1875.29,1856.43,0.9968
27,Queens,2021-08,1892.91,1894.97,0.9256
27,Queens,2021-09,1784.38,1924.93,0.8451
27,Queens,2021-10,1876.56,1843.41,1.0
27,Queens,2021-11,1927.09,1822.58,1.0
27,Queens,2021-12,2436.01,1809.43,1.0
27,Queens,2022-01,2245.37,1836.38,0.8451
27,Queens,2022-02,2247.96,1862.22,0.9682
27,Queens,2022-03,2419.63,1884.51,0.9968
27,Queens,2022-04,1938.18,1923.82,0.8451
27,Queens,2022-05,1838.26,1944.19,0.8418
27,Queens,2022-06,1992.41,1981.13,0.9353
27,Queens,2022-07,2166.52,1968.83,0.8451
27,Queens,2022-08,3134.67,1972.3,1.0
27,Queens,2022-09,2450.9,1961.29,1.0
27,Queens,2022-10,2827.98,1984.23,1.0
27,Queens,2022-11,2662.59,1981.84,1.0
27,Queens,2022-12,2380.05,2020.82,1.0
27,Queens,2023-01,2353.02,2009.4,1.0
27,Queens,2023-02,2085.88,2017.31,1.0
27,Queens,2023-03,2637.35,2017.45,1.0
27,Queens,2023-04,1955.3,2028.96,0.8451
27,Queens,2023-05,2160.7,2059.32,1.0
27,Queens,2023-06,2338.68,2056.8,0.8418
27,Queens,2023-07,2244.7,2082.37,0.8133
27,Queens,2023-08,2378.65,2104.41,0.8451
27,Queens,2023-09,2528.92,2122.42,0.8451
27,Queens,2023-10,2640.88,2115.63,1.0
27,Queens,2023-11,2543.4,2079.97,0.8451
27,Queens,2023-12,2604.16,2050.32,0.8451
27,Queens,2024-01,2542.58,2074.68,1.0
27,Queens,2024-02,2606.4,2080.83,0.9968
27,Queens,2024-03,2962.48,2136.88,0.8451
27,Queens,2024-04,2710.96,2175.42,0.8451
27,Queens,2024-05,2149.98,2210.0,0.8451
27,Queens,2024-06,2377.76,2205.75,1.0
27,Queens,2024-07,2849.75,2216.2,1.0
27,Queens,2024-08,2597.56,2222.92,0.8451
27,Queens,2024-09,2159.15,2257.56,0.8418
27,Queens,2024-10,2519.14,2202.39,0.8451
27,Queens,2024-11,2089.09,2207.49,1.0
27,Queens,2024-12,2093.35,2212.18,1.0
27,Queens,2025-01,2201.66,2236.77,1.0
27,Queens,2025-02,2471.3,2274.5,1.0
27,Queens,2025-03,2269.9,2258.06,1.0
27,Queens,2025-04,2505.09,2302.94,1.0
27,Queens,2025-05,2620.17,2286.8,1.0
27,Queens,2025-06,2421.35,2292.74,0.8451
27,Queens,2025-07,2954.19,2794.59,0.8451
27,Queens,2025-08,2815.04,2711.89,1.0
27,Queens,2025-09,3085.6,2662.23,0.6523
27,Queens,2025-10,2538.57,2669.96,1.0
27,Queens,2025-11,2470.11,2781.73,1.0
27,Queens,2025-12,2578.47,2804.43,1.0
27,Queens,2026-01,2918.2,2889.57,1.0
27,Queens,2026-02,2795.04,2824.45,1.0
27,Queens,2026-03,2800.68,2834.03,1.0
27,Queens,2026-04,2716.05,2887.78,0.8451
27,Queens,2026-05,3014.15,2993.15,1.0
27,Queens,2026-06,2887.25,,1.0
28,Queens,2017-01,1428.39,1515.57,0.3976
28,Queens,2017-02,1705.99,1539.84,1.0
28,Queens,2017-03,1842.37,1562.15,1.0
28,Queens,2017-04,2439.32,1588.23,0.8256
28,Queens,2017-05,2102.43,1580.74,1.0
28,Queens,2017-06,2145.85,1594.68,1.0
28,Queens,2017-07,2362.1,1606.75,1.0
28,Queens,2017-08,1693.11,1618.5,0.8256
28,Queens,2017-09,1772.39,1619.02,1.0
28,Queens,2017-10,2088.52,1605.09,1.0
28,Queens,2017-11,1917.31,1581.75,1.0
28,Queens,2017-12,1541.9,1568.39,0.8256
28,Queens,2018-01,1553.51,1573.46,1.0
28,Queens,2018-02,1724.66,1630.36,1.0
28,Queens,2018-03,1606.89,1656.71,1.0
28,Queens,2018-04,1716.96,1662.98,1.0
28,Queens,2018-05,2649.99,1626.73,1.0
28,Queens,2018-06,1937.33,1625.15,1.0
28,Queens,2018-07,2686.62,1632.11,1.0
28,Queens,2018-08,2207.15,1642.91,1.0
28,Queens,2018-09,1789.32,1644.94,0.3976
28,Queens,2018-10,1626.28,1648.3,0.3976
28,Queens,2018-11,2257.23,1682.73,1.0
28,Queens,2018-12,2210.35,1698.98,1.0
28,Queens,2019-01,2225.84,1723.24,1.0
28,Queens,2019-02,2190.82,1710.63,0.3976
28,Queens,2019-03,1729.44,1713.44,1.0
28,Queens,2019-04,1420.17,1687.82,1.0
28,Queens,2019-05,2082.65,1699.31,1.0
28,Queens,2019-06,1753.6,1696.76,1.0
28,Queens,2019-07,1939.87,1711.9,1.0
28,Queens,2019-08,2068.09,1720.95,1.0
28,Queens,2019-09,2434.09,1717.9,1.0
28,Queens,2019-10,2054.58,1742.86,1.0
28,Queens,2019-11,2013.23,1733.71,1.0
28,Queens,2019-12,1908.83,1749.26,1.0
28,Queens,2020-01,1976.82,1727.42,1.0
28,Queens,2020-02,2091.91,1706.14,1.0
28,Queens,2020-03,2082.66,1701.64,1.0
28,Queens,2020-04,2142.74,1804.0,1.0
28,Queens,2020-05,1833.6,1844.78,1.0
28,Queens,2020-06,1588.67,1869.49,1.0
28,Queens,2020-07,1737.94,1778.86,1.0
28,Queens,2020-08,2096.66,1751.77,1.0
28,Queens,2020-09,2295.52,1735.96,0.8256
28,Queens,2020-10,2197.45,1743.1,0.8256
28,Queens,2020-11,1930.86,1762.36,1.0
28,Queens,2020-12,2085.41,1751.23,1.0
28,Queens,2021-01,1926.41,1750.24,1.0
28,Queens,2021-02,1792.59,1756.66,1.0
28,Queens,2021-03,2018.98,1750.83,0.8256
28,Queens,2021-04,2114.23,1762.02,0.8256
28,Queens,2021-05,2079.16,1740.69,1.0
28,Queens,2021-06,1930.06,1791.85,1.0
28,Queens,2021-07,2021.49,1796.86,1.0
28,Queens,2021-08,2209.72,1835.17,0.8256
28,Queens,2021-09,1860.9,,1.0
28,Queens,2021-10,1895.4,1822.31,1.0
28,Queens,2021-11,2337.33,1814.22,1.0
28,Queens,2021-12,2370.31,1790.98,1.0
28,Queens,2022-01,2333.1,1808.51,1.0
28,Queens,2022-02,2532.21,1820.92,0.8078
28,Queens,2022-03,2455.39,1862.24,1.0
28,Queens,2022-04,2311.51,1888.88,1.0
28,Queens,2022-05,2358.91,1905.62,1.0
28,Queens,2022-06,3266.13,1940.63,1.0
28,Queens,2022-07,2255.57,1947.9,1.0
28,Queens,2022-08,2769.48,1963.63,1.0
28,Queens,2022-09,2432.52,1975.61,1.0
28,Queens,2022-10,3173.84,1981.55,1.0
28,Queens,2022-11,2524.46,1952.82,1.0
28,Queens,2022-12,2270.83,1941.58,1.0
28,Queens,2023-01,1988.14,1918.33,1.0
28,Queens,2023-02,2333.58,1955.38,1.0
28,Queens,2023-03,2506.14,1949.52,1.0
28,Queens,2023-04,2473.13,1954.29,1.0
28,Queens,2023-05,2191.78,1976.06,1.0
28,Queens,2023-06,2198.24,2000.77,1.0
28,Queens,2023-07,2670.19,2072.04,0.8241
28,Queens,2023-08,2906.43,2105.57,1.0
28,Queens,2023-09,2827.8,2112.79,1.0
28,Queens,2023-10,2741.52,2099.22,1.0
28,Queens,2023-11,2722.46,2065.07,1.0
28,Queens,2023-12,2489.28,2048.83,1.0
28,Queens,2024-01,2544.21,2069.18,1.0
28,Queens,2024-02,2546.57,2060.48,1.0
28,Queens,2024-03,2757.7,2140.81,1.0
28,Queens,2024-04,2993.84,2153.71,1.0
28,Queens,2024-05,3505.89,2212.75,1.0
28,Queens,2024-06,3211.68,2172.19,1.0
28,Queens,2024-07,2813.79,2175.07,1.0
28,Queens,2024-08,2956.85,2173.4,1.0
28,Queens,2024-09,2954.19,2196.34,1.0
28,Queens,2024-10,2674.87,2168.34,1.0
28,Queens,2024-11,2304.73,2202.06,1.0
28,Queens,2024-12,2737.85,2223.64,1.0
28,Queens,2025-01,2739.25,2252.11,1.0
28,Queens,2025-02,2133.23,2234.14,1.0
28,Queens,2025-03,2351.93,2213.08,1.0
28,Queens,2025-04,3183.9,2241.4,0.3976
28,Queens,2025-05,3183.7,2264.43,0.3976
28,Queens,2025-06,3316.61,2293.54,1.0
28,Queens,2025-07,3195.81,2716.99,1.0
28,Queens,2025-08,3091.47,2647.4,1.0
28,Queens,2025-09,2999.29,2598.12,1.0
28,Queens,2025-10,2801.46,2605.2,1.0
28,Queens,2025-11,2382.44,2708.08,1.0
28,Queens,2025-12,2567.1,2726.66,1.0
28,Queens,2026-01,2704.11,2790.44,1.0
28,Queens,2026-02,2734.35,2713.4,1.0
28,Queens,2026-03,3207.16,2840.81,0.3976
28,Queens,2026-04,3167.53,2875.39,1.0
28,Queens,2026-05,3190.05,2763.81,1.0
28,Queens,2026-06,3038.93,,1.0
29,Queens,2017-01,1905.67,2127.87,0.9652
29,Queens,2017-02,1920.0,2123.69,1.0
29,Queens,2017-03,1839.69,2122.31,1.0
29,Queens,2017-04,1937.42,2113.0,1.0
29,Queens,2017-05,1915.39,2102.23,1.0
29,Queens,2017-06,1883.69,2119.27,1.0
29,Queens,2017-07,1948.39,2132.6,1.0
29,Queens,2017-08,1942.06,2152.78,1.0
29,Queens,2017-09,1931.15,2143.65,1.0
29,Queens,2017-10,1938.52,2136.45,1.0
29,Queens,2017-11,1911.13,2121.23,1.0
29,Queens,2017-12,1859.88,2115.22,1.0
29,Queens,2018-01,1859.53,2105.47,1.0
29,Queens,2018-02,1879.86,2128.59,1.0
29,Queens,2018-03,2038.32,2131.31,1.0
29,Queens,2018-04,1867.28,2173.97,1.0
29,Queens,2018-05,1853.54,2176.35,1.0
29,Queens,2018-06,1853.97,2192.36,1.0
29,Queens,2018-07,1944.96,2179.48,1.0
29,Queens,2018-08,1934.64,2184.17,1.0
29,Queens,2018-09,2017.91,2176.07,0.9652
29,Queens,2018-10,1940.48,2178.13,0.9652
29,Queens,2018-11,1839.6,2177.62,1.0
29,Queens,2018-12,1883.69,2194.43,1.0
29,Queens,2019-01,1927.06,2217.95,1.0
29,Queens,2019-02,1860.47,2226.73,0.9652
29,Queens,2019-03,1883.83,2232.9,1.0
29,Queens,2019-04,1962.75,2203.36,1.0
29,Queens,2019-05,1966.61,2226.63,1.0
29,Queens,2019-06,1943.02,2262.08,0.9622
29,Queens,2019-07,1994.48,2310.95,1.0
29,Queens,2019-08,1980.42,2291.24,0.9622
29,Queens,2019-09,2092.62,2284.0,0.9622
29,Queens,2019-10,2035.88,2265.24,1.0
29,Queens,2019-11,2094.18,2288.56,1.0
29,Queens,2019-12,2055.32,2259.71,1.0
29,Queens,2020-01,2042.77,2267.29,1.0
29,Queens,2020-02,2011.06,2293.06,1.0
29,Queens,2020-03,2067.53,2312.11,1.0
29,Queens,2020-04,1953.65,2308.19,1.0
29,Queens,2020-05,1984.62,2275.69,1.0
29,Queens,2020-06,1963.42,2265.82,1.0
29,Queens,2020-07,1830.31,2243.82,1.0
29,Queens,2020-08,1990.98,2247.66,1.0
29,Queens,2020-09,1922.61,2232.27,1.0
29,Queens,2020-10,1889.41,2232.3,1.0
29,Queens,2020-11,1978.32,2198.49,1.0
29,Queens,2020-12,1881.63,2199.24,1.0
29,Queens,2021-01,1971.58,2082.48,1.0
29,Queens,2021-02,1960.34,2110.67,1.0
29,Queens,2021-03,1918.21,2108.52,1.0
29,Queens,2021-04,1876.96,2124.96,1.0
29,Queens,2021-05,1843.28,2103.93,1.0
29,Queens,2021-06,1848.79,2111.76,1.0
29,Queens,2021-07,1893.93,2129.62,1.0
29,Queens,2021-08,1892.21,2140.21,1.0
29,Queens,2021-09,1983.79,2151.22,1.0
29,Queens,2021-10,2038.01,2163.12,1.0
29,Queens,2021-11,2011.17,2185.78,1.0
29,Queens,2021-12,2056.36,2211.97,1.0
29,Queens,2022-01,2149.34,2219.81,1.0
29,Queens,2022-02,2030.08,2222.63,1.0
29,Queens,2022-03,2014.72,2238.41,1.0
29,Queens,2022-04,2116.16,2271.01,1.0
29,Queens,2022-05,2192.34,2315.12,1.0
29,Queens,2022-06,2220.05,2351.07,1.0
29,Queens,2022-07,2171.8,2378.52,1.0
29,Queens,2022-08,2228.19,2409.18,1.0
29,Queens,2022-09,2240.4,2421.94,1.0
29,Queens,2022-10,2250.68,2429.86,1.0
29,Queens,2022-11,2291.15,2429.89,1.0
29,Queens,2022-12,2245.77,2414.42,1.0
29,Queens,2023-01,2203.64,2423.69,1.0
29,Queens,2023-02,2197.94,2468.78,1.0
29,Queens,2023-03,2210.76,2481.58,1.0
29,Queens,2023-04,2263.06,2521.13,1.0
29,Queens,2023-05,2330.69,2509.56,1.0
29,Queens,2023-06,2285.13,2573.18,1.0
29,Queens,2023-07,2541.14,2579.37,0.9622
29,Queens,2023-08,2577.34,2602.48,1.0
29,Queens,2023-09,2541.69,2613.2,1.0
29,Queens,2023-10,2259.14,2599.57,1.0
29,Queens,2023-11,2230.87,2591.13,1.0
29,Queens,2023-12,2316.56,2573.09,1.0
29,Queens,2024-01,2465.68,2594.22,1.0
29,Queens,2024-02,2353.27,2588.94,1.0
29,Queens,2024-03,2390.15,2640.94,1.0
29,Queens,2024-04,2374.16,2668.47,1.0
29,Queens,2024-05,2407.35,2710.8,1.0
29,Queens,2024-06,2446.08,2621.12,1.0
29,Queens,2024-07,2420.21,2663.78,1.0
29,Queens,2024-08,2450.09,2681.59,1.0
29,Queens,2024-09,2416.49,2684.37,1.0
29,Queens,2024-10,2381.9,2694.25,1.0
29,Queens,2024-11,2436.26,2698.31,1.0
29,Queens,2024-12,2760.21,2707.64,1.0
29,Queens,2025-01,2566.4,2772.91,1.0
29,Queens,2025-02,2609.44,2781.63,1.0
29,Queens,2025-03,2376.35,2786.11,1.0
29,Queens,2025-04,2440.39,2756.58,0.9652
29,Queens,2025-05,2427.49,2771.87,0.9652
29,Queens,2025-06,2561.14,2820.55,1.0
29,Queens,2025-07,2691.92,2863.57,1.0
29,Queens,2025-08,2699.85,2881.97,1.0
29,Queens,2025-09,2608.84,2873.21,1.0
29,Queens,2025-10,2692.13,2873.64,1.0
29,Queens,2025-11,2446.95,2939.04,1.0
29,Queens,2025-12,2582.06,2996.09,1.0
29,Queens,2026-01,2560.94,2964.29,1.0
29,Queens,2026-02,2510.06,2924.92,1.0
29,Queens,2026-03,2605.94,2913.22,0.9652
29,Queens,2026-04,2807.19,2946.98,1.0
29,Queens,2026-05,2512.22,2962.58,1.0
29,Queens,2026-06,2579.37,,1.0
30,Queens,2017-01,2132.25,2197.21,1.0
30,Queens,2017-02,2111.86,2204.71,1.0
30,Queens,2017-03,2191.28,2209.8,1.0
30,Queens,2017-04,2094.13,2205.49,1.0
30,Queens,2017-05,2101.2,2217.53,1.0
30,Queens,2017-06,2130.86,2209.87,1.0
30,Queens,2017-07,2166.84,2232.51,1.0
30,Queens,2017-08,2135.22,2238.66,1.0
30,Queens,2017-09,2134.68,2268.84,1.0
30,Queens,2017-10,2101.2,2247.19,1.0
30,Queens,2017-11,2018.52,2242.87,1.0
30,Queens,2017-12,1970.7,2214.77,1.0
30,Queens,2018-01,2101.76,2197.26,1.0
30,Queens,2018-02,2115.68,2184.46,1.0
30,Queens,2018-03,2144.26,2196.56,1.0
30,Queens,2018-04,2162.98,2224.28,1.0
30,Queens,2018-05,2112.5,2234.22,1.0
30,Queens,2018-06,2141.73,2245.92,1.0
30,Queens,2018-07,2123.01,2249.07,1.0
30,Queens,2018-08,2190.92,2263.38,1.0
30,Queens,2018-09,2179.37,2264.69,1.0
30,Queens,2018-10,2149.29,2278.01,1.0
30,Queens,2018-11,2134.14,2268.42,1.0
30,Queens,2018-12,2076.31,2275.15,1.0
30,Queens,2019-01,2112.13,2261.79,1.0
30,Queens,2019-02,2119.28,2281.64,1.0
30,Queens,2019-03,2201.93,2277.55,1.0
30,Queens,2019-04,2172.7,2296.9,1.0
30,Queens,2019-05,2164.85,2292.74,1.0
30,Queens,2019-06,2200.62,2335.92,1.0
30,Queens,2019-07,2255.72,2364.2,1.0
30,Queens,2019-08,2174.37,2380.62,1.0
30,Queens,2019-09,2216.68,2359.76,1.0
30,Queens,2019-10,2235.6,2337.96,1.0
30,Queens,2019-11,2240.33,2356.09,1.0
30,Queens,2019-12,2095.29,2359.82,1.0
30,Queens,2020-01,2138.79,2383.03,1.0
30,Queens,2020-02,2204.63,2386.36,1.0
30,Queens,2020-03,2239.84,2382.01,1.0
30,Queens,2020-04,2176.29,2361.26,1.0
30,Queens,2020-05,2284.91,2362.68,1.0
30,Queens,2020-06,2294.74,2363.13,1.0
30,Queens,2020-07,2192.28,2354.68,1.0
30,Queens,2020-08,2163.87,2317.64,1.0
30,Queens,2020-09,2118.15,2287.98,1.0
30,Queens,2020-10,2032.86,2273.66,1.0
30,Queens,2020-11,2047.71,2246.66,1.0
30,Queens,2020-12,1976.57,2061.47,1.0
30,Queens,2021-01,2037.09,2207.15,1.0
30,Queens,2021-02,2006.04,2063.87,1.0
30,Queens,2021-03,2026.98,2073.82,1.0
30,Queens,2021-04,2088.85,2050.19,1.0
30,Queens,2021-05,2120.48,2062.76,1.0
30,Queens,2021-06,2113.07,2094.72,1.0
30,Queens,2021-07,2128.55,2111.55,1.0
30,Queens,2021-08,2173.72,2134.19,1.0
30,Queens,2021-09,2160.71,2149.46,1.0
30,Queens,2021-10,2153.87,2169.74,1.0
30,Queens,2021-11,2229.68,2168.36,1.0
30,Queens,2021-12,2242.94,2175.38,1.0
30,Queens,2022-01,2258.16,2169.75,1.0
30,Queens,2022-02,2280.12,2191.34,1.0
30,Queens,2022-03,2259.44,2133.35,1.0
30,Queens,2022-04,2364.07,2174.3,1.0
30,Queens,2022-05,2364.68,2216.72,1.0
30,Queens,2022-06,2485.19,2265.54,1.0
30,Queens,2022-07,2484.7,2282.61,1.0
30,Queens,2022-08,2616.7,2313.82,1.0
30,Queens,2022-09,2554.29,2320.62,1.0
30,Queens,2022-10,2598.98,2348.46,1.0
30,Queens,2022-11,2535.09,2331.81,1.0
30,Queens,2022-12,2477.27,2328.55,1.0
30,Queens,2023-01,2502.73,2398.7,1.0
30,Queens,2023-02,2581.33,2395.0,1.0
30,Queens,2023-03,2614.2,2405.69,1.0
30,Queens,2023-04,2545.66,2416.67,1.0
30,Queens,2023-05,2564.23,2378.52,1.0
30,Queens,2023-06,2583.78,2404.71,1.0
30,Queens,2023-07,2591.05,2390.2,1.0
30,Queens,2023-08,2650.97,2416.9,1.0
30,Queens,2023-09,2633.87,2435.79,1.0
30,Queens,2023-10,2649.07,2456.84,1.0
30,Queens,2023-11,2634.63,2472.12,1.0
30,Queens,2023-12,2673.68,2499.96,1.0
30,Queens,2024-01,2692.12,2503.86,1.0
30,Queens,2024-02,2666.78,2503.64,1.0
30,Queens,2024-03,2763.16,2496.58,1.0
30,Queens,2024-04,2679.88,2540.72,1.0
30,Queens,2024-05,2740.41,2590.15,1.0
30,Queens,2024-06,2775.63,2603.88,1.0
30,Queens,2024-07,2758.32,2614.14,1.0
30,Queens,2024-08,2793.1,2599.36,1.0
30,Queens,2024-09,2744.01,2582.98,1.0
30,Queens,2024-10,2750.28,2566.48,1.0
30,Queens,2024-11,2675.14,2565.62,1.0
30,Queens,2024-12,2741.04,2599.21,1.0
30,Queens,2025-01,2617.04,2614.81,1.0
30,Queens,2025-02,2728.0,2629.91,1.0
30,Queens,2025-03,2760.72,2638.05,1.0
30,Queens,2025-04,2771.33,2658.23,1.0
30,Queens,2025-05,2738.11,2665.04,1.0
30,Queens,2025-06,2729.25,2664.23,1.0
30,Queens,2025-07,2790.18,2713.79,1.0
30,Queens,2025-08,2789.83,2696.66,1.0
30,Queens,2025-09,3019.08,2737.32,1.0
30,Queens,2025-10,2970.43,2745.46,1.0
30,Queens,2025-11,2745.47,2757.71,1.0
30,Queens,2025-12,2695.79,2757.09,1.0
30,Queens,2026-01,2636.47,2769.58,1.0
30,Queens,2026-02,2752.19,2804.13,1.0
30,Queens,2026-03,2940.42,2826.29,1.0
30,Queens,2026-04,2872.52,2823.93,1.0
30,Queens,2026-05,3054.42,2820.29,1.0
30,Queens,2026-06,3085.12,,1.0
31,Queens,2017-01,1753.85,,0.7323
31,Queens,2017-02,1554.33,,0.735
31,Queens,2017-03,1946.11,,0.7378
31,Queens,2017-04,1907.26,,1.0
31,Queens,2017-05,2090.77,,1.0
31,Queens,2017-06,2220.97,,1.0
31,Queens,2017-07,2001.02,,1.0
31,Queens,2017-08,2114.71,,1.0
31,Queens,2017-09,2217.11,,0.735
31,Queens,2017-10,2140.45,,0.7378
31,Queens,2017-11,1956.55,,0.7378
31,Queens,2017-12,1928.92,,1.0
31,Queens,2018-01,1897.02,,0.9935
31,Queens,2018-02,1838.6,,0.6837
31,Queens,2018-03,1726.31,,1.0
31,Queens,2018-04,2372.75,,0.9972
31,Queens,2018-05,2433.74,,0.681
31,Queens,2018-06,2376.98,,0.9972
31,Queens,2018-07,2326.02,,0.9972
31,Queens,2018-08,2100.01,,0.9972
31,Queens,2018-09,2060.74,,0.9917
31,Queens,2018-10,2035.02,,0.9917
31,Queens,2018-11,2000.71,,1.0
31,Queens,2018-12,1868.2,,0.9972
31,Queens,2019-01,2085.35,,1.0
31,Queens,2019-02,2010.53,,0.9945
31,Queens,2019-03,1743.76,,1.0
31,Queens,2019-04,1997.98,,1.0
31,Queens,2019-05,2071.74,,1.0
31,Queens,2019-06,1946.66,,0.9972
31,Queens,2019-07,2148.56,,0.9972
31,Queens,2019-08,1998.81,,0.9972
31,Queens,2019-09,1974.78,,0.9972
31,Queens,2019-10,1728.44,,0.9972
31,Queens,2019-11,1873.0,,0.681
31,Queens,2019-12,2161.03,,1.0
31,Queens,2020-01,2183.5,,0.9972
31,Queens,2020-02,2291.86,,0.6837
31,Queens,2020-03,2305.38,,0.681
31,Queens,2020-04,2642.56,,0.9972
31,Queens,2020-05,2292.87,,1.0
31,Queens,2020-06,2246.19,,1.0
31,Queens,2020-07,1939.51,,1.0
31,Queens,2020-08,1727.29,,0.6744
31,Queens,2020-09,2046.32,,0.681
31,Queens,2020-10,2091.86,,0.735
31,Queens,2020-11,2322.02,,0.735
31,Queens,2020-12,2234.85,,0.9972
31,Queens,2021-01,1830.59,,0.9972
31,Queens,2021-02,2181.15,,0.681
31,Queens,2021-03,2494.75,,1.0
31,Queens,2021-04,2469.31,,1.0
31,Queens,2021-05,1826.62,,1.0
31,Queens,2021-06,1922.4,,0.735
31,Queens,2021-07,2415.06,,0.7378
31,Queens,2021-08,2316.63,,1.0
31,Queens,2021-09,2347.87,,0.681
31,Queens,2021-10,2034.94,,1.0
31,Queens,2021-11,2072.13,,1.0
31,Queens,2021-12,2416.19,,1.0
31,Queens,2022-01,2400.42,,0.9972
31,Queens,2022-02,1450.89,,0.5932
31,Queens,2022-03,2953.36,,0.4216
31,Queens,2022-04,2238.74,,0.681
31,Queens,2022-05,2334.82,,0.4188
31,Queens,2022-06,2968.87,,0.6837
31,Queens,2022-07,2717.61,,0.9972
31,Queens,2022-08,3024.97,,1.0
31,Queens,2022-09,2004.23,,1.0
31,Queens,2022-10,2318.54,,1.0
31,Queens,2022-11,2718.28,,1.0
31,Queens,2022-12,2620.63,,1.0
31,Queens,2023-01,3064.94,,1.0
31,Queens,2023-02,2871.67,,1.0
31,Queens,2023-03,2380.98,,1.0
31,Queens,2023-04,2033.53,,0.9972
31,Queens,2023-05,2211.52,,1.0
31,Queens,2023-06,2424.39,,0.735
31,Queens,2023-07,2630.62,,0.9612
31,Queens,2023-08,2462.57,,0.9972
31,Queens,2023-09,2670.26,,0.9972
31,Queens,2023-10,2498.03,,1.0
31,Queens,2023-11,2316.0,,0.681
31,Queens,2023-12,2625.34,,0.681
31,Queens,2024-01,3091.82,,1.0
31,Queens,2024-02,3104.91,,0.7378
31,Queens,2024-03,2893.47,,0.9972
31,Queens,2024-04,2892.87,,0.9972
31,Queens,2024-05,3257.78,,0.9972
31,Queens,2024-06,3316.76,,1.0
31,Queens,2024-07,3259.45,,1.0
31,Queens,2024-08,3205.57,,0.9972
31,Queens,2024-09,3242.18,,0.735
31,Queens,2024-10,2936.03,,0.9972
31,Queens,2024-11,2768.2,,1.0
31,Queens,2024-12,3030.04,,1.0
31,Queens,2025-01,2891.1,,1.0
31,Queens,2025-02,2506.75,,1.0
31,Queens,2025-03,3180.06,,1.0
31,Queens,2025-04,3086.06,,0.9945
31,Queens,2025-05,3205.76,,0.9945
31,Queens,2025-06,2966.35,,0.9972
31,Queens,2025-07,2858.07,,0.681
31,Queens,2025-08,3016.78,3139.71,0.6837
31,Queens,2025-09,3204.08,3246.79,0.6772
31,Queens,2025-10,2889.3,3152.37,1.0
31,Queens,2025-11,3438.68,3166.64,1.0
31,Queens,2025-12,3220.15,3103.38,1.0
31,Queens,2026-01,3144.63,3232.89,0.6837
31,Queens,2026-02,2731.22,3244.02,0.6837
31,Queens,2026-03,3051.88,3062.55,0.9945
31,Queens,2026-04,3410.36,3085.7,0.9972
31,Queens,2026-05,2705.81,2977.27,1.0
31,Queens,2026-06,2524.51,,1.0
32,Queens,2017-01,1871.44,2237.9,1.0
32,Queens,2017-02,1908.7,2243.99,1.0
32,Queens,2017-03,1875.67,2254.65,1.0
32,Queens,2017-04,2064.68,2246.83,1.0
32,Queens,2017-05,2091.97,2272.76,1.0
32,Queens,2017-06,1963.26,2264.81,1.0
32,Queens,2017-07,1857.7,2291.92,1.0
32,Queens,2017-08,1663.43,2292.48,1.0
32,Queens,2017-09,2007.62,2332.2,1.0
32,Queens,2017-10,1880.95,2301.25,1.0
32,Queens,2017-11,2085.67,2294.59,1.0
32,Queens,2017-12,2219.61,2263.61,1.0
32,Queens,2018-01,2062.56,2256.94,1.0
32,Queens,2018-02,2030.87,2241.86,1.0
32,Queens,2018-03,1881.74,2245.68,1.0
32,Queens,2018-04,1817.79,2266.04,1.0
32,Queens,2018-05,1772.99,2283.59,1.0
32,Queens,2018-06,1823.09,2298.76,1.0
32,Queens,2018-07,1937.89,2303.63,1.0
32,Queens,2018-08,1784.24,2311.02,1.0
32,Queens,2018-09,1803.49,2313.98,1.0
32,Queens,2018-10,1847.41,2332.56,1.0
32,Queens,2018-11,1904.03,2316.74,1.0
32,Queens,2018-12,1813.32,2318.26,1.0
32,Queens,2019-01,2005.62,2297.94,1.0
32,Queens,2019-02,2225.01,2327.44,1.0
32,Queens,2019-03,1926.31,2316.95,1.0
32,Queens,2019-04,2221.51,2338.71,1.0
32,Queens,2019-05,1872.72,2322.76,1.0
32,Queens,2019-06,1935.34,2382.38,0.7169
32,Queens,2019-07,2104.75,2410.33,1.0
32,Queens,2019-08,2207.96,2434.41,0.7169
32,Queens,2019-09,2548.23,2413.18,0.7169
32,Queens,2019-10,2215.04,2389.99,1.0
32,Queens,2019-11,1979.79,2417.8,1.0
32,Queens,2019-12,2219.18,2430.41,1.0
32,Queens,2020-01,2202.92,2453.46,1.0
32,Queens,2020-02,2250.55,2451.62,1.0
32,Queens,2020-03,2190.04,2429.67,1.0
32,Queens,2020-04,2096.03,2409.08,1.0
32,Queens,2020-05,2085.95,2410.94,1.0
32,Queens,2020-06,2219.89,2411.13,1.0
32,Queens,2020-07,2129.98,2407.92,1.0
32,Queens,2020-08,2146.15,2357.64,1.0
32,Queens,2020-09,2240.7,2331.59,1.0
32,Queens,2020-10,2076.47,2302.68,1.0
32,Queens,2020-11,1989.81,2267.14,1.0
32,Queens,2020-12,1898.3,2232.96,1.0
32,Queens,2021-01,2047.05,2212.46,1.0
32,Queens,2021-02,1751.29,2211.66,1.0
32,Queens,2021-03,2115.14,2217.96,1.0
32,Queens,2021-04,1937.39,2219.64,1.0
32,Queens,2021-05,2113.49,2250.3,1.0
32,Queens,2021-06,1704.78,2280.68,1.0
32,Queens,2021-07,1910.88,2334.36,1.0
32,Queens,2021-08,1919.92,2366.76,1.0
32,Queens,2021-09,1870.4,2415.82,1.0
32,Queens,2021-10,2138.1,2450.92,1.0
32,Queens,2021-11,2156.08,2474.57,1.0
32,Queens,2021-12,2149.72,2489.71,1.0
32,Queens,2022-01,2324.85,2497.22,1.0
32,Queens,2022-02,2302.42,2518.78,1.0
32,Queens,2022-03,2317.5,2536.24,1.0
32,Queens,2022-04,2516.54,2582.34,1.0
32,Queens,2022-05,2329.39,2637.55,1.0
32,Queens,2022-06,2168.5,2740.84,1.0
32,Queens,2022-07,2286.54,2798.61,1.0
32,Queens,2022-08,2327.71,2861.53,1.0
32,Queens,2022-09,2344.94,2860.95,1.0
32,Queens,2022-10,2162.76,2881.02,1.0
32,Queens,2022-11,2156.94,2854.03,1.0
32,Queens,2022-12,2118.81,2834.53,1.0
32,Queens,2023-01,2117.82,2789.91,1.0
32,Queens,2023-02,2265.85,2786.33,1.0
32,Queens,2023-03,2446.96,2795.55,1.0
32,Queens,2023-04,2504.78,2828.41,1.0
32,Queens,2023-05,2369.26,2856.89,1.0
32,Queens,2023-06,2123.77,2883.34,1.0
32,Queens,2023-07,2322.53,2901.75,0.7169
32,Queens,2023-08,2227.37,2917.29,1.0
32,Queens,2023-09,2620.19,2938.63,1.0
32,Queens,2023-10,2318.78,2948.66,1.0
32,Queens,2023-11,2393.3,2942.98,1.0
32,Queens,2023-12,2343.23,2905.86,1.0
32,Queens,2024-01,2192.92,2897.51,1.0
32,Queens,2024-02,2086.19,2908.98,1.0
32,Queens,2024-03,1998.09,2958.9,1.0
32,Queens,2024-04,2450.88,2970.0,1.0
32,Queens,2024-05,2442.07,3012.51,1.0
32,Queens,2024-06,2637.52,2912.69,1.0
32,Queens,2024-07,2222.5,2980.27,1.0
32,Queens,2024-08,2286.44,2978.78,1.0
32,Queens,2024-09,2481.11,2959.57,1.0
32,Queens,2024-10,2564.16,2918.48,1.0
32,Queens,2024-11,2669.1,2878.59,1.0
32,Queens,2024-12,2517.16,2870.73,1.0
32,Queens,2025-01,2565.44,2945.06,1.0
32,Queens,2025-02,2393.31,2983.7,1.0
32,Queens,2025-03,2293.27,3013.63,1.0
32,Queens,2025-04,2431.31,2994.34,1.0
32,Queens,2025-05,2373.41,3044.71,1.0
32,Queens,2025-06,2680.14,3096.85,1.0
32,Queens,2025-07,2289.45,3153.38,1.0
32,Queens,2025-08,3093.44,3144.01,1.0
32,Queens,2025-09,2749.11,3118.25,1.0
32,Queens,2025-10,2530.35,3087.39,1.0
32,Queens,2025-11,2370.88,3103.3,1.0
32,Queens,2025-12,2524.93,3108.66,1.0
32,Queens,2026-01,2939.89,2694.17,1.0
32,Queens,2026-02,2453.25,2699.55,1.0
32,Queens,2026-03,2846.81,2841.99,1.0
32,Queens,2026-04,2805.6,2818.72,1.0
32,Queens,2026-05,2572.51,2822.36,1.0
32,Queens,2026-06,2662.97,,1.0
33,Brooklyn,2017-01,3058.27,2920.27,1.0
33,Brooklyn,2017-02,3084.0,2913.76,1.0
33,Brooklyn,2017-03,3029.51,2924.43,1.0
33,Brooklyn,2017-04,3027.79,2933.15,1.0
33,Brooklyn,2017-05,3038.69,2951.1,1.0
33,Brooklyn,2017-06,3104.65,2961.64,1.0
33,Brooklyn,2017-07,3105.98,2994.11,1.0
33,Brooklyn,2017-08,3025.63,3000.58,1.0
33,Brooklyn,2017-09,3085.48,2998.99,1.0
33,Brooklyn,2017-10,3046.28,2972.87,1.0
33,Brooklyn,2017-11,2962.72,2942.0,1.0
33,Brooklyn,2017-12,2927.28,2921.94,1.0
33,Brooklyn,2018-01,2916.93,2919.99,1.0
33,Brooklyn,2018-02,2901.57,2928.05,1.0
33,Brooklyn,2018-03,2942.67,2944.19,1.0
33,Brooklyn,2018-04,2963.59,2959.83,1.0
33,Brooklyn,2018-05,3035.36,2979.41,1.0
33,Brooklyn,2018-06,3150.65,2997.13,1.0
33,Brooklyn,2018-07,3145.48,3019.07,1.0
33,Brooklyn,2018-08,3185.76,3036.08,1.0
33,Brooklyn,2018-09,3132.1,3028.25,1.0
33,Brooklyn,2018-10,3109.12,3004.8,1.0
33,Brooklyn,2018-11,3116.43,2980.35,1.0
33,Brooklyn,2018-12,3076.88,2978.63,1.0
33,Brooklyn,2019-01,3060.9,2988.48,1.0
33,Brooklyn,2019-02,3036.49,3017.75,1.0
33,Brooklyn,2019-03,3071.39,3042.89,1.0
33,Brooklyn,2019-04,3177.62,3066.76,1.0
33,Brooklyn,2019-05,3295.66,3092.69,1.0
33,Brooklyn,2019-06,3329.43,3123.92,1.0
33,Brooklyn,2019-07,3407.01,3166.58,1.0
33,Brooklyn,2019-08,3502.97,3185.56,1.0
33,Brooklyn,2019-09,3468.35,3201.02,1.0
33,Brooklyn,2019-10,3421.35,3200.53,1.0
33,Brooklyn,2019-11,3392.21,3192.33,1.0
33,Brooklyn,2019-12,3350.79,3187.36,1.0
33,Brooklyn,2020-01,3419.46,3185.4,1.0
33,Brooklyn,2020-02,3520.23,3214.46,1.0
33,Brooklyn,2020-03,3455.03,3230.4,1.0
33,Brooklyn,2020-04,3425.16,3219.16,1.0
33,Brooklyn,2020-05,3346.28,3183.23,1.0
33,Brooklyn,2020-06,3234.99,3143.43,1.0
33,Brooklyn,2020-07,3155.48,3114.84,1.0
33,Brooklyn,2020-08,3075.69,3065.69,1.0
33,Brooklyn,2020-09,2972.48,3006.85,1.0
33,Brooklyn,2020-10,2868.06,2939.19,1.0
33,Brooklyn,2020-11,2869.32,2902.88,1.0
33,Brooklyn,2020-12,2819.19,2887.19,1.0
33,Brooklyn,2021-01,2761.39,2904.7,1.0
33,Brooklyn,2021-02,2837.65,2933.18,1.0
33,Brooklyn,2021-03,2820.33,2982.66,1.0
33,Brooklyn,2021-04,2886.71,3032.56,1.0
33,Brooklyn,2021-05,2956.68,3099.02,1.0
33,Brooklyn,2021-06,3076.69,3168.86,1.0
33,Brooklyn,2021-07,3349.43,3262.25,1.0
33,Brooklyn,2021-08,3513.48,3337.36,1.0
33,Brooklyn,2021-09,3509.46,3397.53,1.0
33,Brooklyn,2021-10,3493.91,3415.69,1.0
33,Brooklyn,2021-11,3521.71,3431.33,1.0
33,Brooklyn,2021-12,3659.93,3456.91,1.0
33,Brooklyn,2022-01,3726.93,3509.95,1.0
33,Brooklyn,2022-02,3759.48,3577.47,1.0
33,Brooklyn,2022-03,3759.59,3648.09,1.0
33,Brooklyn,2022-04,3944.97,3702.89,1.0
33,Brooklyn,2022-05,4072.32,3805.52,1.0
33,Brooklyn,2022-06,4296.82,3877.06,1.0
33,Brooklyn,2022-07,4418.93,3959.84,1.0
33,Brooklyn,2022-08,4382.61,3969.05,1.0
33,Brooklyn,2022-09,4445.32,3976.06,1.0
33,Brooklyn,2022-10,4349.67,3952.07,1.0
33,Brooklyn,2022-11,4227.76,3892.03,1.0
33,Brooklyn,2022-12,4289.42,3858.29,1.0
33,Brooklyn,2023-01,4154.5,3855.93,1.0
33,Brooklyn,2023-02,4160.05,3901.96,1.0
33,Brooklyn,2023-03,4194.83,3948.05,1.0
33,Brooklyn,2023-04,4255.43,3985.67,1.0
33,Brooklyn,2023-05,4446.21,4022.15,1.0
33,Brooklyn,2023-06,4448.82,4061.34,1.0
33,Brooklyn,2023-07,4482.71,4102.34,1.0
33,Brooklyn,2023-08,4445.28,4124.77,1.0
33,Brooklyn,2023-09,4473.29,4123.34,1.0
33,Brooklyn,2023-10,4372.65,4084.74,1.0
33,Brooklyn,2023-11,4262.62,4014.39,1.0
33,Brooklyn,2023-12,4258.47,3973.53,1.0
33,Brooklyn,2024-01,4293.85,3973.2,1.0
33,Brooklyn,2024-02,4386.74,4024.18,1.0
33,Brooklyn,2024-03,4341.67,4083.87,1.0
33,Brooklyn,2024-04,4426.08,4131.25,1.0
33,Brooklyn,2024-05,4401.25,4182.62,1.0
33,Brooklyn,2024-06,4474.18,4217.81,1.0
33,Brooklyn,2024-07,4449.77,4252.31,1.0
33,Brooklyn,2024-08,4529.51,4269.74,1.0
33,Brooklyn,2024-09,4485.27,4261.68,1.0
33,Brooklyn,2024-10,4526.86,4230.43,1.0
33,Brooklyn,2024-11,4522.14,4182.94,1.0
33,Brooklyn,2024-12,4543.0,4143.74,1.0
33,Brooklyn,2025-01,4527.69,4145.61,1.0
33,Brooklyn,2025-02,4438.42,4204.68,1.0
33,Brooklyn,2025-03,4442.31,4278.88,1.0
33,Brooklyn,2025-04,4586.97,4342.34,1.0
33,Brooklyn,2025-05,4701.69,4389.35,1.0
33,Brooklyn,2025-06,4817.97,4451.29,1.0
33,Brooklyn,2025-07,4791.49,4494.4,1.0
33,Brooklyn,2025-08,4740.5,4518.33,1.0
33,Brooklyn,2025-09,4662.97,4488.58,1.0
33,Brooklyn,2025-10,4675.16,4455.56,1.0
33,Brooklyn,2025-11,4623.96,4404.8,1.0
33,Brooklyn,2025-12,4603.85,4371.98,1.0
33,Brooklyn,2026-01,4645.79,4372.02,1.0
33,Brooklyn,2026-02,4820.25,4401.86,1.0
33,Brooklyn,2026-03,4809.98,4477.17,1.0
33,Brooklyn,2026-04,4766.92,4544.87,1.0
33,Brooklyn,2026-05,4777.24,4614.2,1.0
33,Brooklyn,2026-06,4870.63,,1.0
34,Brooklyn,2017-01,2646.5,2764.98,1.0
34,Brooklyn,2017-02,2645.5,2756.46,1.0
34,Brooklyn,2017-03,2701.45,2748.35,1.0
34,Brooklyn,2017-04,2700.18,2753.39,1.0
34,Brooklyn,2017-05,2730.95,2772.04,1.0
34,Brooklyn,2017-06,2784.75,2787.06,1.0
34,Brooklyn,2017-07,2800.52,2814.44,1.0
34,Brooklyn,2017-08,2754.83,2817.64,1.0
34,Brooklyn,2017-09,2700.09,2824.86,1.0
34,Brooklyn,2017-10,2597.32,2795.04,1.0
34,Brooklyn,2017-11,2573.86,2773.87,1.0
34,Brooklyn,2017-12,2569.65,2757.52,1.0
34,Brooklyn,2018-01,2585.07,2747.61,1.0
34,Brooklyn,2018-02,2630.46,2743.59,1.0
34,Brooklyn,2018-03,2643.3,2742.38,1.0
34,Brooklyn,2018-04,2679.83,2763.31,1.0
34,Brooklyn,2018-05,2732.67,2780.95,1.0
34,Brooklyn,2018-06,2741.87,2791.15,1.0
34,Brooklyn,2018-07,2760.09,2800.23,1.0
34,Brooklyn,2018-08,2775.21,2805.77,1.0
34,Brooklyn,2018-09,2698.96,2800.55,1.0
34,Brooklyn,2018-10,2677.36,2782.73,1.0
34,Brooklyn,2018-11,2622.99,2749.47,1.0
34,Brooklyn,2018-12,2555.77,2731.3,1.0
34,Brooklyn,2019-01,2603.26,2729.65,1.0
34,Brooklyn,2019-02,2610.66,2766.54,1.0
34,Brooklyn,2019-03,2639.06,2801.51,1.0
34,Brooklyn,2019-04,2764.66,2836.25,1.0
34,Brooklyn,2019-05,2830.1,2857.77,1.0
34,Brooklyn,2019-06,2847.7,2892.46,1.0
34,Brooklyn,2019-07,2946.76,2926.07,1.0
34,Brooklyn,2019-08,2971.44,2952.57,1.0
34,Brooklyn,2019-09,2920.16,2965.66,1.0
34,Brooklyn,2019-10,2907.18,2972.63,1.0
34,Brooklyn,2019-11,2934.78,2984.85,1.0
34,Brooklyn,2019-12,2882.43,2985.25,1.0
34,Brooklyn,2020-01,2908.36,2989.0,1.0
34,Brooklyn,2020-02,2901.01,2986.41,1.0
34,Brooklyn,2020-03,2889.89,2991.14,1.0
34,Brooklyn,2020-04,2892.68,2977.51,1.0
34,Brooklyn,2020-05,2842.06,2954.88,1.0
34,Brooklyn,2020-06,2781.48,2921.49,1.0
34,Brooklyn,2020-07,2746.46,2894.23,1.0
34,Brooklyn,2020-08,2651.2,2846.4,1.0
34,Brooklyn,2020-09,2581.99,2794.47,1.0
34,Brooklyn,2020-10,2475.45,2735.13,1.0
34,Brooklyn,2020-11,2460.07,2701.29,1.0
34,Brooklyn,2020-12,2450.5,2676.09,1.0
34,Brooklyn,2021-01,2440.94,2672.07,1.0
34,Brooklyn,2021-02,2445.23,2681.37,1.0
34,Brooklyn,2021-03,2443.69,2701.57,1.0
34,Brooklyn,2021-04,2446.47,2737.25,1.0
34,Brooklyn,2021-05,2509.09,2785.21,1.0
34,Brooklyn,2021-06,2615.23,2853.72,1.0
34,Brooklyn,2021-07,2823.88,2934.23,1.0
34,Brooklyn,2021-08,2999.08,3017.06,1.0
34,Brooklyn,2021-09,3060.78,3099.54,1.0
34,Brooklyn,2021-10,2948.13,3141.87,1.0
34,Brooklyn,2021-11,3017.27,3171.52,1.0
34,Brooklyn,2021-12,3043.53,3188.06,1.0
34,Brooklyn,2022-01,3024.4,3231.62,1.0
34,Brooklyn,2022-02,3147.53,3282.47,1.0
34,Brooklyn,2022-03,3168.25,3341.43,1.0
34,Brooklyn,2022-04,3268.55,3402.29,1.0
34,Brooklyn,2022-05,3392.94,3473.26,1.0
34,Brooklyn,2022-06,3539.69,3547.92,1.0
34,Brooklyn,2022-07,3602.32,3608.74,1.0
34,Brooklyn,2022-08,3733.37,3651.26,1.0
34,Brooklyn,2022-09,3680.29,3668.83,1.0
34,Brooklyn,2022-10,3619.52,3670.28,1.0
34,Brooklyn,2022-11,3492.63,3617.66,1.0
34,Brooklyn,2022-12,3454.32,3560.69,1.0
34,Brooklyn,2023-01,3377.8,3537.63,1.0
34,Brooklyn,2023-02,3428.11,3562.96,1.0
34,Brooklyn,2023-03,3458.96,3605.68,1.0
34,Brooklyn,2023-04,3507.41,3644.4,1.0
34,Brooklyn,2023-05,3569.12,3683.0,1.0
34,Brooklyn,2023-06,3608.96,3730.76,1.0
34,Brooklyn,2023-07,3662.68,3761.86,1.0
34,Brooklyn,2023-08,3624.39,3775.0,1.0
34,Brooklyn,2023-09,3703.45,3772.85,1.0
34,Brooklyn,2023-10,3631.83,3746.4,1.0
34,Brooklyn,2023-11,3461.14,3697.97,1.0
34,Brooklyn,2023-12,3455.35,3648.34,1.0
34,Brooklyn,2024-01,3501.29,3635.18,1.0
34,Brooklyn,2024-02,3478.11,3672.08,1.0
34,Brooklyn,2024-03,3599.98,3728.07,1.0
34,Brooklyn,2024-04,3662.38,3772.13,1.0
34,Brooklyn,2024-05,3737.37,3820.04,1.0
34,Brooklyn,2024-06,3778.16,3854.38,1.0
34,Brooklyn,2024-07,3760.83,3890.5,1.0
34,Brooklyn,2024-08,3730.3,3895.78,1.0
34,Brooklyn,2024-09,3716.1,3875.08,1.0
34,Brooklyn,2024-10,3629.6,3837.4,1.0
34,Brooklyn,2024-11,3563.98,3800.69,1.0
34,Brooklyn,2024-12,3584.93,3771.97,1.0
34,Brooklyn,2025-01,3524.38,3776.38,1.0
34,Brooklyn,2025-02,3570.66,3806.91,1.0
34,Brooklyn,2025-03,3643.43,3865.46,1.0
34,Brooklyn,2025-04,3685.83,3919.44,1.0
34,Brooklyn,2025-05,3864.45,3979.63,1.0
34,Brooklyn,2025-06,3895.06,4045.63,1.0
34,Brooklyn,2025-07,3947.24,4093.22,1.0
34,Brooklyn,2025-08,3939.49,4105.47,1.0
34,Brooklyn,2025-09,3825.79,4072.63,1.0
34,Brooklyn,2025-10,3821.6,4036.85,1.0
34,Brooklyn,2025-11,3774.37,3988.19,1.0
34,Brooklyn,2025-12,3812.67,3941.1,1.0
34,Brooklyn,2026-01,3753.31,3953.42,1.0
34,Brooklyn,2026-02,3755.23,4007.15,1.0
34,Brooklyn,2026-03,3839.16,4089.96,1.0
34,Brooklyn,2026-04,3985.17,4139.22,1.0
34,Brooklyn,2026-05,4145.13,4198.93,1.0
34,Brooklyn,2026-06,4167.89,,1.0
35,Brooklyn,2017-01,2618.8,2514.34,1.0
35,Brooklyn,2017-02,2649.1,2503.03,1.0
35,Brooklyn,2017-03,2668.38,2513.79,1.0
35,Brooklyn,2017-04,2685.53,2530.02,1.0
35,Brooklyn,2017-05,2706.38,2549.97,1.0
35,Brooklyn,2017-06,2755.63,2584.71,1.0
35,Brooklyn,2017-07,2790.6,2603.92,1.0
35,Brooklyn,2017-08,2755.83,2623.36,1.0
35,Brooklyn,2017-09,2727.43,2615.15,1.0
35,Brooklyn,2017-10,2678.96,2594.67,1.0
35,Brooklyn,2017-11,2630.2,2571.03,1.0
35,Brooklyn,2017-12,2616.28,2564.55,1.0
35,Brooklyn,2018-01,2593.68,2566.82,1.0
35,Brooklyn,2018-02,2577.8,2564.17,1.0
35,Brooklyn,2018-03,2623.41,2578.57,1.0
35,Brooklyn,2018-04,2651.92,2594.33,1.0
35,Brooklyn,2018-05,2701.66,2620.1,1.0
35,Brooklyn,2018-06,2785.17,2640.66,1.0
35,Brooklyn,2018-07,2889.14,2667.42,1.0
35,Brooklyn,2018-08,2838.21,2686.2,1.0
35,Brooklyn,2018-09,2752.57,2694.06,1.0
35,Brooklyn,2018-10,2680.25,2682.97,1.0
35,Brooklyn,2018-11,2705.77,2666.25,1.0
35,Brooklyn,2018-12,2693.45,2660.62,1.0
35,Brooklyn,2019-01,2703.68,2671.2,1.0
35,Brooklyn,2019-02,2689.54,2680.35,1.0
35,Brooklyn,2019-03,2764.1,2687.09,1.0
35,Brooklyn,2019-04,2872.03,2696.22,1.0
35,Brooklyn,2019-05,2960.65,2720.88,1.0
35,Brooklyn,2019-06,2931.73,2741.27,1.0
35,Brooklyn,2019-07,2981.68,2764.35,1.0
35,Brooklyn,2019-08,2958.26,2783.82,1.0
35,Brooklyn,2019-09,2922.27,2801.05,1.0
35,Brooklyn,2019-10,2937.92,2800.99,1.0
35,Brooklyn,2019-11,2888.18,2791.23,1.0
35,Brooklyn,2019-12,2919.84,2784.44,1.0
35,Brooklyn,2020-01,2952.07,2778.04,1.0
35,Brooklyn,2020-02,2944.01,2798.07,1.0
35,Brooklyn,2020-03,2942.23,2810.86,1.0
35,Brooklyn,2020-04,2902.59,2812.07,1.0
35,Brooklyn,2020-05,2901.64,2791.88,1.0
35,Brooklyn,2020-06,2837.47,2760.87,1.0
35,Brooklyn,2020-07,2790.94,2737.53,1.0
35,Brooklyn,2020-08,2737.17,2699.04,1.0
35,Brooklyn,2020-09,2636.78,2648.47,1.0
35,Brooklyn,2020-10,2574.1,2600.81,1.0
35,Brooklyn,2020-11,2539.67,2552.55,1.0
35,Brooklyn,2020-12,2516.81,2533.53,1.0
35,Brooklyn,2021-01,2513.71,2526.12,1.0
35,Brooklyn,2021-02,2492.43,2545.67,1.0
35,Brooklyn,2021-03,2504.25,2566.51,1.0
35,Brooklyn,2021-04,2539.89,2605.35,1.0
35,Brooklyn,2021-05,2588.93,2652.59,1.0
35,Brooklyn,2021-06,2672.43,2714.91,1.0
35,Brooklyn,2021-07,2807.1,2776.23,1.0
35,Brooklyn,2021-08,2939.27,2827.33,1.0
35,Brooklyn,2021-09,2968.03,2862.4,1.0
35,Brooklyn,2021-10,2960.53,2882.96,1.0
35,Brooklyn,2021-11,2975.69,2908.99,1.0
35,Brooklyn,2021-12,3050.61,2931.45,1.0
35,Brooklyn,2022-01,3106.04,2959.59,1.0
35,Brooklyn,2022-02,3198.16,2988.89,1.0
35,Brooklyn,2022-03,3223.8,3043.72,1.0
35,Brooklyn,2022-04,3322.86,3098.1,1.0
35,Brooklyn,2022-05,3492.76,3159.09,1.0
35,Brooklyn,2022-06,3600.11,3218.67,1.0
35,Brooklyn,2022-07,3694.79,3280.97,1.0
35,Brooklyn,2022-08,3745.36,3332.26,1.0
35,Brooklyn,2022-09,3586.01,3333.14,1.0
35,Brooklyn,2022-10,3645.31,3308.2,1.0
35,Brooklyn,2022-11,3659.92,3265.72,1.0
35,Brooklyn,2022-12,3518.05,3244.15,1.0
35,Brooklyn,2023-01,3528.86,3247.55,1.0
35,Brooklyn,2023-02,3564.7,3252.72,1.0
35,Brooklyn,2023-03,3570.39,3276.29,1.0
35,Brooklyn,2023-04,3649.03,3305.3,1.0
35,Brooklyn,2023-05,3646.13,3346.31,1.0
35,Brooklyn,2023-06,3685.03,3388.63,1.0
35,Brooklyn,2023-07,3794.33,3399.59,1.0
35,Brooklyn,2023-08,3811.01,3431.91,1.0
35,Brooklyn,2023-09,3729.22,3434.05,1.0
35,Brooklyn,2023-10,3627.17,3434.02,1.0
35,Brooklyn,2023-11,3571.85,3393.53,1.0
35,Brooklyn,2023-12,3562.76,3384.01,1.0
35,Brooklyn,2024-01,3547.5,3392.65,1.0
35,Brooklyn,2024-02,3544.1,3423.04,1.0
35,Brooklyn,2024-03,3525.47,3445.86,1.0
35,Brooklyn,2024-04,3591.66,3469.41,1.0
35,Brooklyn,2024-05,3687.96,3489.63,1.0
35,Brooklyn,2024-06,3730.67,3519.29,1.0
35,Brooklyn,2024-07,3799.1,3544.62,1.0
35,Brooklyn,2024-08,3755.39,3549.21,1.0
35,Brooklyn,2024-09,3733.87,3539.0,1.0
35,Brooklyn,2024-10,3613.16,3511.34,1.0
35,Brooklyn,2024-11,3646.46,3486.43,1.0
35,Brooklyn,2024-12,3588.32,3453.8,1.0
35,Brooklyn,2025-01,3680.2,3445.87,1.0
35,Brooklyn,2025-02,3687.43,3478.08,1.0
35,Brooklyn,2025-03,3767.48,3533.15,1.0
35,Brooklyn,2025-04,3857.29,3589.85,1.0
35,Brooklyn,2025-05,3941.46,3635.33,1.0
35,Brooklyn,2025-06,4025.98,3679.66,1.0
35,Brooklyn,2025-07,4028.05,3712.21,1.0
35,Brooklyn,2025-08,3993.97,3728.73,1.0
35,Brooklyn,2025-09,4097.73,3696.94,1.0
35,Brooklyn,2025-10,4011.7,3662.49,1.0
35,Brooklyn,2025-11,3939.29,3641.18,1.0
35,Brooklyn,2025-12,3958.42,3659.58,1.0
35,Brooklyn,2026-01,3938.94,3688.97,1.0
35,Brooklyn,2026-02,3993.22,3704.52,1.0
35,Brooklyn,2026-03,4073.55,3735.59,1.0
35,Brooklyn,2026-04,4141.52,3777.28,1.0
35,Brooklyn,2026-05,4119.69,3826.74,1.0
35,Brooklyn,2026-06,4171.15,,1.0
36,Brooklyn,2017-01,2377.48,2324.9,1.0
36,Brooklyn,2017-02,2358.7,2312.99,1.0
36,Brooklyn,2017-03,2339.28,2304.31,1.0
36,Brooklyn,2017-04,2377.77,2321.94,1.0
36,Brooklyn,2017-05,2417.04,2335.87,1.0
36,Brooklyn,2017-06,2477.77,2360.18,1.0
36,Brooklyn,2017-07,2495.0,2369.84,1.0
36,Brooklyn,2017-08,2499.21,2385.38,1.0
36,Brooklyn,2017-09,2480.15,2389.36,1.0
36,Brooklyn,2017-10,2445.5,2371.17,1.0
36,Brooklyn,2017-11,2398.93,2354.76,1.0
36,Brooklyn,2017-12,2357.51,2346.13,1.0
36,Brooklyn,2018-01,2350.0,2350.07,1.0
36,Brooklyn,2018-02,2300.0,2345.65,1.0
36,Brooklyn,2018-03,2395.86,2350.03,1.0
36,Brooklyn,2018-04,2439.28,2374.15,1.0
36,Brooklyn,2018-05,2478.55,2401.4,1.0
36,Brooklyn,2018-06,2494.64,2417.75,1.0
36,Brooklyn,2018-07,2617.31,2426.98,1.0
36,Brooklyn,2018-08,2609.94,2438.08,1.0
36,Brooklyn,2018-09,2552.79,2449.56,1.0
36,Brooklyn,2018-10,2479.34,2437.09,1.0
36,Brooklyn,2018-11,2466.77,2420.33,1.0
36,Brooklyn,2018-12,2458.91,2396.77,1.0
36,Brooklyn,2019-01,2437.7,2400.92,1.0
36,Brooklyn,2019-02,2439.06,2408.17,1.0
36,Brooklyn,2019-03,2478.55,2433.86,1.0
36,Brooklyn,2019-04,2498.93,2447.17,1.0
36,Brooklyn,2019-05,2552.63,2467.8,1.0
36,Brooklyn,2019-06,2539.28,2478.06,1.0
36,Brooklyn,2019-07,2596.57,2499.17,1.0
36,Brooklyn,2019-08,2630.63,2519.79,1.0
36,Brooklyn,2019-09,2609.43,2537.31,1.0
36,Brooklyn,2019-10,2640.56,2553.28,1.0
36,Brooklyn,2019-11,2594.26,2551.08,1.0
36,Brooklyn,2019-12,2502.57,2545.36,1.0
36,Brooklyn,2020-01,2555.36,2541.02,1.0
36,Brooklyn,2020-02,2567.52,2550.02,1.0
36,Brooklyn,2020-03,2543.15,2560.4,1.0
36,Brooklyn,2020-04,2541.42,2544.54,1.0
36,Brooklyn,2020-05,2552.63,2532.06,1.0
36,Brooklyn,2020-06,2539.06,2506.4,1.0
36,Brooklyn,2020-07,2500.0,2495.0,1.0
36,Brooklyn,2020-08,2500.0,2460.76,1.0
36,Brooklyn,2020-09,2400.0,2411.29,1.0
36,Brooklyn,2020-10,2299.79,2363.48,1.0
36,Brooklyn,2020-11,2289.28,2317.35,1.0
36,Brooklyn,2020-12,2250.0,2299.33,1.0
36,Brooklyn,2021-01,2250.0,2282.02,1.0
36,Brooklyn,2021-02,2250.0,2287.16,1.0
36,Brooklyn,2021-03,2250.0,2296.72,1.0
36,Brooklyn,2021-04,2299.21,2328.11,1.0
36,Brooklyn,2021-05,2358.91,2358.13,1.0
36,Brooklyn,2021-06,2439.06,2411.39,1.0
36,Brooklyn,2021-07,2567.04,2467.67,1.0
36,Brooklyn,2021-08,2617.83,2539.07,1.0
36,Brooklyn,2021-09,2657.1,2600.11,1.0
36,Brooklyn,2021-10,2657.1,2625.95,1.0
36,Brooklyn,2021-11,2697.45,2638.91,1.0
36,Brooklyn,2021-12,2746.38,2636.81,1.0
36,Brooklyn,2022-01,2796.38,2658.61,1.0
36,Brooklyn,2022-02,2837.46,2694.23,1.0
36,Brooklyn,2022-03,2823.84,2743.96,1.0
36,Brooklyn,2022-04,2828.55,2801.28,1.0
36,Brooklyn,2022-05,2999.79,2863.78,1.0
36,Brooklyn,2022-06,3096.07,2938.47,1.0
36,Brooklyn,2022-07,3200.0,3005.24,1.0
36,Brooklyn,2022-08,3210.72,3060.65,1.0
36,Brooklyn,2022-09,3156.32,3066.56,1.0
36,Brooklyn,2022-10,3078.55,3048.21,1.0
36,Brooklyn,2022-11,2998.14,2990.64,1.0
36,Brooklyn,2022-12,2985.35,2947.81,1.0
36,Brooklyn,2023-01,3018.02,2944.98,1.0
36,Brooklyn,2023-02,3020.45,2963.76,1.0
36,Brooklyn,2023-03,3000.0,2989.46,1.0
36,Brooklyn,2023-04,3100.0,3017.96,1.0
36,Brooklyn,2023-05,3192.49,3058.02,1.0
36,Brooklyn,2023-06,3233.91,3107.04,1.0
36,Brooklyn,2023-07,3274.62,3128.91,1.0
36,Brooklyn,2023-08,3220.38,3147.7,1.0
36,Brooklyn,2023-09,3139.28,3149.74,1.0
36,Brooklyn,2023-10,3078.55,3128.57,1.0
36,Brooklyn,2023-11,2999.79,3078.72,1.0
36,Brooklyn,2023-12,3000.0,3047.39,1.0
36,Brooklyn,2024-01,3000.0,3045.33,1.0
36,Brooklyn,2024-02,3074.62,3064.9,1.0
36,Brooklyn,2024-03,3117.83,3106.87,1.0
36,Brooklyn,2024-04,3189.28,3145.52,1.0
36,Brooklyn,2024-05,3296.07,3207.59,1.0
36,Brooklyn,2024-06,3299.21,3244.31,1.0
36,Brooklyn,2024-07,3299.79,3269.06,1.0
36,Brooklyn,2024-08,3289.28,3259.17,1.0
36,Brooklyn,2024-09,3298.93,3234.47,1.0
36,Brooklyn,2024-10,3223.19,3222.32,1.0
36,Brooklyn,2024-11,3198.14,3194.08,1.0
36,Brooklyn,2024-12,3185.35,3164.3,1.0
36,Brooklyn,2025-01,3150.0,3143.14,1.0
36,Brooklyn,2025-02,3176.22,3159.9,1.0
36,Brooklyn,2025-03,3197.45,3213.31,1.0
36,Brooklyn,2025-04,3321.45,3269.01,1.0
36,Brooklyn,2025-05,3399.79,3310.82,1.0
36,Brooklyn,2025-06,3496.07,3350.16,1.0
36,Brooklyn,2025-07,3500.0,3375.31,1.0
36,Brooklyn,2025-08,3417.52,3395.89,1.0
36,Brooklyn,2025-09,3376.81,3378.32,1.0
36,Brooklyn,2025-10,3398.43,3350.17,1.0
36,Brooklyn,2025-11,3272.52,3297.63,1.0
36,Brooklyn,2025-12,3303.62,3273.66,1.0
36,Brooklyn,2026-01,3302.55,3292.73,1.0
36,Brooklyn,2026-02,3400.74,3358.87,1.0
36,Brooklyn,2026-03,3381.1,3408.2,1.0
36,Brooklyn,2026-04,3512.87,3446.86,1.0
36,Brooklyn,2026-05,3522.52,3478.76,1.0
36,Brooklyn,2026-06,3600.0,,1.0
37,Brooklyn,2017-01,2271.02,2229.45,1.0
37,Brooklyn,2017-02,2285.53,2213.54,1.0
37,Brooklyn,2017-03,2297.85,2211.09,1.0
37,Brooklyn,2017-04,2370.11,2225.67,1.0
37,Brooklyn,2017-05,2397.85,2226.36,1.0
37,Brooklyn,2017-06,2397.51,2251.94,1.0
37,Brooklyn,2017-07,2428.99,2255.86,1.0
37,Brooklyn,2017-08,2450.5,2285.22,1.0
37,Brooklyn,2017-09,2367.1,2294.7,1.0
37,Brooklyn,2017-10,2293.53,2302.4,1.0
37,Brooklyn,2017-11,2274.63,2276.1,1.0
37,Brooklyn,2017-12,2271.67,2272.09,1.0
37,Brooklyn,2018-01,2266.65,2252.9,1.0
37,Brooklyn,2018-02,2332.03,2256.85,1.0
37,Brooklyn,2018-03,2366.53,2258.53,1.0
37,Brooklyn,2018-04,2386.64,2307.06,1.0
37,Brooklyn,2018-05,2442.23,2331.86,1.0
37,Brooklyn,2018-06,2476.1,2348.78,1.0
37,Brooklyn,2018-07,2478.99,2339.06,1.0
37,Brooklyn,2018-08,2493.81,2351.61,1.0
37,Brooklyn,2018-09,2447.0,2348.07,1.0
37,Brooklyn,2018-10,2419.64,2331.61,1.0
37,Brooklyn,2018-11,2342.37,2327.42,1.0
37,Brooklyn,2018-12,2347.16,2306.31,1.0
37,Brooklyn,2019-01,2347.53,2317.8,1.0
37,Brooklyn,2019-02,2393.8,2324.79,1.0
37,Brooklyn,2019-03,2395.91,2369.7,1.0
37,Brooklyn,2019-04,2440.8,2368.98,1.0
37,Brooklyn,2019-05,2442.63,2392.35,1.0
37,Brooklyn,2019-06,2439.43,2396.0,1.0
37,Brooklyn,2019-07,2533.5,2430.4,1.0
37,Brooklyn,2019-08,2545.84,2441.29,1.0
37,Brooklyn,2019-09,2581.27,2457.99,1.0
37,Brooklyn,2019-10,2581.27,2461.71,1.0
37,Brooklyn,2019-11,2531.27,2459.01,1.0
37,Brooklyn,2019-12,2487.44,2466.89,1.0
37,Brooklyn,2020-01,2564.07,2476.54,1.0
37,Brooklyn,2020-02,2581.22,2488.26,1.0
37,Brooklyn,2020-03,2578.15,2483.84,1.0
37,Brooklyn,2020-04,2523.82,2485.39,1.0
37,Brooklyn,2020-05,2473.27,2482.7,1.0
37,Brooklyn,2020-06,2434.93,2463.55,1.0
37,Brooklyn,2020-07,2434.08,2434.56,1.0
37,Brooklyn,2020-08,2380.5,2394.0,1.0
37,Brooklyn,2020-09,2354.76,2343.73,1.0
37,Brooklyn,2020-10,2278.8,2293.36,1.0
37,Brooklyn,2020-11,2227.13,2250.62,1.0
37,Brooklyn,2020-12,2252.0,2238.05,1.0
37,Brooklyn,2021-01,2251.2,2176.26,1.0
37,Brooklyn,2021-02,2272.41,2165.23,1.0
37,Brooklyn,2021-03,2291.56,2160.24,1.0
37,Brooklyn,2021-04,2277.8,2222.73,1.0
37,Brooklyn,2021-05,2308.32,2278.48,1.0
37,Brooklyn,2021-06,2339.47,2336.36,1.0
37,Brooklyn,2021-07,2472.43,2399.57,1.0
37,Brooklyn,2021-08,2533.81,2441.15,1.0
37,Brooklyn,2021-09,2598.11,2484.06,1.0
37,Brooklyn,2021-10,2564.69,2515.21,1.0
37,Brooklyn,2021-11,2581.27,2524.34,1.0
37,Brooklyn,2021-12,2596.71,2553.74,1.0
37,Brooklyn,2022-01,2655.55,2584.52,1.0
37,Brooklyn,2022-02,2684.74,2619.08,1.0
37,Brooklyn,2022-03,2755.5,2497.12,1.0
37,Brooklyn,2022-04,2798.98,2532.01,1.0
37,Brooklyn,2022-05,2913.26,2626.17,1.0
37,Brooklyn,2022-06,2951.58,2700.34,1.0
37,Brooklyn,2022-07,3009.67,2736.59,1.0
37,Brooklyn,2022-08,3073.28,2751.63,1.0
37,Brooklyn,2022-09,3009.33,2771.84,1.0
37,Brooklyn,2022-10,2943.05,2786.53,1.0
37,Brooklyn,2022-11,2891.29,2773.92,1.0
37,Brooklyn,2022-12,2860.14,2762.92,1.0
37,Brooklyn,2023-01,2859.52,2759.78,1.0
37,Brooklyn,2023-02,2936.08,2768.83,1.0
37,Brooklyn,2023-03,2922.44,2752.62,1.0
37,Brooklyn,2023-04,3007.87,2774.12,1.0
37,Brooklyn,2023-05,3027.87,2797.57,1.0
37,Brooklyn,2023-06,3055.86,2852.24,1.0
37,Brooklyn,2023-07,3113.12,2882.34,1.0
37,Brooklyn,2023-08,3153.32,2904.18,1.0
37,Brooklyn,2023-09,3140.02,2930.79,1.0
37,Brooklyn,2023-10,3093.3,2913.9,1.0
37,Brooklyn,2023-11,3032.43,2895.14,1.0
37,Brooklyn,2023-12,2969.96,2871.85,1.0
37,Brooklyn,2024-01,3054.67,2888.86,1.0
37,Brooklyn,2024-02,3131.12,2915.02,1.0
37,Brooklyn,2024-03,3105.51,2932.93,1.0
37,Brooklyn,2024-04,3204.71,2941.33,1.0
37,Brooklyn,2024-05,3177.76,2957.02,1.0
37,Brooklyn,2024-06,3237.18,2997.87,1.0
37,Brooklyn,2024-07,3274.16,3007.46,1.0
37,Brooklyn,2024-08,3271.33,3049.81,1.0
37,Brooklyn,2024-09,3270.62,3036.62,1.0
37,Brooklyn,2024-10,3207.02,3123.76,1.0
37,Brooklyn,2024-11,3171.29,3132.61,1.0
37,Brooklyn,2024-12,3113.23,3085.38,1.0
37,Brooklyn,2025-01,3146.65,3053.55,1.0
37,Brooklyn,2025-02,3213.12,3066.73,1.0
37,Brooklyn,2025-03,3128.99,3136.1,1.0
37,Brooklyn,2025-04,3196.73,3141.19,1.0
37,Brooklyn,2025-05,3205.86,3108.93,1.0
37,Brooklyn,2025-06,3267.63,3161.04,1.0
37,Brooklyn,2025-07,3326.72,3187.96,1.0
37,Brooklyn,2025-08,3361.46,3233.83,1.0
37,Brooklyn,2025-09,3311.44,3260.94,1.0
37,Brooklyn,2025-10,3364.62,3298.7,1.0
37,Brooklyn,2025-11,3327.66,3325.44,1.0
37,Brooklyn,2025-12,3309.61,3306.79,1.0
37,Brooklyn,2026-01,3261.16,3285.24,1.0
37,Brooklyn,2026-02,3292.97,3288.93,1.0
37,Brooklyn,2026-03,3293.3,3289.65,1.0
37,Brooklyn,2026-04,3398.11,3296.32,1.0
37,Brooklyn,2026-05,3543.34,3362.27,1.0
37,Brooklyn,2026-06,3557.69,,1.0
38,Brooklyn,2017-01,2247.98,2543.01,1.0
38,Brooklyn,2017-02,2209.44,2546.89,1.0
38,Brooklyn,2017-03,2215.52,2574.81,1.0
38,Brooklyn,2017-04,2215.69,2591.8,1.0
38,Brooklyn,2017-05,2203.49,2600.13,1.0
38,Brooklyn,2017-06,2246.55,2606.3,1.0
38,Brooklyn,2017-07,2279.59,2610.85,1.0
38,Brooklyn,2017-08,2243.41,2625.22,1.0
38,Brooklyn,2017-09,2245.92,2623.89,1.0
38,Brooklyn,2017-10,2241.85,2614.43,1.0
38,Brooklyn,2017-11,2262.91,2598.23,1.0
38,Brooklyn,2017-12,2220.88,2607.64,1.0
38,Brooklyn,2018-01,2194.07,2329.07,1.0
38,Brooklyn,2018-02,2187.04,2340.78,1.0
38,Brooklyn,2018-03,2194.99,2346.0,1.0
38,Brooklyn,2018-04,2229.52,2350.35,1.0
38,Brooklyn,2018-05,2392.14,2379.11,1.0
38,Brooklyn,2018-06,2378.52,2402.26,1.0
38,Brooklyn,2018-07,2382.32,2398.09,1.0
38,Brooklyn,2018-08,2352.16,2385.78,1.0
38,Brooklyn,2018-09,2304.67,2395.17,1.0
38,Brooklyn,2018-10,2271.06,2419.84,1.0
38,Brooklyn,2018-11,2288.31,2427.98,1.0
38,Brooklyn,2018-12,2235.55,2411.48,1.0
38,Brooklyn,2019-01,2228.22,2347.01,1.0
38,Brooklyn,2019-02,2240.85,2572.48,1.0
38,Brooklyn,2019-03,2222.32,2362.02,1.0
38,Brooklyn,2019-04,2186.49,2394.15,1.0
38,Brooklyn,2019-05,2314.07,2406.78,1.0
38,Brooklyn,2019-06,2350.44,2415.5,1.0
38,Brooklyn,2019-07,2378.06,2422.44,1.0
38,Brooklyn,2019-08,2382.1,2445.51,1.0
38,Brooklyn,2019-09,2343.03,2455.32,1.0
38,Brooklyn,2019-10,2371.08,2460.08,1.0
38,Brooklyn,2019-11,2348.09,2443.33,1.0
38,Brooklyn,2019-12,2324.71,2439.43,1.0
38,Brooklyn,2020-01,2323.91,2436.45,1.0
38,Brooklyn,2020-02,2395.02,2454.34,1.0
38,Brooklyn,2020-03,2397.63,2468.86,1.0
38,Brooklyn,2020-04,2378.2,2441.94,1.0
38,Brooklyn,2020-05,2326.28,2442.06,1.0
38,Brooklyn,2020-06,2299.51,2434.33,1.0
38,Brooklyn,2020-07,2262.45,2422.29,1.0
38,Brooklyn,2020-08,2272.65,2404.06,1.0
38,Brooklyn,2020-09,2173.52,2370.16,1.0
38,Brooklyn,2020-10,2108.75,2264.31,1.0
38,Brooklyn,2020-11,2072.24,2245.97,1.0
38,Brooklyn,2020-12,2089.42,2255.79,1.0
38,Brooklyn,2021-01,2016.97,2253.88,1.0
38,Brooklyn,2021-02,1994.57,2250.79,1.0
38,Brooklyn,2021-03,2013.69,2239.37,1.0
38,Brooklyn,2021-04,2063.04,2250.93,1.0
38,Brooklyn,2021-05,2144.57,2278.15,1.0
38,Brooklyn,2021-06,2131.78,2316.22,1.0
38,Brooklyn,2021-07,2144.92,2353.08,1.0
38,Brooklyn,2021-08,2207.87,2380.86,1.0
38,Brooklyn,2021-09,2270.25,2392.9,1.0
38,Brooklyn,2021-10,2286.8,2505.17,1.0
38,Brooklyn,2021-11,2292.2,2431.36,1.0
38,Brooklyn,2021-12,2305.63,2449.79,1.0
38,Brooklyn,2022-01,2277.95,2480.05,1.0
38,Brooklyn,2022-02,2355.92,2509.92,1.0
38,Brooklyn,2022-03,2410.74,2554.78,1.0
38,Brooklyn,2022-04,2607.4,2588.0,1.0
38,Brooklyn,2022-05,2788.31,2631.19,1.0
38,Brooklyn,2022-06,2783.84,2656.7,1.0
38,Brooklyn,2022-07,2809.9,2696.17,1.0
38,Brooklyn,2022-08,2845.21,2746.4,1.0
38,Brooklyn,2022-09,2804.61,2790.67,1.0
38,Brooklyn,2022-10,2800.93,2793.56,1.0
38,Brooklyn,2022-11,2896.56,2779.84,1.0
38,Brooklyn,2022-12,2803.11,2777.32,1.0
38,Brooklyn,2023-01,2865.61,2779.54,1.0
38,Brooklyn,2023-02,2938.16,2773.09,1.0
38,Brooklyn,2023-03,2895.02,2779.0,1.0
38,Brooklyn,2023-04,2816.15,2805.53,1.0
38,Brooklyn,2023-05,2972.03,2856.1,1.0
38,Brooklyn,2023-06,2914.39,2898.73,1.0
38,Brooklyn,2023-07,2990.12,2949.51,1.0
38,Brooklyn,2023-08,2936.76,2961.05,1.0
38,Brooklyn,2023-09,3037.0,2979.02,1.0
38,Brooklyn,2023-10,2983.15,2957.18,1.0
38,Brooklyn,2023-11,2873.67,2940.97,1.0
38,Brooklyn,2023-12,2986.86,2908.79,1.0
38,Brooklyn,2024-01,2998.67,2907.82,1.0
38,Brooklyn,2024-02,2958.63,2942.82,1.0
38,Brooklyn,2024-03,2961.98,2982.21,1.0
38,Brooklyn,2024-04,2911.34,3002.81,1.0
38,Brooklyn,2024-05,2960.43,3021.58,1.0
38,Brooklyn,2024-06,2944.56,3041.62,1.0
38,Brooklyn,2024-07,3087.23,3052.22,1.0
38,Brooklyn,2024-08,3000.35,3079.62,1.0
38,Brooklyn,2024-09,2973.66,3088.63,1.0
38,Brooklyn,2024-10,3020.77,3115.69,1.0
38,Brooklyn,2024-11,2984.2,3073.62,1.0
38,Brooklyn,2024-12,2911.52,3059.34,1.0
38,Brooklyn,2025-01,2935.58,3029.43,1.0
38,Brooklyn,2025-02,3028.76,3079.38,1.0
38,Brooklyn,2025-03,3089.79,3100.44,1.0
38,Brooklyn,2025-04,3010.0,3151.79,1.0
38,Brooklyn,2025-05,3186.56,3179.51,1.0
38,Brooklyn,2025-06,3223.85,3243.54,1.0
38,Brooklyn,2025-07,3252.68,3303.1,1.0
38,Brooklyn,2025-08,3286.57,3335.58,1.0
38,Brooklyn,2025-09,3255.16,3346.88,1.0
38,Brooklyn,2025-10,3220.36,3313.81,1.0
38,Brooklyn,2025-11,3153.65,3322.17,1.0
38,Brooklyn,2025-12,3171.39,3329.04,1.0
38,Brooklyn,2026-01,3140.73,3364.5,1.0
38,Brooklyn,2026-02,3287.28,3360.02,1.0
38,Brooklyn,2026-03,3215.9,3314.26,1.0
38,Brooklyn,2026-04,3303.34,3334.29,1.0
38,Brooklyn,2026-05,3353.65,3394.88,1.0
38,Brooklyn,2026-06,3327.12,,1.0
39,Brooklyn,2017-01,2586.75,2502.07,1.0
39,Brooklyn,2017-02,2522.5,2504.14,1.0
39,Brooklyn,2017-03,2486.02,2519.95,1.0
39,Brooklyn,2017-04,2482.33,2539.38,1.0
39,Brooklyn,2017-05,2547.79,2551.7,1.0
39,Brooklyn,2017-06,2574.57,2564.12,1.0
39,Brooklyn,2017-07,2596.66,2570.51,1.0
39,Brooklyn,2017-08,2634.89,2578.43,1.0
39,Brooklyn,2017-09,2613.14,2575.3,1.0
39,Brooklyn,2017-10,2621.89,2562.48,1.0
39,Brooklyn,2017-11,2565.22,2542.58,1.0
39,Brooklyn,2017-12,2541.02,2547.63,1.0
39,Brooklyn,2018-01,2543.89,2555.19,1.0
39,Brooklyn,2018-02,2536.1,2565.15,1.0
39,Brooklyn,2018-03,2496.78,2576.01,1.0
39,Brooklyn,2018-04,2561.16,2592.49,1.0
39,Brooklyn,2018-05,2689.23,2612.49,1.0
39,Brooklyn,2018-06,2686.68,2631.45,1.0
39,Brooklyn,2018-07,2738.57,2639.39,1.0
39,Brooklyn,2018-08,2765.67,2652.34,1.0
39,Brooklyn,2018-09,2698.35,2654.69,1.0
39,Brooklyn,2018-10,2637.89,2660.92,1.0
39,Brooklyn,2018-11,2662.7,2657.59,1.0
39,Brooklyn,2018-12,2641.4,2634.78,1.0
39,Brooklyn,2019-01,2631.86,2636.3,1.0
39,Brooklyn,2019-02,2671.1,2638.46,1.0
39,Brooklyn,2019-03,2569.58,2664.52,1.0
39,Brooklyn,2019-04,2622.35,2684.94,1.0
39,Brooklyn,2019-05,2709.02,2702.93,1.0
39,Brooklyn,2019-06,2777.6,2722.68,1.0
39,Brooklyn,2019-07,2796.8,2737.41,1.0
39,Brooklyn,2019-08,2884.2,2754.72,1.0
39,Brooklyn,2019-09,2883.84,2768.08,1.0
39,Brooklyn,2019-10,2900.27,2766.1,1.0
39,Brooklyn,2019-11,2746.02,2757.73,1.0
39,Brooklyn,2019-12,2699.62,2745.82,1.0
39,Brooklyn,2020-01,2670.52,2744.02,1.0
39,Brooklyn,2020-02,2832.65,2767.49,1.0
39,Brooklyn,2020-03,2857.47,2779.71,1.0
39,Brooklyn,2020-04,2826.63,2773.13,1.0
39,Brooklyn,2020-05,2800.64,2761.92,1.0
39,Brooklyn,2020-06,2745.9,2735.08,1.0
39,Brooklyn,2020-07,2676.06,2724.54,1.0
39,Brooklyn,2020-08,2651.25,2686.22,1.0
39,Brooklyn,2020-09,2562.2,2648.01,1.0
39,Brooklyn,2020-10,2462.35,2608.08,1.0
39,Brooklyn,2020-11,2419.61,2590.86,1.0
39,Brooklyn,2020-12,2424.81,2587.47,1.0
39,Brooklyn,2021-01,2400.92,2579.91,1.0
39,Brooklyn,2021-02,2361.05,2570.73,1.0
39,Brooklyn,2021-03,2365.73,2581.49,1.0
39,Brooklyn,2021-04,2341.27,2614.41,1.0
39,Brooklyn,2021-05,2381.96,2666.24,1.0
39,Brooklyn,2021-06,2418.81,2726.2,1.0
39,Brooklyn,2021-07,2507.01,2782.05,1.0
39,Brooklyn,2021-08,2581.96,2825.17,1.0
39,Brooklyn,2021-09,2674.83,2844.73,1.0
39,Brooklyn,2021-10,2762.87,2871.47,1.0
39,Brooklyn,2021-11,2859.48,2899.37,1.0
39,Brooklyn,2021-12,2811.51,2918.81,1.0
39,Brooklyn,2022-01,2837.42,2954.39,1.0
39,Brooklyn,2022-02,2908.61,2980.12,1.0
39,Brooklyn,2022-03,2997.54,3039.9,1.0
39,Brooklyn,2022-04,3104.31,3083.72,1.0
39,Brooklyn,2022-05,3397.57,3139.35,1.0
39,Brooklyn,2022-06,3447.73,3189.77,1.0
39,Brooklyn,2022-07,3572.01,3225.13,1.0
39,Brooklyn,2022-08,3556.93,3259.18,1.0
39,Brooklyn,2022-09,3519.52,3273.8,1.0
39,Brooklyn,2022-10,3470.15,3281.99,1.0
39,Brooklyn,2022-11,3488.61,3265.19,1.0
39,Brooklyn,2022-12,3378.78,3262.48,1.0
39,Brooklyn,2023-01,3443.11,3263.63,1.0
39,Brooklyn,2023-02,3453.32,3266.97,1.0
39,Brooklyn,2023-03,3457.24,3283.43,1.0
39,Brooklyn,2023-04,3463.41,3314.57,1.0
39,Brooklyn,2023-05,3593.2,3372.81,1.0
39,Brooklyn,2023-06,3512.44,3401.39,1.0
39,Brooklyn,2023-07,3677.02,3464.72,1.0
39,Brooklyn,2023-08,3623.83,3491.75,1.0
39,Brooklyn,2023-09,3686.76,3506.88,1.0
39,Brooklyn,2023-10,3562.05,3465.85,1.0
39,Brooklyn,2023-11,3415.9,3416.9,1.0
39,Brooklyn,2023-12,3488.09,3414.07,1.0
39,Brooklyn,2024-01,3551.61,3420.81,1.0
39,Brooklyn,2024-02,3550.46,3476.19,1.0
39,Brooklyn,2024-03,3493.86,3489.99,1.0
39,Brooklyn,2024-04,3598.12,3520.91,1.0
39,Brooklyn,2024-05,3631.47,3551.24,1.0
39,Brooklyn,2024-06,3667.33,3595.45,1.0
39,Brooklyn,2024-07,3718.15,3607.83,1.0
39,Brooklyn,2024-08,3633.23,3622.89,1.0
39,Brooklyn,2024-09,3528.54,3614.78,1.0
39,Brooklyn,2024-10,3597.18,3592.26,1.0
39,Brooklyn,2024-11,3679.92,3556.1,1.0
39,Brooklyn,2024-12,3614.53,3547.81,1.0
39,Brooklyn,2025-01,3464.0,3550.14,1.0
39,Brooklyn,2025-02,3564.23,3615.72,1.0
39,Brooklyn,2025-03,3663.25,3657.26,1.0
39,Brooklyn,2025-04,3708.48,3697.24,1.0
39,Brooklyn,2025-05,3896.84,3698.7,1.0
39,Brooklyn,2025-06,3921.93,3739.25,1.0
39,Brooklyn,2025-07,4003.89,3803.33,1.0
39,Brooklyn,2025-08,3945.14,3839.89,1.0
39,Brooklyn,2025-09,3931.55,3858.69,1.0
39,Brooklyn,2025-10,3867.76,3823.42,1.0
39,Brooklyn,2025-11,3818.0,3834.84,1.0
39,Brooklyn,2025-12,3775.85,3854.93,1.0
39,Brooklyn,2026-01,3768.12,3889.25,1.0
39,Brooklyn,2026-02,4081.32,3895.85,1.0
39,Brooklyn,2026-03,3925.58,3901.61,1.0
39,Brooklyn,2026-04,4084.49,3962.82,1.0
39,Brooklyn,2026-05,4121.68,4011.6,1.0
39,Brooklyn,2026-06,4075.25,,1.0
40,Brooklyn,2017-01,2014.5,2230.1,1.0
40,Brooklyn,2017-02,2067.89,2225.49,1.0
40,Brooklyn,2017-03,2031.9,2230.07,1.0
40,Brooklyn,2017-04,2049.03,2240.06,1.0
40,Brooklyn,2017-05,2020.44,2244.81,1.0
40,Brooklyn,2017-06,2066.45,2273.12,1.0
40,Brooklyn,2017-07,2108.55,2284.04,1.0
40,Brooklyn,2017-08,2102.68,2287.69,1.0
40,Brooklyn,2017-09,2081.56,2279.9,1.0
40,Brooklyn,2017-10,2065.31,2273.51,1.0
40,Brooklyn,2017-11,1991.21,2260.49,1.0
40,Brooklyn,2017-12,2027.27,2249.07,1.0
40,Brooklyn,2018-01,2027.98,2249.26,1.0
40,Brooklyn,2018-02,2102.83,2266.36,1.0
40,Brooklyn,2018-03,2115.93,2288.51,1.0
40,Brooklyn,2018-04,2137.02,2309.02,1.0
40,Brooklyn,2018-05,2174.4,2314.55,1.0
40,Brooklyn,2018-06,2194.72,2321.84,1.0
40,Brooklyn,2018-07,2264.57,2337.84,1.0
40,Brooklyn,2018-08,2280.56,2363.57,1.0
40,Brooklyn,2018-09,2281.84,2371.0,1.0
40,Brooklyn,2018-10,2155.42,2353.77,1.0
40,Brooklyn,2018-11,2171.37,2338.16,1.0
40,Brooklyn,2018-12,2204.29,2323.83,1.0
40,Brooklyn,2019-01,2184.64,2340.08,1.0
40,Brooklyn,2019-02,2169.16,2342.48,1.0
40,Brooklyn,2019-03,2223.68,2360.06,1.0
40,Brooklyn,2019-04,2248.81,2352.8,1.0
40,Brooklyn,2019-05,2247.44,2374.21,1.0
40,Brooklyn,2019-06,2288.92,2386.27,1.0
40,Brooklyn,2019-07,2258.64,2408.48,1.0
40,Brooklyn,2019-08,2277.09,2421.27,1.0
40,Brooklyn,2019-09,2279.51,2436.75,1.0
40,Brooklyn,2019-10,2287.86,2433.06,1.0
40,Brooklyn,2019-11,2234.77,2413.06,1.0
40,Brooklyn,2019-12,2237.23,2390.42,1.0
40,Brooklyn,2020-01,2300.12,2394.2,1.0
40,Brooklyn,2020-02,2290.98,2396.37,1.0
40,Brooklyn,2020-03,2288.45,2411.41,1.0
40,Brooklyn,2020-04,2297.66,2406.08,1.0
40,Brooklyn,2020-05,2320.15,2417.32,1.0
40,Brooklyn,2020-06,2271.61,2406.73,1.0
40,Brooklyn,2020-07,2261.19,2408.54,1.0
40,Brooklyn,2020-08,2214.29,2378.21,1.0
40,Brooklyn,2020-09,2119.61,2345.38,1.0
40,Brooklyn,2020-10,2091.19,2305.24,1.0
40,Brooklyn,2020-11,2023.48,2280.7,1.0
40,Brooklyn,2020-12,2003.59,2249.35,1.0
40,Brooklyn,2021-01,1998.9,2206.47,1.0
40,Brooklyn,2021-02,2016.32,2204.21,1.0
40,Brooklyn,2021-03,2027.26,2233.8,1.0
40,Brooklyn,2021-04,2018.48,2275.1,1.0
40,Brooklyn,2021-05,2115.46,2301.02,1.0
40,Brooklyn,2021-06,2150.3,2322.73,1.0
40,Brooklyn,2021-07,2214.46,2354.68,1.0
40,Brooklyn,2021-08,2238.88,2375.1,1.0
40,Brooklyn,2021-09,2290.8,2396.84,1.0
40,Brooklyn,2021-10,2285.08,2402.5,1.0
40,Brooklyn,2021-11,2293.59,2411.93,1.0
40,Brooklyn,2021-12,2257.56,2418.9,1.0
40,Brooklyn,2022-01,2339.65,2439.33,1.0
40,Brooklyn,2022-02,2395.22,2470.57,1.0
40,Brooklyn,2022-03,2463.06,2510.09,1.0
40,Brooklyn,2022-04,2465.7,2541.31,1.0
40,Brooklyn,2022-05,2525.66,2591.71,1.0
40,Brooklyn,2022-06,2675.58,2645.66,1.0
40,Brooklyn,2022-07,2757.25,2688.7,1.0
40,Brooklyn,2022-08,2713.23,2709.87,1.0
40,Brooklyn,2022-09,2715.12,2726.56,1.0
40,Brooklyn,2022-10,2663.5,2741.54,1.0
40,Brooklyn,2022-11,2607.31,2730.7,1.0
40,Brooklyn,2022-12,2593.58,2700.39,1.0
40,Brooklyn,2023-01,2660.06,2691.51,1.0
40,Brooklyn,2023-02,2634.12,2694.42,1.0
40,Brooklyn,2023-03,2677.32,2713.18,1.0
40,Brooklyn,2023-04,2723.29,2730.72,1.0
40,Brooklyn,2023-05,2814.16,2766.42,1.0
40,Brooklyn,2023-06,2811.23,2791.38,1.0
40,Brooklyn,2023-07,2796.2,2812.35,1.0
40,Brooklyn,2023-08,2823.08,2815.64,1.0
40,Brooklyn,2023-09,2787.15,2815.73,1.0
40,Brooklyn,2023-10,2799.2,2810.11,1.0
40,Brooklyn,2023-11,2776.85,2792.51,1.0
40,Brooklyn,2023-12,2772.53,2796.95,1.0
40,Brooklyn,2024-01,2796.96,2798.12,1.0
40,Brooklyn,2024-02,2822.29,2819.86,1.0
40,Brooklyn,2024-03,2804.95,2811.49,1.0
40,Brooklyn,2024-04,2864.06,2824.38,1.0
40,Brooklyn,2024-05,2919.04,2839.43,1.0
40,Brooklyn,2024-06,2897.57,2879.38,1.0
40,Brooklyn,2024-07,2886.33,2900.83,1.0
40,Brooklyn,2024-08,2932.38,2901.05,1.0
40,Brooklyn,2024-09,2870.18,2878.88,1.0
40,Brooklyn,2024-10,2812.45,2838.61,1.0
40,Brooklyn,2024-11,2821.46,2841.54,1.0
40,Brooklyn,2024-12,2818.73,2823.72,1.0
40,Brooklyn,2025-01,2857.14,2846.1,1.0
40,Brooklyn,2025-02,2826.49,2844.81,1.0
40,Brooklyn,2025-03,2858.34,2876.67,1.0
40,Brooklyn,2025-04,2893.06,2891.94,1.0
40,Brooklyn,2025-05,2972.42,2929.46,1.0
40,Brooklyn,2025-06,3014.45,2966.06,1.0
40,Brooklyn,2025-07,3061.73,3003.37,1.0
40,Brooklyn,2025-08,3092.49,3017.33,1.0
40,Brooklyn,2025-09,3051.95,3037.06,1.0
40,Brooklyn,2025-10,3026.41,3058.09,1.0
40,Brooklyn,2025-11,2920.26,3026.4,1.0
40,Brooklyn,2025-12,2910.71,3015.91,1.0
40,Brooklyn,2026-01,2918.09,2972.9,1.0
40,Brooklyn,2026-02,2977.57,2996.16,1.0
40,Brooklyn,2026-03,3013.2,2998.37,1.0
40,Brooklyn,2026-04,3043.05,3024.34,1.0
40,Brooklyn,2026-05,3097.29,3043.93,1.0
40,Brooklyn,2026-06,3130.78,,1.0
41,Brooklyn,2017-01,2006.76,2070.9,1.0
41,Brooklyn,2017-02,2040.61,2068.84,1.0
41,Brooklyn,2017-03,1998.03,2078.23,1.0
41,Brooklyn,2017-04,2067.71,2091.43,1.0
41,Brooklyn,2017-05,2030.06,2098.92,1.0
41,Brooklyn,2017-06,2069.13,2130.05,1.0
41,Brooklyn,2017-07,2096.83,2131.19,1.0
41,Brooklyn,2017-08,2100.54,2141.56,1.0
41,Brooklyn,2017-09,2050.46,2135.34,1.0
41,Brooklyn,2017-10,2038.02,2128.12,1.0
41,Brooklyn,2017-11,2012.03,2108.2,1.0
41,Brooklyn,2017-12,1997.83,2103.89,1.0
41,Brooklyn,2018-01,2012.13,2110.29,1.0
41,Brooklyn,2018-02,2034.35,2120.59,1.0
41,Brooklyn,2018-03,2093.55,2108.43,1.0
41,Brooklyn,2018-04,2066.22,2120.76,1.0
41,Brooklyn,2018-05,2116.82,2140.61,1.0
41,Brooklyn,2018-06,2119.1,2175.62,1.0
41,Brooklyn,2018-07,2206.74,2195.38,1.0
41,Brooklyn,2018-08,2223.26,2203.82,1.0
41,Brooklyn,2018-09,2268.1,2211.86,1.0
41,Brooklyn,2018-10,2140.91,2198.21,1.0
41,Brooklyn,2018-11,2186.74,2192.63,1.0
41,Brooklyn,2018-12,2186.84,2172.28,1.0
41,Brooklyn,2019-01,2231.44,2185.24,1.0
41,Brooklyn,2019-02,2170.33,2200.3,1.0
41,Brooklyn,2019-03,2247.69,2208.94,1.0
41,Brooklyn,2019-04,2204.97,2223.56,1.0
41,Brooklyn,2019-05,2246.55,2237.5,1.0
41,Brooklyn,2019-06,2336.67,2263.74,1.0
41,Brooklyn,2019-07,2218.55,2273.96,1.0
41,Brooklyn,2019-08,2211.96,2297.62,1.0
41,Brooklyn,2019-09,2252.23,2319.33,1.0
41,Brooklyn,2019-10,2261.78,2332.76,1.0
41,Brooklyn,2019-11,2215.82,2315.57,1.0
41,Brooklyn,2019-12,2219.1,2298.42,1.0
41,Brooklyn,2020-01,2241.61,2302.81,1.0
41,Brooklyn,2020-02,2249.02,2307.17,1.0
41,Brooklyn,2020-03,2251.6,2336.59,1.0
41,Brooklyn,2020-04,2156.12,2312.39,1.0
41,Brooklyn,2020-05,2212.56,2311.04,1.0
41,Brooklyn,2020-06,2196.04,2275.87,1.0
41,Brooklyn,2020-07,2180.34,2272.61,1.0
41,Brooklyn,2020-08,2264.82,2251.83,1.0
41,Brooklyn,2020-09,2144.09,2215.14,1.0
41,Brooklyn,2020-10,2081.51,2188.38,1.0
41,Brooklyn,2020-11,2158.44,2152.27,1.0
41,Brooklyn,2020-12,2168.07,2144.58,1.0
41,Brooklyn,2021-01,2088.44,2127.05,1.0
41,Brooklyn,2021-02,2037.89,2116.17,1.0
41,Brooklyn,2021-03,2123.26,2137.22,1.0
41,Brooklyn,2021-04,2083.78,2170.32,1.0
41,Brooklyn,2021-05,2133.01,2195.21,1.0
41,Brooklyn,2021-06,2145.31,2201.69,1.0
41,Brooklyn,2021-07,2237.91,2228.69,1.0
41,Brooklyn,2021-08,2235.44,2270.48,1.0
41,Brooklyn,2021-09,2262.96,2319.04,1.0
41,Brooklyn,2021-10,2226.66,2329.53,1.0
41,Brooklyn,2021-11,2266.13,2328.71,1.0
41,Brooklyn,2021-12,2269.72,2334.36,1.0
41,Brooklyn,2022-01,2322.04,2368.51,1.0
41,Brooklyn,2022-02,2351.68,2418.67,1.0
41,Brooklyn,2022-03,2448.45,2315.78,1.0
41,Brooklyn,2022-04,2414.54,2351.27,1.0
41,Brooklyn,2022-05,2509.77,2357.71,1.0
41,Brooklyn,2022-06,2560.5,2416.28,1.0
41,Brooklyn,2022-07,2613.86,2456.1,1.0
41,Brooklyn,2022-08,2599.07,2504.3,1.0
41,Brooklyn,2022-09,2539.95,2527.19,1.0
41,Brooklyn,2022-10,2530.39,2531.1,1.0
41,Brooklyn,2022-11,2535.8,2487.86,1.0
41,Brooklyn,2022-12,2540.46,2466.71,1.0
41,Brooklyn,2023-01,2594.82,2507.04,1.0
41,Brooklyn,2023-02,2698.86,2567.55,1.0
41,Brooklyn,2023-03,2575.14,2596.36,1.0
41,Brooklyn,2023-04,2678.23,2561.86,1.0
41,Brooklyn,2023-05,2780.35,2579.52,1.0
41,Brooklyn,2023-06,2723.02,2595.99,1.0
41,Brooklyn,2023-07,2663.02,2643.93,1.0
41,Brooklyn,2023-08,2728.13,2616.08,1.0
41,Brooklyn,2023-09,2714.47,2617.13,1.0
41,Brooklyn,2023-10,2708.85,2607.85,1.0
41,Brooklyn,2023-11,2711.72,2618.03,1.0
41,Brooklyn,2023-12,2606.79,2599.44,1.0
41,Brooklyn,2024-01,2643.82,2639.87,1.0
41,Brooklyn,2024-02,2757.13,2647.29,1.0
41,Brooklyn,2024-03,2770.28,2701.5,1.0
41,Brooklyn,2024-04,2779.4,2677.73,1.0
41,Brooklyn,2024-05,2832.34,2740.1,1.0
41,Brooklyn,2024-06,2732.37,2805.87,1.0
41,Brooklyn,2024-07,2712.99,2819.56,1.0
41,Brooklyn,2024-08,2880.23,2796.31,1.0
41,Brooklyn,2024-09,2949.94,2746.53,1.0
41,Brooklyn,2024-10,2883.85,2745.78,1.0
41,Brooklyn,2024-11,2912.76,2774.45,1.0
41,Brooklyn,2024-12,2909.56,2765.78,1.0
41,Brooklyn,2025-01,2938.84,2807.07,1.0
41,Brooklyn,2025-02,2875.68,2830.65,1.0
41,Brooklyn,2025-03,2822.79,2862.41,1.0
41,Brooklyn,2025-04,2867.33,2892.92,1.0
41,Brooklyn,2025-05,2883.41,2897.06,1.0
41,Brooklyn,2025-06,2878.47,2905.81,1.0
41,Brooklyn,2025-07,2981.01,2897.85,1.0
41,Brooklyn,2025-08,3044.14,2897.44,1.0
41,Brooklyn,2025-09,3120.47,2868.38,1.0
41,Brooklyn,2025-10,3038.69,2923.02,1.0
41,Brooklyn,2025-11,2809.62,2935.06,1.0
41,Brooklyn,2025-12,2878.92,3040.47,1.0
41,Brooklyn,2026-01,2895.82,3010.01,1.0
41,Brooklyn,2026-02,2921.12,3017.33,1.0
41,Brooklyn,2026-03,2934.85,2960.14,1.0
41,Brooklyn,2026-04,3104.58,2961.72,1.0
41,Brooklyn,2026-05,3127.36,3030.37,1.0
41,Brooklyn,2026-06,3025.72,,1.0
42,Brooklyn,2017-01,2007.51,2072.31,1.0
42,Brooklyn,2017-02,1971.08,2057.52,1.0
42,Brooklyn,2017-03,1953.54,2063.91,1.0
42,Brooklyn,2017-04,2056.08,2074.0,1.0
42,Brooklyn,2017-05,2086.29,2059.3,1.0
42,Brooklyn,2017-06,2076.74,2081.38,1.0
42,Brooklyn,2017-07,2081.31,2081.18,1.0
42,Brooklyn,2017-08,2053.55,2121.18,1.0
42,Brooklyn,2017-09,1995.04,2143.74,1.0
42,Brooklyn,2017-10,1896.89,2167.89,1.0
42,Brooklyn,2017-11,1927.61,2145.48,1.0
42,Brooklyn,2017-12,1994.42,2148.87,1.0
42,Brooklyn,2018-01,2013.59,2122.94,1.0
42,Brooklyn,2018-02,2081.44,2135.76,1.0
42,Brooklyn,2018-03,2140.75,2137.6,1.0
42,Brooklyn,2018-04,2069.83,2205.18,1.0
42,Brooklyn,2018-05,2124.14,2220.88,1.0
42,Brooklyn,2018-06,2135.12,2229.09,1.0
42,Brooklyn,2018-07,2136.93,2199.18,1.0
42,Brooklyn,2018-08,2200.17,2222.73,1.0
42,Brooklyn,2018-09,2162.52,2223.88,1.0
42,Brooklyn,2018-10,2176.81,2205.77,1.0
42,Brooklyn,2018-11,2087.34,2215.19,1.0
42,Brooklyn,2018-12,2161.51,2214.5,1.0
42,Brooklyn,2019-01,2090.77,2242.4,1.0
42,Brooklyn,2019-02,2111.05,2237.36,1.0
42,Brooklyn,2019-03,2120.1,2269.15,1.0
42,Brooklyn,2019-04,2087.34,2243.67,1.0
42,Brooklyn,2019-05,2089.27,2272.4,1.0
42,Brooklyn,2019-06,2164.84,2273.39,1.0
42,Brooklyn,2019-07,2182.49,2317.11,1.0
42,Brooklyn,2019-08,2142.59,2313.21,1.0
42,Brooklyn,2019-09,2192.83,2320.17,1.0
42,Brooklyn,2019-10,2227.5,2317.76,1.0
42,Brooklyn,2019-11,2173.07,2326.57,1.0
42,Brooklyn,2019-12,2177.43,2352.1,1.0
42,Brooklyn,2020-01,2190.04,2376.41,1.0
42,Brooklyn,2020-02,2233.75,2386.71,1.0
42,Brooklyn,2020-03,2250.15,2365.37,1.0
42,Brooklyn,2020-04,2190.81,2371.51,1.0
42,Brooklyn,2020-05,2276.81,2375.51,1.0
42,Brooklyn,2020-06,2185.06,2369.31,1.0
42,Brooklyn,2020-07,2183.44,2338.9,1.0
42,Brooklyn,2020-08,2158.18,2303.72,1.0
42,Brooklyn,2020-09,2168.25,2252.99,1.0
42,Brooklyn,2020-10,2150.84,2201.66,1.0
42,Brooklyn,2020-11,2048.68,2156.22,1.0
42,Brooklyn,2020-12,2103.03,2154.45,1.0
42,Brooklyn,2021-01,2091.27,2057.26,1.0
42,Brooklyn,2021-02,2096.41,2037.73,1.0
42,Brooklyn,2021-03,2137.6,2024.38,1.0
42,Brooklyn,2021-04,2077.43,2110.41,1.0
42,Brooklyn,2021-05,2084.85,2191.12,1.0
42,Brooklyn,2021-06,2093.79,2254.6,1.0
42,Brooklyn,2021-07,2166.74,2325.18,1.0
42,Brooklyn,2021-08,2096.88,2342.36,1.0
42,Brooklyn,2021-09,2175.54,2375.5,1.0
42,Brooklyn,2021-10,2182.54,2410.75,1.0
42,Brooklyn,2021-11,2233.72,2419.07,1.0
42,Brooklyn,2021-12,2288.8,2461.66,1.0
42,Brooklyn,2022-01,2274.84,2469.04,1.0
42,Brooklyn,2022-02,2202.6,2486.67,1.0
42,Brooklyn,2022-03,2230.04,2328.87,1.0
42,Brooklyn,2022-04,2261.77,2365.95,1.0
42,Brooklyn,2022-05,2305.03,2460.9,1.0
42,Brooklyn,2022-06,2374.8,2521.89,1.0
42,Brooklyn,2022-07,2407.2,2525.29,1.0
42,Brooklyn,2022-08,2394.67,2523.12,1.0
42,Brooklyn,2022-09,2376.2,2535.85,1.0
42,Brooklyn,2022-10,2428.51,2561.42,1.0
42,Brooklyn,2022-11,2465.55,2574.24,1.0
42,Brooklyn,2022-12,2459.84,2587.89,1.0
42,Brooklyn,2023-01,2467.34,2610.43,1.0
42,Brooklyn,2023-02,2494.89,2619.54,1.0
42,Brooklyn,2023-03,2503.16,2590.39,1.0
42,Brooklyn,2023-04,2629.71,2605.16,1.0
42,Brooklyn,2023-05,2511.17,2621.28,1.0
42,Brooklyn,2023-06,2591.3,2677.51,1.0
42,Brooklyn,2023-07,2651.52,2699.34,1.0
42,Brooklyn,2023-08,2715.92,2720.93,1.0
42,Brooklyn,2023-09,2731.01,2747.55,1.0
42,Brooklyn,2023-10,2734.39,2733.17,1.0
42,Brooklyn,2023-11,2747.97,2724.61,1.0
42,Brooklyn,2023-12,2758.51,2714.91,1.0
42,Brooklyn,2024-01,2805.21,2750.05,1.0
42,Brooklyn,2024-02,2901.93,2785.58,1.0
42,Brooklyn,2024-03,2787.43,2805.74,1.0
42,Brooklyn,2024-04,2898.75,2791.06,1.0
42,Brooklyn,2024-05,2827.52,2781.4,1.0
42,Brooklyn,2024-06,2826.43,2815.71,1.0
42,Brooklyn,2024-07,2925.06,2812.57,1.0
42,Brooklyn,2024-08,2917.48,2884.86,1.0
42,Brooklyn,2024-09,2949.83,2882.63,1.0
42,Brooklyn,2024-10,3039.85,3050.32,1.0
42,Brooklyn,2024-11,3030.28,3097.37,1.0
42,Brooklyn,2024-12,2961.81,3039.31,1.0
42,Brooklyn,2025-01,2950.95,2982.43,1.0
42,Brooklyn,2025-02,2951.85,2970.22,1.0
42,Brooklyn,2025-03,2772.32,3054.39,1.0
42,Brooklyn,2025-04,2767.13,3034.69,1.0
42,Brooklyn,2025-05,2753.78,2961.44,1.0
42,Brooklyn,2025-06,2879.84,3017.04,1.0
42,Brooklyn,2025-07,2971.32,3051.37,1.0
42,Brooklyn,2025-08,2952.69,3070.87,1.0
42,Brooklyn,2025-09,2999.88,3121.05,1.0
42,Brooklyn,2025-10,3097.41,3195.46,1.0
42,Brooklyn,2025-11,3123.68,3245.57,1.0
42,Brooklyn,2025-12,3074.97,3197.2,1.0
42,Brooklyn,2026-01,2925.02,3173.21,1.0
42,Brooklyn,2026-02,2926.52,3172.11,1.0
42,Brooklyn,2026-03,2968.83,3168.85,1.0
42,Brooklyn,2026-04,3017.74,3176.13,1.0
42,Brooklyn,2026-05,3116.6,3233.33,1.0
42,Brooklyn,2026-06,3221.23,,1.0
43,Brooklyn,2017-01,1953.21,,1.0
43,Brooklyn,2017-02,1923.12,,1.0
43,Brooklyn,2017-03,1850.77,,1.0
43,Brooklyn,2017-04,1823.61,,1.0
43,Brooklyn,2017-05,1777.1,,1.0
43,Brooklyn,2017-06,1844.8,,1.0
43,Brooklyn,2017-07,1813.7,,1.0
43,Brooklyn,2017-08,1845.5,,1.0
43,Brooklyn,2017-09,1817.64,,1.0
43,Brooklyn,2017-10,1775.72,,1.0
43,Brooklyn,2017-11,1832.11,,1.0
43,Brooklyn,2017-12,1817.61,,1.0
43,Brooklyn,2018-01,1765.75,1840.48,1.0
43,Brooklyn,2018-02,1787.88,1856.98,1.0
43,Brooklyn,2018-03,1823.69,1871.78,1.0
43,Brooklyn,2018-04,1854.94,1862.88,1.0
43,Brooklyn,2018-05,1936.41,1891.43,1.0
43,Brooklyn,2018-06,1888.97,1909.17,1.0
43,Brooklyn,2018-07,1819.25,1907.82,1.0
43,Brooklyn,2018-08,1882.41,1880.58,1.0
43,Brooklyn,2018-09,1850.15,1869.47,1.0
43,Brooklyn,2018-10,1922.73,1862.73,1.0
43,Brooklyn,2018-11,1892.06,1864.45,1.0
43,Brooklyn,2018-12,1867.99,1878.96,1.0
43,Brooklyn,2019-01,1829.16,1960.96,1.0
43,Brooklyn,2019-02,1856.69,2009.85,1.0
43,Brooklyn,2019-03,1883.61,1937.02,1.0
43,Brooklyn,2019-04,1812.09,1943.22,1.0
43,Brooklyn,2019-05,1895.55,1921.14,1.0
43,Brooklyn,2019-06,1807.08,1919.32,1.0
43,Brooklyn,2019-07,1830.38,1933.6,1.0
43,Brooklyn,2019-08,1818.29,1936.45,1.0
43,Brooklyn,2019-09,1829.17,1930.6,1.0
43,Brooklyn,2019-10,1894.72,1936.3,1.0
43,Brooklyn,2019-11,1851.92,1930.06,1.0
43,Brooklyn,2019-12,1840.17,1957.1,1.0
43,Brooklyn,2020-01,1980.59,1958.45,1.0
43,Brooklyn,2020-02,1996.41,1964.39,1.0
43,Brooklyn,2020-03,1964.94,1972.64,1.0
43,Brooklyn,2020-04,1836.74,1921.71,1.0
43,Brooklyn,2020-05,1805.82,1968.3,1.0
43,Brooklyn,2020-06,1823.5,1933.94,1.0
43,Brooklyn,2020-07,1811.18,1937.29,1.0
43,Brooklyn,2020-08,1864.85,1959.1,1.0
43,Brooklyn,2020-09,1839.24,1970.71,1.0
43,Brooklyn,2020-10,1774.34,1975.05,1.0
43,Brooklyn,2020-11,1743.68,1947.02,1.0
43,Brooklyn,2020-12,1704.19,1959.61,1.0
43,Brooklyn,2021-01,1672.23,1953.9,1.0
43,Brooklyn,2021-02,1713.52,1975.05,1.0
43,Brooklyn,2021-03,1774.45,1946.49,1.0
43,Brooklyn,2021-04,1747.43,1960.13,1.0
43,Brooklyn,2021-05,1778.36,1960.04,1.0
43,Brooklyn,2021-06,1798.6,1977.17,1.0
43,Brooklyn,2021-07,1779.48,1980.56,1.0
43,Brooklyn,2021-08,1811.22,2008.43,1.0
43,Brooklyn,2021-09,1850.65,2032.37,1.0
43,Brooklyn,2021-10,1849.3,2038.03,1.0
43,Brooklyn,2021-11,1853.18,2026.58,1.0
43,Brooklyn,2021-12,1851.14,2054.94,1.0
43,Brooklyn,2022-01,1863.51,2069.24,1.0
43,Brooklyn,2022-02,1950.11,2110.68,1.0
43,Brooklyn,2022-03,1974.46,2118.18,1.0
43,Brooklyn,2022-04,2131.15,2127.42,1.0
43,Brooklyn,2022-05,2087.97,2127.8,1.0
43,Brooklyn,2022-06,2171.35,2113.65,1.0
43,Brooklyn,2022-07,2151.7,2168.37,1.0
43,Brooklyn,2022-08,2164.77,2209.75,1.0
43,Brooklyn,2022-09,2057.09,2252.33,1.0
43,Brooklyn,2022-10,2096.8,2260.64,1.0
43,Brooklyn,2022-11,2186.96,2256.29,1.0
43,Brooklyn,2022-12,2314.43,2251.95,1.0
43,Brooklyn,2023-01,2367.68,2249.9,1.0
43,Brooklyn,2023-02,2338.08,2203.43,1.0
43,Brooklyn,2023-03,2308.91,2316.74,1.0
43,Brooklyn,2023-04,2271.69,2197.19,1.0
43,Brooklyn,2023-05,2235.11,2194.87,1.0
43,Brooklyn,2023-06,2268.99,2198.36,1.0
43,Brooklyn,2023-07,2372.49,2232.76,1.0
43,Brooklyn,2023-08,2294.6,2250.31,1.0
43,Brooklyn,2023-09,2425.98,2281.7,1.0
43,Brooklyn,2023-10,2314.12,2284.35,1.0
43,Brooklyn,2023-11,2199.57,2297.25,1.0
43,Brooklyn,2023-12,2307.71,2316.93,1.0
43,Brooklyn,2024-01,2452.2,2332.02,1.0
43,Brooklyn,2024-02,2553.28,2355.78,1.0
43,Brooklyn,2024-03,2643.96,2355.33,1.0
43,Brooklyn,2024-04,2525.6,2359.82,1.0
43,Brooklyn,2024-05,2590.19,2385.9,1.0
43,Brooklyn,2024-06,2512.6,2424.84,1.0
43,Brooklyn,2024-07,2528.25,2456.45,1.0
43,Brooklyn,2024-08,2473.33,2466.93,1.0
43,Brooklyn,2024-09,2588.38,2464.75,1.0
43,Brooklyn,2024-10,2478.75,2472.13,1.0
43,Brooklyn,2024-11,2387.37,2463.48,1.0
43,Brooklyn,2024-12,2645.26,2409.0,1.0
43,Brooklyn,2025-01,2617.62,2405.66,1.0
43,Brooklyn,2025-02,2679.01,2428.51,1.0
43,Brooklyn,2025-03,2565.7,2484.58,1.0
43,Brooklyn,2025-04,2602.01,2510.93,1.0
43,Brooklyn,2025-05,2588.53,2501.94,1.0
43,Brooklyn,2025-06,2650.98,2505.36,1.0
43,Brooklyn,2025-07,2657.97,2547.01,1.0
43,Brooklyn,2025-08,2681.03,2572.84,1.0
43,Brooklyn,2025-09,2638.0,2647.35,1.0
43,Brooklyn,2025-10,2616.94,2632.57,1.0
43,Brooklyn,2025-11,2632.28,2605.44,1.0
43,Brooklyn,2025-12,2637.35,2552.78,1.0
43,Brooklyn,2026-01,2631.42,2574.5,1.0
43,Brooklyn,2026-02,2666.19,2641.69,1.0
43,Brooklyn,2026-03,2655.96,2685.61,1.0
43,Brooklyn,2026-04,2627.41,2681.5,1.0
43,Brooklyn,2026-05,2745.91,2671.51,1.0
43,Brooklyn,2026-06,2566.49,,1.0
44,Brooklyn,2017-01,1867.28,2106.42,1.0
44,Brooklyn,2017-02,1876.41,2136.82,1.0
44,Brooklyn,2017-03,1837.48,2187.99,1.0
44,Brooklyn,2017-04,1831.88,2218.51,1.0
44,Brooklyn,2017-05,1780.81,2208.69,1.0
44,Brooklyn,2017-06,1805.91,2187.06,1.0
44,Brooklyn,2017-07,1774.73,2171.42,1.0
44,Brooklyn,2017-08,1749.74,2152.86,1.0
44,Brooklyn,2017-09,1814.58,2164.35,1.0
44,Brooklyn,2017-10,1769.83,2223.25,1.0
44,Brooklyn,2017-11,1815.92,2243.69,1.0
44,Brooklyn,2017-12,1732.63,2229.43,1.0
44,Brooklyn,2018-01,1731.15,2175.79,1.0
44,Brooklyn,2018-02,1714.32,2184.25,1.0
44,Brooklyn,2018-03,1765.09,2196.51,1.0
44,Brooklyn,2018-04,1748.89,2201.93,1.0
44,Brooklyn,2018-05,1795.72,2210.27,1.0
44,Brooklyn,2018-06,1796.48,2228.44,1.0
44,Brooklyn,2018-07,1828.96,2236.56,1.0
44,Brooklyn,2018-08,1856.2,2246.96,1.0
44,Brooklyn,2018-09,1820.79,2247.6,1.0
44,Brooklyn,2018-10,1882.66,2265.28,1.0
44,Brooklyn,2018-11,1835.96,2259.6,1.0
44,Brooklyn,2018-12,1758.93,2217.26,1.0
44,Brooklyn,2019-01,1814.06,2207.71,1.0
44,Brooklyn,2019-02,1863.14,2215.59,1.0
44,Brooklyn,2019-03,1842.87,2274.63,1.0
44,Brooklyn,2019-04,1861.62,2274.03,1.0
44,Brooklyn,2019-05,1874.53,2310.65,1.0
44,Brooklyn,2019-06,1833.94,2296.42,1.0
44,Brooklyn,2019-07,1871.23,2317.99,1.0
44,Brooklyn,2019-08,1967.51,2298.93,1.0
44,Brooklyn,2019-09,1910.16,2313.74,1.0
44,Brooklyn,2019-10,1976.31,2303.25,1.0
44,Brooklyn,2019-11,1937.75,2325.72,1.0
44,Brooklyn,2019-12,1949.32,2343.21,1.0
44,Brooklyn,2020-01,2003.98,2334.05,1.0
44,Brooklyn,2020-02,2027.77,2306.96,1.0
44,Brooklyn,2020-03,2030.75,2277.86,1.0
44,Brooklyn,2020-04,1885.03,2312.32,1.0
44,Brooklyn,2020-05,1939.36,2223.11,1.0
44,Brooklyn,2020-06,1852.4,2220.56,1.0
44,Brooklyn,2020-07,1868.26,2192.87,1.0
44,Brooklyn,2020-08,1905.99,2193.3,1.0
44,Brooklyn,2020-09,1846.48,2184.94,1.0
44,Brooklyn,2020-10,1811.29,2148.2,1.0
44,Brooklyn,2020-11,1813.73,2098.6,1.0
44,Brooklyn,2020-12,1787.66,2093.29,1.0
44,Brooklyn,2021-01,1796.88,2077.51,1.0
44,Brooklyn,2021-02,1735.53,2120.52,1.0
44,Brooklyn,2021-03,1766.44,2120.46,1.0
44,Brooklyn,2021-04,1832.32,2147.97,1.0
44,Brooklyn,2021-05,1860.06,2154.23,1.0
44,Brooklyn,2021-06,1886.4,2173.16,1.0
44,Brooklyn,2021-07,1872.12,2206.41,1.0
44,Brooklyn,2021-08,1900.0,2236.87,1.0
44,Brooklyn,2021-09,1961.01,2262.18,1.0
44,Brooklyn,2021-10,1915.1,2247.08,1.0
44,Brooklyn,2021-11,2003.57,2252.4,1.0
44,Brooklyn,2021-12,1899.4,2248.26,1.0
44,Brooklyn,2022-01,1954.41,2271.19,1.0
44,Brooklyn,2022-02,1990.18,2282.32,1.0
44,Brooklyn,2022-03,2031.73,2310.14,1.0
44,Brooklyn,2022-04,2019.52,2301.32,1.0
44,Brooklyn,2022-05,2097.03,2326.13,1.0
44,Brooklyn,2022-06,2254.66,2354.2,1.0
44,Brooklyn,2022-07,2200.46,2415.15,1.0
44,Brooklyn,2022-08,2185.65,2422.78,1.0
44,Brooklyn,2022-09,2126.0,2444.86,1.0
44,Brooklyn,2022-10,2272.54,2494.8,1.0
44,Brooklyn,2022-11,2253.45,2536.79,1.0
44,Brooklyn,2022-12,2290.87,2515.8,1.0
44,Brooklyn,2023-01,2424.84,2482.56,1.0
44,Brooklyn,2023-02,2303.0,2353.32,1.0
44,Brooklyn,2023-03,2342.16,2512.77,1.0
44,Brooklyn,2023-04,2309.36,2362.95,1.0
44,Brooklyn,2023-05,2427.53,2368.16,1.0
44,Brooklyn,2023-06,2349.67,2371.25,1.0
44,Brooklyn,2023-07,2422.11,2391.08,1.0
44,Brooklyn,2023-08,2459.25,2410.99,1.0
44,Brooklyn,2023-09,2537.67,2435.96,1.0
44,Brooklyn,2023-10,2620.1,2455.79,1.0
44,Brooklyn,2023-11,2461.9,2483.46,1.0
44,Brooklyn,2023-12,2487.78,2527.36,1.0
44,Brooklyn,2024-01,2543.85,2529.58,1.0
44,Brooklyn,2024-02,2647.3,2528.31,1.0
44,Brooklyn,2024-03,2580.18,2492.13,1.0
44,Brooklyn,2024-04,2800.59,2488.58,1.0
44,Brooklyn,2024-05,2825.52,2518.37,1.0
44,Brooklyn,2024-06,2772.7,2589.49,1.0
44,Brooklyn,2024-07,2740.08,2631.7,1.0
44,Brooklyn,2024-08,2738.64,2633.65,1.0
44,Brooklyn,2024-09,2763.31,2588.85,1.0
44,Brooklyn,2024-10,2539.64,2560.86,1.0
44,Brooklyn,2024-11,2665.1,2558.53,1.0
44,Brooklyn,2024-12,2751.17,2538.07,1.0
44,Brooklyn,2025-01,2640.67,2559.14,1.0
44,Brooklyn,2025-02,2601.51,2558.83,1.0
44,Brooklyn,2025-03,2675.45,2586.7,1.0
44,Brooklyn,2025-04,2779.2,2581.98,1.0
44,Brooklyn,2025-05,2815.42,2594.02,1.0
44,Brooklyn,2025-06,2883.94,2615.5,1.0
44,Brooklyn,2025-07,2886.07,2680.58,1.0
44,Brooklyn,2025-08,2715.27,2712.96,1.0
44,Brooklyn,2025-09,2698.85,2738.99,1.0
44,Brooklyn,2025-10,2770.03,2704.23,1.0
44,Brooklyn,2025-11,2739.43,2676.93,1.0
44,Brooklyn,2025-12,2780.4,2656.98,1.0
44,Brooklyn,2026-01,2565.4,2708.36,1.0
44,Brooklyn,2026-02,2776.12,2754.5,1.0
44,Brooklyn,2026-03,2799.72,2746.36,1.0
44,Brooklyn,2026-04,2806.86,2742.78,1.0
44,Brooklyn,2026-05,2823.42,2738.54,1.0
44,Brooklyn,2026-06,2729.55,,1.0
45,Brooklyn,2017-01,1774.81,2146.37,1.0
45,Brooklyn,2017-02,1837.56,2163.46,1.0
45,Brooklyn,2017-03,2036.06,2197.79,1.0
45,Brooklyn,2017-04,2058.28,2215.41,1.0
45,Brooklyn,2017-05,1959.42,2210.15,1.0
45,Brooklyn,2017-06,2013.73,2204.26,1.0
45,Brooklyn,2017-07,1907.16,2203.13,1.0
45,Brooklyn,2017-08,2191.77,2192.31,1.0
45,Brooklyn,2017-09,2077.32,2196.28,1.0
45,Brooklyn,2017-10,2058.13,2226.44,1.0
45,Brooklyn,2017-11,1987.84,2231.76,1.0
45,Brooklyn,2017-12,1923.33,2157.5,1.0
45,Brooklyn,2018-01,1957.17,2142.18,1.0
45,Brooklyn,2018-02,2016.71,2152.13,1.0
45,Brooklyn,2018-03,2104.07,2161.65,1.0
45,Brooklyn,2018-04,2090.39,2161.07,1.0
45,Brooklyn,2018-05,2102.54,2150.5,1.0
45,Brooklyn,2018-06,2182.75,2163.0,1.0
45,Brooklyn,2018-07,2164.64,2182.33,1.0
45,Brooklyn,2018-08,2085.19,2221.15,1.0
45,Brooklyn,2018-09,2202.34,2243.21,1.0
45,Brooklyn,2018-10,2013.38,2245.27,1.0
45,Brooklyn,2018-11,2042.17,2226.8,1.0
45,Brooklyn,2018-12,2041.94,2182.66,1.0
45,Brooklyn,2019-01,2002.47,2188.79,1.0
45,Brooklyn,2019-02,2165.6,2180.41,1.0
45,Brooklyn,2019-03,2173.73,2218.44,1.0
45,Brooklyn,2019-04,2260.47,2238.34,1.0
45,Brooklyn,2019-05,1916.07,2280.01,1.0
45,Brooklyn,2019-06,2129.97,2309.74,1.0
45,Brooklyn,2019-07,1961.06,2304.75,1.0
45,Brooklyn,2019-08,2091.17,2309.94,1.0
45,Brooklyn,2019-09,2150.64,2285.18,1.0
45,Brooklyn,2019-10,2124.78,2321.19,1.0
45,Brooklyn,2019-11,2140.82,2318.78,1.0
45,Brooklyn,2019-12,2123.5,2295.19,1.0
45,Brooklyn,2020-01,2237.93,2286.17,1.0
45,Brooklyn,2020-02,2048.85,2302.53,1.0
45,Brooklyn,2020-03,2162.88,2370.57,1.0
45,Brooklyn,2020-04,2255.73,2332.96,1.0
45,Brooklyn,2020-05,2016.44,2313.38,1.0
45,Brooklyn,2020-06,2031.04,2283.89,1.0
45,Brooklyn,2020-07,2167.87,2295.95,1.0
45,Brooklyn,2020-08,2153.15,2275.6,1.0
45,Brooklyn,2020-09,2106.25,2255.0,1.0
45,Brooklyn,2020-10,2138.57,2227.14,1.0
45,Brooklyn,2020-11,2038.01,2193.31,1.0
45,Brooklyn,2020-12,2086.8,2154.57,1.0
45,Brooklyn,2021-01,1910.61,2132.65,1.0
45,Brooklyn,2021-02,1879.93,2120.27,1.0
45,Brooklyn,2021-03,1918.0,2146.57,1.0
45,Brooklyn,2021-04,1937.05,2187.12,1.0
45,Brooklyn,2021-05,2004.72,2234.18,1.0
45,Brooklyn,2021-06,1998.34,2249.02,1.0
45,Brooklyn,2021-07,2189.36,2265.07,1.0
45,Brooklyn,2021-08,1985.23,2270.04,1.0
45,Brooklyn,2021-09,2020.74,2283.4,1.0
45,Brooklyn,2021-10,2054.26,2281.78,1.0
45,Brooklyn,2021-11,2320.63,2311.03,1.0
45,Brooklyn,2021-12,2018.31,2336.97,1.0
45,Brooklyn,2022-01,2301.69,2385.31,1.0
45,Brooklyn,2022-02,2269.8,2415.73,1.0
45,Brooklyn,2022-03,2410.94,2442.81,1.0
45,Brooklyn,2022-04,2277.87,2444.48,1.0
45,Brooklyn,2022-05,2384.04,2481.92,1.0
45,Brooklyn,2022-06,2612.0,2529.5,1.0
45,Brooklyn,2022-07,2616.32,2583.92,1.0
45,Brooklyn,2022-08,2561.97,2592.08,1.0
45,Brooklyn,2022-09,2565.68,2600.31,1.0
45,Brooklyn,2022-10,2526.72,2611.28,1.0
45,Brooklyn,2022-11,2468.97,2614.2,1.0
45,Brooklyn,2022-12,2581.36,2616.46,1.0
45,Brooklyn,2023-01,2524.85,2625.6,1.0
45,Brooklyn,2023-02,2488.61,2627.25,1.0
45,Brooklyn,2023-03,2499.63,2629.32,1.0
45,Brooklyn,2023-04,2616.88,2638.17,1.0
45,Brooklyn,2023-05,2505.19,2672.77,1.0
45,Brooklyn,2023-06,2482.46,2693.02,1.0
45,Brooklyn,2023-07,2694.4,2705.29,1.0
45,Brooklyn,2023-08,2577.59,2692.72,1.0
45,Brooklyn,2023-09,2558.32,2704.86,1.0
45,Brooklyn,2023-10,2974.42,2715.08,1.0
45,Brooklyn,2023-11,2712.73,2702.18,1.0
45,Brooklyn,2023-12,2642.39,2680.04,1.0
45,Brooklyn,2024-01,2739.07,2664.67,1.0
45,Brooklyn,2024-02,2809.65,2685.69,1.0
45,Brooklyn,2024-03,2789.7,2706.49,1.0
45,Brooklyn,2024-04,2839.13,2725.09,1.0
45,Brooklyn,2024-05,2888.27,2725.76,1.0
45,Brooklyn,2024-06,2866.17,2747.88,1.0
45,Brooklyn,2024-07,2754.12,2763.21,1.0
45,Brooklyn,2024-08,2819.6,2776.24,1.0
45,Brooklyn,2024-09,2624.89,2758.75,1.0
45,Brooklyn,2024-10,2810.92,2734.22,1.0
45,Brooklyn,2024-11,2870.52,2744.01,1.0
45,Brooklyn,2024-12,2899.5,2601.3,1.0
45,Brooklyn,2025-01,2777.27,2591.18,1.0
45,Brooklyn,2025-02,2594.91,2583.31,1.0
45,Brooklyn,2025-03,2782.41,2605.91,1.0
45,Brooklyn,2025-04,2799.5,2645.43,1.0
45,Brooklyn,2025-05,2877.69,2666.02,1.0
45,Brooklyn,2025-06,2847.68,2664.17,1.0
45,Brooklyn,2025-07,2815.06,2689.28,1.0
45,Brooklyn,2025-08,2738.06,2714.55,1.0
45,Brooklyn,2025-09,2846.77,2756.14,1.0
45,Brooklyn,2025-10,2698.13,2784.78,1.0
45,Brooklyn,2025-11,2810.34,2755.04,1.0
45,Brooklyn,2025-12,2833.71,2760.33,1.0
45,Brooklyn,2026-01,2667.1,2729.41,1.0
45,Brooklyn,2026-02,2547.5,2764.96,1.0
45,Brooklyn,2026-03,2677.42,2754.79,1.0
45,Brooklyn,2026-04,2977.61,2751.33,1.0
45,Brooklyn,2026-05,3151.22,2746.14,1.0
45,Brooklyn,2026-06,2909.57,,1.0
46,Brooklyn,2017-01,2029.67,1469.47,1.0
46,Brooklyn,2017-02,1859.6,1531.75,1.0
46,Brooklyn,2017-03,1917.67,1536.95,1.0
46,Brooklyn,2017-04,1964.09,1568.68,1.0
46,Brooklyn,2017-05,2070.45,1535.36,1.0
46,Brooklyn,2017-06,2066.4,1523.76,1.0
46,Brooklyn,2017-07,2084.46,1523.66,1.0
46,Brooklyn,2017-08,2277.35,1551.74,1.0
46,Brooklyn,2017-09,2136.31,1570.04,1.0
46,Brooklyn,2017-10,2198.35,1591.08,1.0
46,Brooklyn,2017-11,2151.26,1599.82,1.0
46,Brooklyn,2017-12,2024.11,1594.84,1.0
46,Brooklyn,2018-01,2192.48,1535.62,1.0
46,Brooklyn,2018-02,2249.03,1537.84,1.0
46,Brooklyn,2018-03,2112.29,1561.16,1.0
46,Brooklyn,2018-04,2135.95,1597.97,1.0
46,Brooklyn,2018-05,2064.42,1620.12,1.0
46,Brooklyn,2018-06,2183.72,1645.72,1.0
46,Brooklyn,2018-07,2226.29,1673.59,1.0
46,Brooklyn,2018-08,2145.18,1671.4,1.0
46,Brooklyn,2018-09,2119.48,1652.89,1.0
46,Brooklyn,2018-10,2127.67,1651.24,1.0
46,Brooklyn,2018-11,2269.03,1636.57,1.0
46,Brooklyn,2018-12,2191.21,1585.3,1.0
46,Brooklyn,2019-01,2260.44,1563.81,1.0
46,Brooklyn,2019-02,2099.39,1564.51,1.0
46,Brooklyn,2019-03,2362.56,1631.92,1.0
46,Brooklyn,2019-04,2096.74,1643.77,1.0
46,Brooklyn,2019-05,1925.17,1680.1,1.0
46,Brooklyn,2019-06,2180.56,1671.19,1.0
46,Brooklyn,2019-07,2217.51,1684.2,1.0
46,Brooklyn,2019-08,2073.4,1675.88,1.0
46,Brooklyn,2019-09,2103.95,1704.85,1.0
46,Brooklyn,2019-10,2157.27,1722.67,1.0
46,Brooklyn,2019-11,2119.01,1754.23,1.0
46,Brooklyn,2019-12,2291.11,1716.07,1.0
46,Brooklyn,2020-01,2164.92,1687.63,1.0
46,Brooklyn,2020-02,2075.1,1654.28,1.0
46,Brooklyn,2020-03,2181.84,1689.16,1.0
46,Brooklyn,2020-04,2319.55,1720.2,1.0
46,Brooklyn,2020-05,1973.94,1716.29,1.0
46,Brooklyn,2020-06,2051.31,1690.48,1.0
46,Brooklyn,2020-07,2208.75,1696.1,1.0
46,Brooklyn,2020-08,2210.94,1707.75,1.0
46,Brooklyn,2020-09,3065.8,1679.38,1.0
46,Brooklyn,2020-10,2200.85,1671.98,1.0
46,Brooklyn,2020-11,2220.47,1661.19,1.0
46,Brooklyn,2020-12,2159.9,1693.82,1.0
46,Brooklyn,2021-01,2050.15,1698.33,1.0
46,Brooklyn,2021-02,2099.85,1706.68,1.0
46,Brooklyn,2021-03,1931.51,1698.34,1.0
46,Brooklyn,2021-04,1992.24,1679.5,1.0
46,Brooklyn,2021-05,2056.08,1688.61,1.0
46,Brooklyn,2021-06,2049.38,1702.64,1.0
46,Brooklyn,2021-07,2084.43,1720.69,1.0
46,Brooklyn,2021-08,1985.57,1739.01,1.0
46,Brooklyn,2021-09,2057.57,1748.42,1.0
46,Brooklyn,2021-10,3193.45,1790.01,1.0
46,Brooklyn,2021-11,3391.24,1806.71,1.0
46,Brooklyn,2021-12,2143.4,1818.22,1.0
46,Brooklyn,2022-01,2311.3,1858.56,1.0
46,Brooklyn,2022-02,2309.75,1824.19,1.0
46,Brooklyn,2022-03,2446.0,1854.41,1.0
46,Brooklyn,2022-04,2394.15,1828.27,1.0
46,Brooklyn,2022-05,2746.95,1877.44,1.0
46,Brooklyn,2022-06,2625.96,1879.33,1.0
46,Brooklyn,2022-07,2493.32,1891.28,1.0
46,Brooklyn,2022-08,2798.3,1908.72,1.0
46,Brooklyn,2022-09,2491.69,1965.74,1.0
46,Brooklyn,2022-10,2547.68,2013.3,1.0
46,Brooklyn,2022-11,2638.7,2030.33,1.0
46,Brooklyn,2022-12,2811.12,2037.21,1.0
46,Brooklyn,2023-01,2436.53,2028.1,1.0
46,Brooklyn,2023-02,2552.67,2085.87,1.0
46,Brooklyn,2023-03,2451.84,2085.21,1.0
46,Brooklyn,2023-04,2556.33,2062.02,1.0
46,Brooklyn,2023-05,2427.28,2012.42,1.0
46,Brooklyn,2023-06,2544.17,2003.0,1.0
46,Brooklyn,2023-07,2772.51,2082.3,1.0
46,Brooklyn,2023-08,2639.03,2091.67,1.0
46,Brooklyn,2023-09,2680.08,2174.01,1.0
46,Brooklyn,2023-10,2863.32,2158.17,1.0
46,Brooklyn,2023-11,2646.46,2257.02,1.0
46,Brooklyn,2023-12,2618.57,2223.43,1.0
46,Brooklyn,2024-01,2541.67,2231.7,1.0
46,Brooklyn,2024-02,2669.37,2241.65,1.0
46,Brooklyn,2024-03,2755.03,2222.57,1.0
46,Brooklyn,2024-04,2781.66,2274.56,1.0
46,Brooklyn,2024-05,2665.8,2206.58,1.0
46,Brooklyn,2024-06,3188.86,2255.41,1.0
46,Brooklyn,2024-07,2614.96,2246.34,1.0
46,Brooklyn,2024-08,2820.17,2269.97,1.0
46,Brooklyn,2024-09,2733.84,2252.78,1.0
46,Brooklyn,2024-10,2965.53,2264.81,1.0
46,Brooklyn,2024-11,3312.72,2303.46,1.0
46,Brooklyn,2024-12,3037.65,2082.98,1.0
46,Brooklyn,2025-01,3050.85,2095.46,1.0
46,Brooklyn,2025-02,2685.08,2087.11,1.0
46,Brooklyn,2025-03,2574.13,2093.59,1.0
46,Brooklyn,2025-04,2684.91,2137.27,1.0
46,Brooklyn,2025-05,2696.91,2119.46,1.0
46,Brooklyn,2025-06,2645.02,2054.68,1.0
46,Brooklyn,2025-07,4794.58,2085.74,1.0
46,Brooklyn,2025-08,3425.77,2332.89,1.0
46,Brooklyn,2025-09,2959.01,2402.65,1.0
46,Brooklyn,2025-10,2781.15,2398.53,1.0
46,Brooklyn,2025-11,3012.35,2380.93,1.0
46,Brooklyn,2025-12,3204.71,2423.28,1.0
46,Brooklyn,2026-01,2923.74,2466.36,1.0
46,Brooklyn,2026-02,2799.54,2583.02,1.0
46,Brooklyn,2026-03,2940.59,2597.66,1.0
46,Brooklyn,2026-04,3172.65,2627.43,1.0
46,Brooklyn,2026-05,3037.42,2510.21,1.0
46,Brooklyn,2026-06,2949.35,,1.0
47,Brooklyn,2017-01,1991.01,2092.88,1.0
47,Brooklyn,2017-02,2063.43,2087.8,1.0
47,Brooklyn,2017-03,1929.18,2064.93,1.0
47,Brooklyn,2017-04,1930.14,2026.77,1.0
47,Brooklyn,2017-05,1928.77,2016.05,1.0
47,Brooklyn,2017-06,1942.56,2040.75,1.0
47,Brooklyn,2017-07,1943.3,2098.94,1.0
47,Brooklyn,2017-08,1870.66,2127.5,1.0
47,Brooklyn,2017-09,1965.29,2135.34,1.0
47,Brooklyn,2017-10,1920.54,2106.76,1.0
47,Brooklyn,2017-11,1905.38,2073.92,1.0
47,Brooklyn,2017-12,1898.28,2056.77,1.0
47,Brooklyn,2018-01,2230.76,1853.43,1.0
47,Brooklyn,2018-02,1947.54,1863.01,1.0
47,Brooklyn,2018-03,1863.45,1894.66,1.0
47,Brooklyn,2018-04,2028.14,1912.77,1.0
47,Brooklyn,2018-05,2046.98,1920.71,1.0
47,Brooklyn,2018-06,1968.69,1917.92,1.0
47,Brooklyn,2018-07,1911.47,1894.57,1.0
47,Brooklyn,2018-08,1998.48,1901.73,1.0
47,Brooklyn,2018-09,1906.65,1942.78,1.0
47,Brooklyn,2018-10,2053.99,1968.24,1.0
47,Brooklyn,2018-11,1921.27,1955.05,1.0
47,Brooklyn,2018-12,1958.17,1912.24,1.0
47,Brooklyn,2019-01,1881.47,1928.73,1.0
47,Brooklyn,2019-02,1979.56,1950.46,1.0
47,Brooklyn,2019-03,1957.26,1932.02,1.0
47,Brooklyn,2019-04,1931.66,1953.89,1.0
47,Brooklyn,2019-05,1873.25,1950.68,1.0
47,Brooklyn,2019-06,1823.83,1951.96,1.0
47,Brooklyn,2019-07,2025.55,1959.06,1.0
47,Brooklyn,2019-08,1947.31,1961.27,1.0
47,Brooklyn,2019-09,1994.17,1970.64,1.0
47,Brooklyn,2019-10,1975.04,1969.65,1.0
47,Brooklyn,2019-11,2017.1,1978.0,1.0
47,Brooklyn,2019-12,1991.28,1987.4,1.0
47,Brooklyn,2020-01,2205.63,1975.62,1.0
47,Brooklyn,2020-02,2202.74,1989.87,1.0
47,Brooklyn,2020-03,2265.68,1994.74,1.0
47,Brooklyn,2020-04,2059.13,1976.52,1.0
47,Brooklyn,2020-05,1850.33,1964.36,1.0
47,Brooklyn,2020-06,1895.4,1952.64,1.0
47,Brooklyn,2020-07,1963.87,1957.66,1.0
47,Brooklyn,2020-08,2049.79,1975.52,1.0
47,Brooklyn,2020-09,2042.78,1977.92,1.0
47,Brooklyn,2020-10,2034.85,1971.54,1.0
47,Brooklyn,2020-11,1805.18,1952.85,1.0
47,Brooklyn,2020-12,1972.18,1951.39,1.0
47,Brooklyn,2021-01,1966.95,1956.56,1.0
47,Brooklyn,2021-02,1868.66,1966.97,1.0
47,Brooklyn,2021-03,1947.33,1960.88,1.0
47,Brooklyn,2021-04,1942.59,1963.99,1.0
47,Brooklyn,2021-05,1873.34,1965.18,1.0
47,Brooklyn,2021-06,1878.34,1974.5,1.0
47,Brooklyn,2021-07,1895.98,1981.13,1.0
47,Brooklyn,2021-08,1924.32,2002.05,1.0
47,Brooklyn,2021-09,1925.25,2020.63,1.0
47,Brooklyn,2021-10,1928.23,2042.95,1.0
47,Brooklyn,2021-11,1980.07,2046.64,1.0
47,Brooklyn,2021-12,1908.52,2058.53,1.0
47,Brooklyn,2022-01,2005.78,2059.47,1.0
47,Brooklyn,2022-02,1981.05,2066.74,1.0
47,Brooklyn,2022-03,2029.76,2080.13,1.0
47,Brooklyn,2022-04,2097.78,2083.58,1.0
47,Brooklyn,2022-05,2108.2,2109.52,1.0
47,Brooklyn,2022-06,2234.23,2120.14,1.0
47,Brooklyn,2022-07,2037.25,2166.93,1.0
47,Brooklyn,2022-08,2219.13,2196.15,1.0
47,Brooklyn,2022-09,2350.45,2217.51,1.0
47,Brooklyn,2022-10,2288.1,2236.07,1.0
47,Brooklyn,2022-11,2371.91,2227.8,1.0
47,Brooklyn,2022-12,2371.2,2242.48,1.0
47,Brooklyn,2023-01,2434.55,2250.9,1.0
47,Brooklyn,2023-02,2431.46,2283.07,1.0
47,Brooklyn,2023-03,2232.45,2286.15,1.0
47,Brooklyn,2023-04,2223.64,2278.01,1.0
47,Brooklyn,2023-05,2342.54,2290.66,1.0
47,Brooklyn,2023-06,2425.67,2310.92,1.0
47,Brooklyn,2023-07,2427.9,2349.08,1.0
47,Brooklyn,2023-08,2498.05,2341.38,1.0
47,Brooklyn,2023-09,2625.69,2361.13,1.0
47,Brooklyn,2023-10,2546.56,2361.95,1.0
47,Brooklyn,2023-11,2454.22,2361.79,1.0
47,Brooklyn,2023-12,2555.05,2343.21,1.0
47,Brooklyn,2024-01,2628.16,2361.91,1.0
47,Brooklyn,2024-02,3025.99,2400.89,1.0
47,Brooklyn,2024-03,2569.06,2427.06,1.0
47,Brooklyn,2024-04,2646.83,2439.46,1.0
47,Brooklyn,2024-05,2670.75,2452.92,1.0
47,Brooklyn,2024-06,2726.81,2464.17,1.0
47,Brooklyn,2024-07,2754.3,2467.71,1.0
47,Brooklyn,2024-08,2690.77,2471.26,1.0
47,Brooklyn,2024-09,2621.23,2690.41,1.0
47,Brooklyn,2024-10,2486.04,2678.01,1.0
47,Brooklyn,2024-11,2474.66,2679.14,1.0
47,Brooklyn,2024-12,2747.42,2511.73,1.0
47,Brooklyn,2025-01,2657.18,2655.98,1.0
47,Brooklyn,2025-02,2839.47,2638.89,1.0
47,Brooklyn,2025-03,2745.05,2676.06,1.0
47,Brooklyn,2025-04,2713.95,2707.44,1.0
47,Brooklyn,2025-05,2658.26,2755.41,1.0
47,Brooklyn,2025-06,2628.51,2791.82,1.0
47,Brooklyn,2025-07,2655.83,2811.56,1.0
47,Brooklyn,2025-08,2882.43,2846.52,1.0
47,Brooklyn,2025-09,2701.37,2820.2,1.0
47,Brooklyn,2025-10,2805.25,2837.26,1.0
47,Brooklyn,2025-11,2811.54,2823.21,1.0
47,Brooklyn,2025-12,2857.15,2835.49,1.0
47,Brooklyn,2026-01,2907.34,2813.63,1.0
47,Brooklyn,2026-02,2830.23,2825.78,1.0
47,Brooklyn,2026-03,2563.6,2851.13,1.0
47,Brooklyn,2026-04,2861.57,2846.06,1.0
47,Brooklyn,2026-05,2791.17,2850.39,1.0
47,Brooklyn,2026-06,2979.15,,1.0
48,Brooklyn,2017-01,2099.58,1827.52,1.0
48,Brooklyn,2017-02,1959.91,1853.14,1.0
48,Brooklyn,2017-03,1868.42,1846.33,1.0
48,Brooklyn,2017-04,1837.22,1841.74,1.0
48,Brooklyn,2017-05,2055.4,1821.41,1.0
48,Brooklyn,2017-06,2143.8,1828.07,1.0
48,Brooklyn,2017-07,2073.5,1857.35,1.0
48,Brooklyn,2017-08,2715.74,1883.13,1.0
48,Brooklyn,2017-09,2332.0,1895.64,1.0
48,Brooklyn,2017-10,2323.0,1893.04,1.0
48,Brooklyn,2017-11,2370.02,1880.86,1.0
48,Brooklyn,2017-12,1943.72,1875.81,1.0
48,Brooklyn,2018-01,2315.74,1839.13,1.0
48,Brooklyn,2018-02,2204.93,1854.92,1.0
48,Brooklyn,2018-03,1879.7,1876.47,1.0
48,Brooklyn,2018-04,2009.47,1909.44,1.0
48,Brooklyn,2018-05,1888.36,1917.0,1.0
48,Brooklyn,2018-06,1993.04,1925.17,1.0
48,Brooklyn,2018-07,1960.79,1939.04,1.0
48,Brooklyn,2018-08,2087.91,1940.62,1.0
48,Brooklyn,2018-09,1836.27,1931.39,1.0
48,Brooklyn,2018-10,2074.25,1928.12,1.0
48,Brooklyn,2018-11,2087.57,1920.1,1.0
48,Brooklyn,2018-12,2008.09,1885.92,1.0
48,Brooklyn,2019-01,1950.81,1882.31,1.0
48,Brooklyn,2019-02,1982.68,1884.96,1.0
48,Brooklyn,2019-03,2692.02,1938.15,1.0
48,Brooklyn,2019-04,1965.66,1948.73,1.0
48,Brooklyn,2019-05,2008.47,1977.68,1.0
48,Brooklyn,2019-06,2008.88,1979.12,1.0
48,Brooklyn,2019-07,2062.59,1985.9,1.0
48,Brooklyn,2019-08,1919.67,1990.12,1.0
48,Brooklyn,2019-09,2129.79,2018.71,1.0
48,Brooklyn,2019-10,2067.14,2036.16,1.0
48,Brooklyn,2019-11,2111.67,2059.3,1.0
48,Brooklyn,2019-12,2191.5,2016.2,1.0
48,Brooklyn,2020-01,2144.63,2006.62,1.0
48,Brooklyn,2020-02,1994.06,1994.74,1.0
48,Brooklyn,2020-03,1994.59,2015.62,1.0
48,Brooklyn,2020-04,2299.24,2025.99,1.0
48,Brooklyn,2020-05,1956.54,2018.78,1.0
48,Brooklyn,2020-06,2116.59,2011.62,1.0
48,Brooklyn,2020-07,1919.43,2003.29,1.0
48,Brooklyn,2020-08,1969.13,2006.03,1.0
48,Brooklyn,2020-09,1893.06,1986.14,1.0
48,Brooklyn,2020-10,1876.34,1980.96,1.0
48,Brooklyn,2020-11,2020.24,1948.24,1.0
48,Brooklyn,2020-12,2061.25,1952.92,1.0
48,Brooklyn,2021-01,1925.02,1930.81,1.0
48,Brooklyn,2021-02,1897.7,1937.13,1.0
48,Brooklyn,2021-03,1834.63,1953.07,1.0
48,Brooklyn,2021-04,1821.28,1962.97,1.0
48,Brooklyn,2021-05,1905.18,1994.02,1.0
48,Brooklyn,2021-06,1824.3,1995.42,1.0
48,Brooklyn,2021-07,1837.4,2029.07,1.0
48,Brooklyn,2021-08,1849.29,2052.5,1.0
48,Brooklyn,2021-09,2167.26,2075.28,1.0
48,Brooklyn,2021-10,1877.27,2091.89,1.0
48,Brooklyn,2021-11,2112.99,2082.07,1.0
48,Brooklyn,2021-12,2354.88,2092.2,1.0
48,Brooklyn,2022-01,2437.79,2117.68,1.0
48,Brooklyn,2022-02,2563.64,2140.74,1.0
48,Brooklyn,2022-03,2579.27,2173.97,1.0
48,Brooklyn,2022-04,2572.42,2143.34,1.0
48,Brooklyn,2022-05,2624.42,2160.32,1.0
48,Brooklyn,2022-06,2191.83,2170.63,1.0
48,Brooklyn,2022-07,2167.69,2224.64,1.0
48,Brooklyn,2022-08,2143.58,2248.88,1.0
48,Brooklyn,2022-09,2182.57,2286.21,1.0
48,Brooklyn,2022-10,2303.74,2328.45,1.0
48,Brooklyn,2022-11,2485.89,2361.76,1.0
48,Brooklyn,2022-12,2557.04,2351.35,1.0
48,Brooklyn,2023-01,2463.6,2339.25,1.0
48,Brooklyn,2023-02,2851.22,2371.96,1.0
48,Brooklyn,2023-03,2397.85,2391.54,1.0
48,Brooklyn,2023-04,2332.08,2394.07,1.0
48,Brooklyn,2023-05,2517.51,2357.92,1.0
48,Brooklyn,2023-06,2609.1,2368.8,1.0
48,Brooklyn,2023-07,2482.66,2407.78,1.0
48,Brooklyn,2023-08,2635.27,2403.92,1.0
48,Brooklyn,2023-09,2711.82,2439.2,1.0
48,Brooklyn,2023-10,3042.33,2427.98,1.0
48,Brooklyn,2023-11,2921.19,2496.56,1.0
48,Brooklyn,2023-12,2949.82,2459.11,1.0
48,Brooklyn,2024-01,2778.03,2483.06,1.0
48,Brooklyn,2024-02,2623.62,2496.32,1.0
48,Brooklyn,2024-03,2464.96,2508.48,1.0
48,Brooklyn,2024-04,2802.96,2528.74,1.0
48,Brooklyn,2024-05,2757.36,2519.29,1.0
48,Brooklyn,2024-06,4862.92,2565.52,1.0
48,Brooklyn,2024-07,2637.09,2574.38,1.0
48,Brooklyn,2024-08,2896.68,2570.67,1.0
48,Brooklyn,2024-09,2839.51,2589.25,1.0
48,Brooklyn,2024-10,2608.96,2584.28,1.0
48,Brooklyn,2024-11,2839.24,2612.21,1.0
48,Brooklyn,2024-12,2803.13,2590.21,1.0
48,Brooklyn,2025-01,2784.57,2618.99,1.0
48,Brooklyn,2025-02,2644.17,2573.22,1.0
48,Brooklyn,2025-03,2639.69,2593.5,1.0
48,Brooklyn,2025-04,2642.43,2591.29,1.0
48,Brooklyn,2025-05,2787.65,2612.49,1.0
48,Brooklyn,2025-06,2926.2,2659.7,1.0
48,Brooklyn,2025-07,2660.81,2667.8,1.0
48,Brooklyn,2025-08,4948.83,2720.25,1.0
48,Brooklyn,2025-09,3096.95,2723.74,1.0
48,Brooklyn,2025-10,3058.56,2779.36,1.0
48,Brooklyn,2025-11,3190.4,2786.75,1.0
48,Brooklyn,2025-12,3676.37,2803.58,1.0
48,Brooklyn,2026-01,3457.68,2774.99,1.0
48,Brooklyn,2026-02,3360.2,2800.87,1.0
48,Brooklyn,2026-03,3306.62,2803.57,1.0
48,Brooklyn,2026-04,3514.85,2821.42,1.0
48,Brooklyn,2026-05,3080.09,2790.95,1.0
48,Brooklyn,2026-06,3396.67,,1.0
49,Staten Island,2017-01,,,
49,Staten Island,2017-02,,,
49,Staten Island,2017-03,,,
49,Staten Island,2017-04,,,
49,Staten Island,2017-05,,,
49,Staten Island,2017-06,,,
49,Staten Island,2017-07,,,
49,Staten Island,2017-08,,,
49,Staten Island,2017-09,,,
49,Staten Island,2017-10,,,
49,Staten Island,2017-11,,,
49,Staten Island,2017-12,,,
49,Staten Island,2018-01,,,
49,Staten Island,2018-02,,,
49,Staten Island,2018-03,,,
49,Staten Island,2018-04,,,
49,Staten Island,2018-05,,,
49,Staten Island,2018-06,,,
49,Staten Island,2018-07,,,
49,Staten Island,2018-08,,,
49,Staten Island,2018-09,,,
49,Staten Island,2018-10,,,
49,Staten Island,2018-11,,,
49,Staten Island,2018-12,,,
49,Staten Island,2019-01,,,
49,Staten Island,2019-02,,,
49,Staten Island,2019-03,,,
49,Staten Island,2019-04,,,
49,Staten Island,2019-05,,,
49,Staten Island,2019-06,,,
49,Staten Island,2019-07,,,
49,Staten Island,2019-08,,,
49,Staten Island,2019-09,,,
49,Staten Island,2019-10,,,
49,Staten Island,2019-11,,,
49,Staten Island,2019-12,,,
49,Staten Island,2020-01,,,
49,Staten Island,2020-02,,,
49,Staten Island,2020-03,,,
49,Staten Island,2020-04,,,
49,Staten Island,2020-05,,,
49,Staten Island,2020-06,,,
49,Staten Island,2020-07,,,
49,Staten Island,2020-08,,1846.41,
49,Staten Island,2020-09,,1894.16,
49,Staten Island,2020-10,,1868.25,
49,Staten Island,2020-11,,1892.94,
49,Staten Island,2020-12,,1856.93,
49,Staten Island,2021-01,,1925.32,
49,Staten Island,2021-02,,1899.09,
49,Staten Island,2021-03,,1942.03,
49,Staten Island,2021-04,,1928.72,
49,Staten Island,2021-05,,1957.75,
49,Staten Island,2021-06,,1975.72,
49,Staten Island,2021-07,,1993.22,
49,Staten Island,2021-08,,1971.67,
49,Staten Island,2021-09,,1977.22,
49,Staten Island,2021-10,,1987.49,
49,Staten Island,2021-11,,2039.5,
49,Staten Island,2021-12,,2035.36,
49,Staten Island,2022-01,,2026.38,
49,Staten Island,2022-02,,2028.34,
49,Staten Island,2022-03,,2052.21,
49,Staten Island,2022-04,,2231.99,
49,Staten Island,2022-05,,2254.96,
49,Staten Island,2022-06,,2237.38,
49,Staten Island,2022-07,,2255.98,
49,Staten Island,2022-08,,2238.25,
49,Staten Island,2022-09,,2237.61,
49,Staten Island,2022-10,,2235.11,
49,Staten Island,2022-11,,2224.67,
49,Staten Island,2022-12,,2242.59,
49,Staten Island,2023-01,,2249.6,
49,Staten Island,2023-02,,2224.38,
49,Staten Island,2023-03,,2248.15,
49,Staten Island,2023-04,,2279.6,
49,Staten Island,2023-05,,2324.42,
49,Staten Island,2023-06,,2338.59,
49,Staten Island,2023-07,,2347.85,
49,Staten Island,2023-08,,2343.56,
49,Staten Island,2023-09,,2372.7,
49,Staten Island,2023-10,,2352.53,
49,Staten Island,2023-11,,2401.22,
49,Staten Island,2023-12,,2348.56,
49,Staten Island,2024-01,,2365.15,
49,Staten Island,2024-02,,2395.67,
49,Staten Island,2024-03,,2439.85,
49,Staten Island,2024-04,,2504.62,
49,Staten Island,2024-05,,2529.01,
49,Staten Island,2024-06,,2551.37,
49,Staten Island,2024-07,,2543.67,
49,Staten Island,2024-08,,2567.54,
49,Staten Island,2024-09,,2523.3,
49,Staten Island,2024-10,,2531.26,
49,Staten Island,2024-11,,2523.14,
49,Staten Island,2024-12,,2596.18,
49,Staten Island,2025-01,,2638.73,
49,Staten Island,2025-02,,2703.72,
49,Staten Island,2025-03,,2698.93,
49,Staten Island,2025-04,,2725.18,
49,Staten Island,2025-05,,2717.13,
49,Staten Island,2025-06,,2757.86,
49,Staten Island,2025-07,,2725.43,
49,Staten Island,2025-08,,2722.9,
49,Staten Island,2025-09,,2710.61,
49,Staten Island,2025-10,,2689.11,
49,Staten Island,2025-11,,2623.29,
49,Staten Island,2025-12,,2641.78,
49,Staten Island,2026-01,,2647.52,
49,Staten Island,2026-02,,2856.35,
49,Staten Island,2026-03,,2592.75,
49,Staten Island,2026-04,,2713.42,
49,Staten Island,2026-05,,2922.12,
50,Staten Island,2017-01,2148.55,,1.0
50,Staten Island,2017-02,2015.11,,1.0
50,Staten Island,2017-03,1948.87,,1.0
50,Staten Island,2017-04,1939.55,,1.0
50,Staten Island,2017-05,1946.62,,1.0
50,Staten Island,2017-06,1989.55,,1.0
50,Staten Island,2017-07,2000.0,,1.0
50,Staten Island,2017-08,1873.62,,1.0
50,Staten Island,2017-09,1913.81,,1.0
50,Staten Island,2017-10,1897.33,,1.0
50,Staten Island,2017-11,1994.69,,1.0
50,Staten Island,2017-12,1979.64,,1.0
50,Staten Island,2018-01,1994.21,1851.61,1.0
50,Staten Island,2018-02,1995.0,1859.22,1.0
50,Staten Island,2018-03,1972.7,1894.78,1.0
50,Staten Island,2018-04,1998.18,1918.36,1.0
50,Staten Island,2018-05,2017.44,1922.1,1.0
50,Staten Island,2018-06,1939.34,1914.95,1.0
50,Staten Island,2018-07,1801.28,1886.18,1.0
50,Staten Island,2018-08,1820.09,1900.95,1.0
50,Staten Island,2018-09,1825.48,1954.48,1.0
50,Staten Island,2018-10,1908.1,1987.75,1.0
50,Staten Island,2018-11,1896.45,1971.04,1.0
50,Staten Island,2018-12,1842.34,1915.17,1.0
50,Staten Island,2019-01,1807.87,1904.28,1.0
50,Staten Island,2019-02,1790.89,1920.41,1.0
50,Staten Island,2019-03,1872.73,1924.13,1.0
50,Staten Island,2019-04,1778.29,1956.35,1.0
50,Staten Island,2019-05,1811.47,1964.73,1.0
50,Staten Island,2019-06,1861.52,1967.81,1.0
50,Staten Island,2019-07,1907.74,1970.43,1.0
50,Staten Island,2019-08,1884.14,1971.9,1.0
50,Staten Island,2019-09,1863.57,1990.55,1.0
50,Staten Island,2019-10,1920.9,1984.82,1.0
50,Staten Island,2019-11,1921.92,2002.39,1.0
50,Staten Island,2019-12,1885.75,2001.87,1.0
50,Staten Island,2020-01,1885.49,1981.24,1.0
50,Staten Island,2020-02,1977.97,2001.02,1.0
50,Staten Island,2020-03,1992.6,2003.55,1.0
50,Staten Island,2020-04,2140.26,2006.11,1.0
50,Staten Island,2020-05,1773.63,1953.33,1.0
50,Staten Island,2020-06,1977.97,1961.89,1.0
50,Staten Island,2020-07,1946.62,1970.01,1.0
50,Staten Island,2020-08,2019.61,1869.95,1.0
50,Staten Island,2020-09,1890.32,1908.64,1.0
50,Staten Island,2020-10,1841.31,1865.43,1.0
50,Staten Island,2020-11,1849.35,1879.57,1.0
50,Staten Island,2020-12,1793.79,1861.95,1.0
50,Staten Island,2021-01,1737.52,1905.56,1.0
50,Staten Island,2021-02,1777.33,1887.04,1.0
50,Staten Island,2021-03,1810.45,1956.07,1.0
50,Staten Island,2021-04,1802.25,1957.79,1.0
50,Staten Island,2021-05,1804.46,1998.97,1.0
50,Staten Island,2021-06,1838.85,2024.2,1.0
50,Staten Island,2021-07,1744.21,2088.59,1.0
50,Staten Island,2021-08,1836.01,2062.82,1.0
50,Staten Island,2021-09,1816.66,2081.39,1.0
50,Staten Island,2021-10,1808.11,2066.8,1.0
50,Staten Island,2021-11,1815.11,2100.58,1.0
50,Staten Island,2021-12,1808.47,2099.83,1.0
50,Staten Island,2022-01,1796.62,2089.83,1.0
50,Staten Island,2022-02,1738.58,2089.91,1.0
50,Staten Island,2022-03,1915.11,2115.16,1.0
50,Staten Island,2022-04,1951.28,2143.73,1.0
50,Staten Island,2022-05,2042.11,2172.18,1.0
50,Staten Island,2022-06,2040.67,2177.48,1.0
50,Staten Island,2022-07,1992.11,2190.51,1.0
50,Staten Island,2022-08,2101.51,2186.34,1.0
50,Staten Island,2022-09,2208.35,2243.31,1.0
50,Staten Island,2022-10,2168.8,2274.37,1.0
50,Staten Island,2022-11,2032.78,2313.19,1.0
50,Staten Island,2022-12,2037.6,2304.78,1.0
50,Staten Island,2023-01,2061.08,2327.72,1.0
50,Staten Island,2023-02,2185.78,2269.22,1.0
50,Staten Island,2023-03,2107.51,2271.92,1.0
50,Staten Island,2023-04,2100.0,2266.12,1.0
50,Staten Island,2023-05,2317.35,2294.65,1.0
50,Staten Island,2023-06,2177.15,2319.98,1.0
50,Staten Island,2023-07,2216.62,2342.81,1.0
50,Staten Island,2023-08,2340.83,2357.34,1.0
50,Staten Island,2023-09,2489.17,2385.46,1.0
50,Staten Island,2023-10,2382.09,2396.63,1.0
50,Staten Island,2023-11,2355.94,2412.64,1.0
50,Staten Island,2023-12,2355.94,2342.18,1.0
50,Staten Island,2024-01,2317.84,2344.67,1.0
50,Staten Island,2024-02,2214.69,2397.2,1.0
50,Staten Island,2024-03,2273.29,2467.17,1.0
50,Staten Island,2024-04,2409.86,2500.35,1.0
50,Staten Island,2024-05,2274.06,2496.26,1.0
50,Staten Island,2024-06,2144.69,2510.78,1.0
50,Staten Island,2024-07,2237.43,2533.56,1.0
50,Staten Island,2024-08,2291.58,2625.71,1.0
50,Staten Island,2024-09,2421.05,2604.8,1.0
50,Staten Island,2024-10,2271.05,2614.16,1.0
50,Staten Island,2024-11,2176.84,2512.51,1.0
50,Staten Island,2024-12,2448.55,2585.24,1.0
50,Staten Island,2025-01,2289.7,2646.11,1.0
50,Staten Island,2025-02,2273.78,2664.01,1.0
50,Staten Island,2025-03,2192.09,2644.69,1.0
50,Staten Island,2025-04,2268.33,2648.58,1.0
50,Staten Island,2025-05,2276.33,2660.77,1.0
50,Staten Island,2025-06,2314.04,2681.21,1.0
50,Staten Island,2025-07,2402.56,2695.57,1.0
50,Staten Island,2025-08,2434.08,2668.12,1.0
50,Staten Island,2025-09,2345.49,2674.48,1.0
50,Staten Island,2025-10,2307.39,2674.82,1.0
50,Staten Island,2025-11,2264.46,2730.4,1.0
50,Staten Island,2025-12,2275.78,2754.14,1.0
50,Staten Island,2026-01,2289.93,2780.43,1.0
50,Staten Island,2026-02,2270.57,2764.24,1.0
50,Staten Island,2026-03,2285.12,2733.83,1.0
50,Staten Island,2026-04,2354.97,2747.29,1.0
50,Staten Island,2026-05,2330.46,2790.32,1.0
50,Staten Island,2026-06,2379.73,,1.0
51,Staten Island,2017-01,,,
51,Staten Island,2017-02,,,
51,Staten Island,2017-03,,,
51,Staten Island,2017-04,,,
51,Staten Island,2017-05,,,
51,Staten Island,2017-06,,,
51,Staten Island,2017-07,,,
51,Staten Island,2017-08,,,
51,Staten Island,2017-09,,,
51,Staten Island,2017-10,,,
51,Staten Island,2017-11,,,
51,Staten Island,2017-12,,,
51,Staten Island,2018-01,,,
51,Staten Island,2018-02,,,
51,Staten Island,2018-03,,,
51,Staten Island,2018-04,,,
51,Staten Island,2018-05,,,
51,Staten Island,2018-06,,,
51,Staten Island,2018-07,,,
51,Staten Island,2018-08,,,
51,Staten Island,2018-09,,,
51,Staten Island,2018-10,,,
51,Staten Island,2018-11,,,
51,Staten Island,2018-12,,,
51,Staten Island,2019-01,,,
51,Staten Island,2019-02,,,
51,Staten Island,2019-03,,,
51,Staten Island,2019-04,,,
51,Staten Island,2019-05,,,
51,Staten Island,2019-06,,,
51,Staten Island,2019-07,,,
51,Staten Island,2019-08,,,
51,Staten Island,2019-09,,,
51,Staten Island,2019-10,,,
51,Staten Island,2019-11,,,
51,Staten Island,2019-12,,,
51,Staten Island,2020-01,,,
51,Staten Island,2020-02,,,
51,Staten Island,2020-03,,,
51,Staten Island,2020-04,,,
51,Staten Island,2020-05,,,
51,Staten Island,2020-06,,,
51,Staten Island,2020-07,,,
51,Staten Island,2020-08,,,
51,Staten Island,2020-09,,,
51,Staten Island,2020-10,,,
51,Staten Island,2020-11,,,
51,Staten Island,2020-12,,,
51,Staten Island,2021-01,,,
51,Staten Island,2021-02,,,
51,Staten Island,2021-03,,1971.85,
51,Staten Island,2021-04,,1978.09,
51,Staten Island,2021-05,,2027.04,
51,Staten Island,2021-06,,2058.08,
51,Staten Island,2021-07,,2142.1,
51,Staten Island,2021-08,,2110.0,
51,Staten Island,2021-09,,2133.22,
51,Staten Island,2021-10,,1752.44,
51,Staten Island,2021-11,,1779.35,
51,Staten Island,2021-12,,1763.74,
51,Staten Island,2022-01,,1771.28,
51,Staten Island,2022-02,,1800.61,
51,Staten Island,2022-03,,1844.65,
51,Staten Island,2022-04,,1842.41,
51,Staten Island,2022-05,,1837.26,
51,Staten Island,2022-06,,1817.16,
51,Staten Island,2022-07,,1842.33,
51,Staten Island,2022-08,,1853.91,
51,Staten Island,2022-09,,1867.92,
51,Staten Island,2022-10,,1888.37,
51,Staten Island,2022-11,,1899.64,
51,Staten Island,2022-12,,1937.62,
51,Staten Island,2023-01,,2367.22,
51,Staten Island,2023-02,,1998.03,
51,Staten Island,2023-03,,1991.22,
51,Staten Island,2023-04,,1965.45,
51,Staten Island,2023-05,,1929.66,
51,Staten Island,2023-06,,1956.11,
51,Staten Island,2023-07,,1997.04,
51,Staten Island,2023-08,,2047.95,
51,Staten Island,2023-09,,2031.23,
51,Staten Island,2023-10,,2010.12,
51,Staten Island,2023-11,,2033.74,
51,Staten Island,2023-12,,2031.62,
51,Staten Island,2024-01,,2061.17,
51,Staten Island,2024-02,,2061.56,
51,Staten Island,2024-03,,2106.52,
51,Staten Island,2024-04,,2108.25,
51,Staten Island,2024-05,,2145.31,
51,Staten Island,2024-06,,2152.77,
51,Staten Island,2024-07,,2174.01,
51,Staten Island,2024-08,,2203.67,
51,Staten Island,2024-09,,2285.44,
51,Staten Island,2024-10,,2290.3,
51,Staten Island,2024-11,,2309.29,
51,Staten Island,2024-12,,2281.23,
51,Staten Island,2025-01,,2117.84,
51,Staten Island,2025-02,,2087.18,
51,Staten Island,2025-03,,2155.15,
51,Staten Island,2025-04,,2193.48,
51,Staten Island,2025-05,,2258.18,
51,Staten Island,2025-06,,2215.72,
51,Staten Island,2025-07,,2259.71,
51,Staten Island,2025-08,,2264.85,
51,Staten Island,2025-09,,2278.81,
51,Staten Island,2025-10,,2247.43,
51,Staten Island,2025-11,,2256.24,
51,Staten Island,2025-12,,2303.98,
51,Staten Island,2026-01,,2370.14,
51,Staten Island,2026-02,,2365.17,
51,Staten Island,2026-03,,2366.4,
51,Staten Island,2026-04,,2316.21,
51,Staten Island,2026-05,,2459.98,
